{"type":"FeatureCollection","features":[{"type":"Feature","id":"nyc-22859","geometry":{"type":"Point","coordinates":[-73.95845725894442,40.74431631365004]},"properties":{"id":"nyc-22859","intersection_label":"Center Boulevard & 49 Avenue","borough":"Queens","neighborhood":"Long Island City-Hunters Point","neighborhood_id":"QN0201","model_score":1.0,"heuristic_score":85.0,"severity_score":100,"school_zone":true,"pavement_marking_311_count_since_2020":0,"pedestrian_crash_count":1,"image_paint_score":0.9899,"paint_missing_ratio":1.0,"stripe_break_ratio":1.0,"contrast_score":0.0504,"priority_reason":"Why flagged for remaking in Long Island City-Hunters Point: ortho paint-missing ratio, stripe-break ratio.","top_features":[{"feature":"paint_missing_ratio","label":"ortho paint-missing ratio","contribution":1.2745,"direction":"raises priority"},{"feature":"stripe_break_ratio","label":"stripe-break ratio","contribution":1.1572,"direction":"raises priority"},{"feature":"occlusion_penalty","label":"ortho occlusion","contribution":-0.2087,"direction":"lowers priority"}],"matched_311_complaints":[],"google_maps_url":"https://www.google.com/maps?q=40.74431631365004,-73.95845725894442","image_url":"/images/nyc-22859.jpg","thumbnail_url":"/images/nyc-22859-thumb.jpg"}},{"type":"Feature","id":"nyc-41364","geometry":{"type":"Point","coordinates":[-73.93769681496373,40.74523857376825]},"properties":{"id":"nyc-41364","intersection_label":"Thomson Avenue & Skillman Avenue","borough":"Queens","neighborhood":"Long Island City-Hunters Point","neighborhood_id":"QN0201","model_score":1.0,"heuristic_score":97.0,"severity_score":100,"school_zone":false,"pavement_marking_311_count_since_2020":4,"pedestrian_crash_count":4,"image_paint_score":0.9893,"paint_missing_ratio":1.0,"stripe_break_ratio":1.0,"contrast_score":0.0535,"priority_reason":"Why flagged for remaking in Long Island City-Hunters Point: ortho paint-missing ratio, stripe-break ratio.","top_features":[{"feature":"paint_missing_ratio","label":"ortho paint-missing ratio","contribution":1.2745,"direction":"raises priority"},{"feature":"stripe_break_ratio","label":"stripe-break ratio","contribution":1.1572,"direction":"raises priority"},{"feature":"occlusion_penalty","label":"ortho occlusion","contribution":-0.2087,"direction":"lowers priority"}],"matched_311_complaints":[{"unique_key":"68424612","created_date":"2026-03-23T11:47:13.000","descriptor":"Line/Marking - Faded","incident_address":"29-10 THOMSON AVENUE","url":"https://data.cityofnewyork.us/resource/erm2-nwe9.json?$select=unique_key,created_date,closed_date,agency,agency_name,complaint_type,descriptor,location_type,incident_address,status,resolution_description&$where=unique_key=%2768424612%27"},{"unique_key":"67445037","created_date":"2026-01-10T00:41:15.000","descriptor":"Line/Marking - After Repaving","incident_address":"SKILLMAN AVENUE","url":"https://data.cityofnewyork.us/resource/erm2-nwe9.json?$select=unique_key,created_date,closed_date,agency,agency_name,complaint_type,descriptor,location_type,incident_address,status,resolution_description&$where=unique_key=%2767445037%27"},{"unique_key":"63061622","created_date":"2024-11-12T13:33:59.000","descriptor":"Line/Marking - After Repaving","incident_address":"29-10 THOMSON AVENUE","url":"https://data.cityofnewyork.us/resource/erm2-nwe9.json?$select=unique_key,created_date,closed_date,agency,agency_name,complaint_type,descriptor,location_type,incident_address,status,resolution_description&$where=unique_key=%2763061622%27"}],"google_maps_url":"https://www.google.com/maps?q=40.74523857376825,-73.93769681496373","image_url":"/images/nyc-41364.jpg","thumbnail_url":"/images/nyc-41364-thumb.jpg"}},{"type":"Feature","id":"nyc-21543","geometry":{"type":"Point","coordinates":[-73.98211061545365,40.767744476282736]},"properties":{"id":"nyc-21543","intersection_label":"Columbus Circle & 8 Avenue","borough":"Manhattan","neighborhood":"Midtown-Times Square","neighborhood_id":"MN0502","model_score":1.0,"heuristic_score":100.0,"severity_score":100,"school_zone":false,"pavement_marking_311_count_since_2020":6,"pedestrian_crash_count":3,"image_paint_score":0.9881,"paint_missing_ratio":1.0,"stripe_break_ratio":1.0,"contrast_score":0.0596,"priority_reason":"Why flagged for remaking in Midtown-Times Square: ortho paint-missing ratio, stripe-break ratio.","top_features":[{"feature":"paint_missing_ratio","label":"ortho paint-missing ratio","contribution":1.2745,"direction":"raises priority"},{"feature":"stripe_break_ratio","label":"stripe-break ratio","contribution":1.1572,"direction":"raises priority"},{"feature":"occlusion_penalty","label":"ortho occlusion","contribution":-0.2087,"direction":"lowers priority"}],"matched_311_complaints":[{"unique_key":"69177725","created_date":"2026-05-30T02:39:46.000","descriptor":"Line/Marking - Faded","incident_address":"COLUMBUS CIRCLE","url":"https://data.cityofnewyork.us/resource/erm2-nwe9.json?$select=unique_key,created_date,closed_date,agency,agency_name,complaint_type,descriptor,location_type,incident_address,status,resolution_description&$where=unique_key=%2769177725%27"},{"unique_key":"65628549","created_date":"2025-07-21T21:50:28.000","descriptor":"Line/Marking - Faded","incident_address":"COLUMBUS CIRCLE","url":"https://data.cityofnewyork.us/resource/erm2-nwe9.json?$select=unique_key,created_date,closed_date,agency,agency_name,complaint_type,descriptor,location_type,incident_address,status,resolution_description&$where=unique_key=%2765628549%27"},{"unique_key":"65503892","created_date":"2025-07-08T23:31:34.000","descriptor":"Line/Marking - Faded","incident_address":"COLUMBUS CIRCLE","url":"https://data.cityofnewyork.us/resource/erm2-nwe9.json?$select=unique_key,created_date,closed_date,agency,agency_name,complaint_type,descriptor,location_type,incident_address,status,resolution_description&$where=unique_key=%2765503892%27"}],"google_maps_url":"https://www.google.com/maps?q=40.767744476282736,-73.98211061545365","image_url":"/images/nyc-21543.jpg","thumbnail_url":"/images/nyc-21543-thumb.jpg"}},{"type":"Feature","id":"nyc-21147","geometry":{"type":"Point","coordinates":[-74.00198507565041,40.755781249644734]},"properties":{"id":"nyc-21147","intersection_label":"11 Avenue & West 34 Street","borough":"Manhattan","neighborhood":"Chelsea-Hudson Yards","neighborhood_id":"MN0401","model_score":1.0,"heuristic_score":91.0,"severity_score":100,"school_zone":false,"pavement_marking_311_count_since_2020":2,"pedestrian_crash_count":8,"image_paint_score":0.9841,"paint_missing_ratio":1.0,"stripe_break_ratio":1.0,"contrast_score":0.0794,"priority_reason":"Why flagged for remaking in Chelsea-Hudson Yards: ortho paint-missing ratio, stripe-break ratio.","top_features":[{"feature":"paint_missing_ratio","label":"ortho paint-missing ratio","contribution":1.2745,"direction":"raises priority"},{"feature":"stripe_break_ratio","label":"stripe-break ratio","contribution":1.1572,"direction":"raises priority"},{"feature":"occlusion_penalty","label":"ortho occlusion","contribution":-0.2087,"direction":"lowers priority"}],"matched_311_complaints":[{"unique_key":"57010831","created_date":"2023-03-10T14:52:29.000","descriptor":"Line/Marking - After Repaving","incident_address":"11 AVENUE","url":"https://data.cityofnewyork.us/resource/erm2-nwe9.json?$select=unique_key,created_date,closed_date,agency,agency_name,complaint_type,descriptor,location_type,incident_address,status,resolution_description&$where=unique_key=%2757010831%27"},{"unique_key":"50120333","created_date":"2021-03-26T23:13:09.000","descriptor":"Line/Marking - Faded","incident_address":"11 AVENUE","url":"https://data.cityofnewyork.us/resource/erm2-nwe9.json?$select=unique_key,created_date,closed_date,agency,agency_name,complaint_type,descriptor,location_type,incident_address,status,resolution_description&$where=unique_key=%2750120333%27"}],"google_maps_url":"https://www.google.com/maps?q=40.755781249644734,-74.00198507565041","image_url":"/images/nyc-21147.jpg","thumbnail_url":"/images/nyc-21147-thumb.jpg"}},{"type":"Feature","id":"nyc-41317","geometry":{"type":"Point","coordinates":[-73.93984203290024,40.750177851075804]},"properties":{"id":"nyc-41317","intersection_label":"27 Street & Queens Plaza South","borough":"Queens","neighborhood":"Long Island City-Hunters Point","neighborhood_id":"QN0201","model_score":1.0,"heuristic_score":97.0,"severity_score":100,"school_zone":true,"pavement_marking_311_count_since_2020":4,"pedestrian_crash_count":4,"image_paint_score":0.9836,"paint_missing_ratio":1.0,"stripe_break_ratio":0.9995,"contrast_score":0.081,"priority_reason":"Why flagged for remaking in Long Island City-Hunters Point: ortho paint-missing ratio, stripe-break ratio.","top_features":[{"feature":"paint_missing_ratio","label":"ortho paint-missing ratio","contribution":1.2745,"direction":"raises priority"},{"feature":"stripe_break_ratio","label":"stripe-break ratio","contribution":1.1566,"direction":"raises priority"},{"feature":"occlusion_penalty","label":"ortho occlusion","contribution":-0.2086,"direction":"lowers priority"}],"matched_311_complaints":[{"unique_key":"68473703","created_date":"2026-03-27T11:32:48.000","descriptor":"Line/Marking - Faded","incident_address":"27-00 QUEENS PLAZA SOUTH","url":"https://data.cityofnewyork.us/resource/erm2-nwe9.json?$select=unique_key,created_date,closed_date,agency,agency_name,complaint_type,descriptor,location_type,incident_address,status,resolution_description&$where=unique_key=%2768473703%27"},{"unique_key":"68435014","created_date":"2026-03-24T11:33:35.000","descriptor":"Line/Marking - Faded","incident_address":"27-26 QUEENS PLAZA SOUTH","url":"https://data.cityofnewyork.us/resource/erm2-nwe9.json?$select=unique_key,created_date,closed_date,agency,agency_name,complaint_type,descriptor,location_type,incident_address,status,resolution_description&$where=unique_key=%2768435014%27"},{"unique_key":"57852846","created_date":"2023-06-10T11:07:05.000","descriptor":"Line/Marking - Faded","incident_address":"27-26 QUEENS PLAZA SOUTH","url":"https://data.cityofnewyork.us/resource/erm2-nwe9.json?$select=unique_key,created_date,closed_date,agency,agency_name,complaint_type,descriptor,location_type,incident_address,status,resolution_description&$where=unique_key=%2757852846%27"}],"google_maps_url":"https://www.google.com/maps?q=40.750177851075804,-73.93984203290024","image_url":"/images/nyc-41317.jpg","thumbnail_url":"/images/nyc-41317-thumb.jpg"}},{"type":"Feature","id":"nyc-41369","geometry":{"type":"Point","coordinates":[-73.9391739970564,40.748277817481906]},"properties":{"id":"nyc-41369","intersection_label":"Jackson Avenue & 42 Road","borough":"Queens","neighborhood":"Long Island City-Hunters Point","neighborhood_id":"QN0201","model_score":1.0,"heuristic_score":91.0,"severity_score":100,"school_zone":true,"pavement_marking_311_count_since_2020":2,"pedestrian_crash_count":0,"image_paint_score":0.9817,"paint_missing_ratio":1.0,"stripe_break_ratio":1.0,"contrast_score":0.0917,"priority_reason":"Why flagged for remaking in Long Island City-Hunters Point: ortho paint-missing ratio, stripe-break ratio.","top_features":[{"feature":"paint_missing_ratio","label":"ortho paint-missing ratio","contribution":1.2745,"direction":"raises priority"},{"feature":"stripe_break_ratio","label":"stripe-break ratio","contribution":1.1572,"direction":"raises priority"},{"feature":"occlusion_penalty","label":"ortho occlusion","contribution":-0.2084,"direction":"lowers priority"}],"matched_311_complaints":[{"unique_key":"68444319","created_date":"2026-03-24T16:06:52.000","descriptor":"Line/Marking - Faded","incident_address":"28-01 JACKSON AVENUE","url":"https://data.cityofnewyork.us/resource/erm2-nwe9.json?$select=unique_key,created_date,closed_date,agency,agency_name,complaint_type,descriptor,location_type,incident_address,status,resolution_description&$where=unique_key=%2768444319%27"},{"unique_key":"62553527","created_date":"2024-09-24T14:11:09.000","descriptor":"Line/Marking - Faded","incident_address":"42 ROAD","url":"https://data.cityofnewyork.us/resource/erm2-nwe9.json?$select=unique_key,created_date,closed_date,agency,agency_name,complaint_type,descriptor,location_type,incident_address,status,resolution_description&$where=unique_key=%2762553527%27"}],"google_maps_url":"https://www.google.com/maps?q=40.748277817481906,-73.9391739970564","image_url":"/images/nyc-41369.jpg","thumbnail_url":"/images/nyc-41369-thumb.jpg"}},{"type":"Feature","id":"nyc-15274","geometry":{"type":"Point","coordinates":[-74.00860085390772,40.71139224026079]},"properties":{"id":"nyc-15274","intersection_label":"Broadway & Park Row","borough":"Manhattan","neighborhood":"Financial District-Battery Park City","neighborhood_id":"MN0101","model_score":1.0,"heuristic_score":84.0,"severity_score":100,"school_zone":false,"pavement_marking_311_count_since_2020":0,"pedestrian_crash_count":4,"image_paint_score":0.9807,"paint_missing_ratio":1.0,"stripe_break_ratio":1.0,"contrast_score":0.0963,"priority_reason":"Why flagged for remaking in Financial District-Battery Park City: ortho paint-missing ratio, stripe-break ratio.","top_features":[{"feature":"paint_missing_ratio","label":"ortho paint-missing ratio","contribution":1.2745,"direction":"raises priority"},{"feature":"stripe_break_ratio","label":"stripe-break ratio","contribution":1.1572,"direction":"raises priority"},{"feature":"occlusion_penalty","label":"ortho occlusion","contribution":-0.2087,"direction":"lowers priority"}],"matched_311_complaints":[],"google_maps_url":"https://www.google.com/maps?q=40.71139224026079,-74.00860085390772","image_url":"/images/nyc-15274.jpg","thumbnail_url":"/images/nyc-15274-thumb.jpg"}},{"type":"Feature","id":"nyc-15476","geometry":{"type":"Point","coordinates":[-74.0040590086517,40.71313478982554]},"properties":{"id":"nyc-15476","intersection_label":"Centre Street & Chambers Street","borough":"Manhattan","neighborhood":"Tribeca-Civic Center","neighborhood_id":"MN0102","model_score":1.0,"heuristic_score":87.0,"severity_score":100,"school_zone":true,"pavement_marking_311_count_since_2020":1,"pedestrian_crash_count":3,"image_paint_score":0.978,"paint_missing_ratio":1.0,"stripe_break_ratio":1.0,"contrast_score":0.11,"priority_reason":"Why flagged for remaking in Tribeca-Civic Center: ortho paint-missing ratio, stripe-break ratio.","top_features":[{"feature":"paint_missing_ratio","label":"ortho paint-missing ratio","contribution":1.2745,"direction":"raises priority"},{"feature":"stripe_break_ratio","label":"stripe-break ratio","contribution":1.1572,"direction":"raises priority"},{"feature":"occlusion_penalty","label":"ortho occlusion","contribution":-0.2087,"direction":"lowers priority"}],"matched_311_complaints":[{"unique_key":"55329209","created_date":"2022-09-07T08:56:19.000","descriptor":"Line/Marking - Faded","incident_address":"11 CENTRE STREET","url":"https://data.cityofnewyork.us/resource/erm2-nwe9.json?$select=unique_key,created_date,closed_date,agency,agency_name,complaint_type,descriptor,location_type,incident_address,status,resolution_description&$where=unique_key=%2755329209%27"}],"google_maps_url":"https://www.google.com/maps?q=40.71313478982554,-74.0040590086517","image_url":"/images/nyc-15476.jpg","thumbnail_url":"/images/nyc-15476-thumb.jpg"}},{"type":"Feature","id":"nyc-21409","geometry":{"type":"Point","coordinates":[-73.98979085328416,40.75723313094911]},"properties":{"id":"nyc-21409","intersection_label":"8 Avenue & West 42 Street","borough":"Manhattan","neighborhood":"Midtown-Times Square","neighborhood_id":"MN0502","model_score":1.0,"heuristic_score":87.0,"severity_score":100,"school_zone":false,"pavement_marking_311_count_since_2020":1,"pedestrian_crash_count":27,"image_paint_score":0.9777,"paint_missing_ratio":1.0,"stripe_break_ratio":1.0,"contrast_score":0.1115,"priority_reason":"Why flagged for remaking in Midtown-Times Square: ortho paint-missing ratio, stripe-break ratio.","top_features":[{"feature":"paint_missing_ratio","label":"ortho paint-missing ratio","contribution":1.2745,"direction":"raises priority"},{"feature":"stripe_break_ratio","label":"stripe-break ratio","contribution":1.1572,"direction":"raises priority"},{"feature":"occlusion_penalty","label":"ortho occlusion","contribution":-0.2087,"direction":"lowers priority"}],"matched_311_complaints":[{"unique_key":"51399335","created_date":"2021-08-02T01:04:53.000","descriptor":"Line/Marking - After Repaving","incident_address":"669 8 AVENUE","url":"https://data.cityofnewyork.us/resource/erm2-nwe9.json?$select=unique_key,created_date,closed_date,agency,agency_name,complaint_type,descriptor,location_type,incident_address,status,resolution_description&$where=unique_key=%2751399335%27"}],"google_maps_url":"https://www.google.com/maps?q=40.75723313094911,-73.98979085328416","image_url":"/images/nyc-21409.jpg","thumbnail_url":"/images/nyc-21409-thumb.jpg"}},{"type":"Feature","id":"nyc-21595","geometry":{"type":"Point","coordinates":[-73.99045325394208,40.77161224803425]},"properties":{"id":"nyc-21595","intersection_label":"West 59 Street & West End Avenue","borough":"Manhattan","neighborhood":"Upper West Side-Lincoln Square","neighborhood_id":"MN0701","model_score":1.0,"heuristic_score":87.0,"severity_score":100,"school_zone":true,"pavement_marking_311_count_since_2020":1,"pedestrian_crash_count":7,"image_paint_score":0.974,"paint_missing_ratio":1.0,"stripe_break_ratio":1.0,"contrast_score":0.1299,"priority_reason":"Why flagged for remaking in Upper West Side-Lincoln Square: ortho paint-missing ratio, stripe-break ratio.","top_features":[{"feature":"paint_missing_ratio","label":"ortho paint-missing ratio","contribution":1.2745,"direction":"raises priority"},{"feature":"stripe_break_ratio","label":"stripe-break ratio","contribution":1.1572,"direction":"raises priority"},{"feature":"occlusion_penalty","label":"ortho occlusion","contribution":-0.2087,"direction":"lowers priority"}],"matched_311_complaints":[{"unique_key":"61338031","created_date":"2024-06-01T15:07:49.000","descriptor":"Line/Marking - After Repaving","incident_address":"WEST   59 STREET","url":"https://data.cityofnewyork.us/resource/erm2-nwe9.json?$select=unique_key,created_date,closed_date,agency,agency_name,complaint_type,descriptor,location_type,incident_address,status,resolution_description&$where=unique_key=%2761338031%27"}],"google_maps_url":"https://www.google.com/maps?q=40.77161224803425,-73.99045325394208","image_url":"/images/nyc-21595.jpg","thumbnail_url":"/images/nyc-21595-thumb.jpg"}},{"type":"Feature","id":"nyc-21664","geometry":{"type":"Point","coordinates":[-73.98349614816739,40.776045861472134]},"properties":{"id":"nyc-21664","intersection_label":"Amsterdam Avenue & West 68 Street","borough":"Manhattan","neighborhood":"Upper West Side-Lincoln Square","neighborhood_id":"MN0701","model_score":1.0,"heuristic_score":87.0,"severity_score":100,"school_zone":true,"pavement_marking_311_count_since_2020":1,"pedestrian_crash_count":2,"image_paint_score":0.9725,"paint_missing_ratio":1.0,"stripe_break_ratio":0.999,"contrast_score":0.136,"priority_reason":"Why flagged for remaking in Upper West Side-Lincoln Square: ortho paint-missing ratio, stripe-break ratio.","top_features":[{"feature":"paint_missing_ratio","label":"ortho paint-missing ratio","contribution":1.2745,"direction":"raises priority"},{"feature":"stripe_break_ratio","label":"stripe-break ratio","contribution":1.1559,"direction":"raises priority"},{"feature":"occlusion_penalty","label":"ortho occlusion","contribution":-0.2087,"direction":"lowers priority"}],"matched_311_complaints":[{"unique_key":"65428489","created_date":"2025-07-01T11:54:31.000","descriptor":"Line/Marking - After Repaving","incident_address":"180 AMSTERDAM AVENUE","url":"https://data.cityofnewyork.us/resource/erm2-nwe9.json?$select=unique_key,created_date,closed_date,agency,agency_name,complaint_type,descriptor,location_type,incident_address,status,resolution_description&$where=unique_key=%2765428489%27"}],"google_maps_url":"https://www.google.com/maps?q=40.776045861472134,-73.98349614816739","image_url":"/images/nyc-21664.jpg","thumbnail_url":"/images/nyc-21664-thumb.jpg"}},{"type":"Feature","id":"nyc-21665","geometry":{"type":"Point","coordinates":[-73.98304666756233,40.776682676571305]},"properties":{"id":"nyc-21665","intersection_label":"Amsterdam Avenue & West 69 Street","borough":"Manhattan","neighborhood":"Upper West Side-Lincoln Square","neighborhood_id":"MN0701","model_score":1.0,"heuristic_score":84.0,"severity_score":100,"school_zone":true,"pavement_marking_311_count_since_2020":0,"pedestrian_crash_count":1,"image_paint_score":0.9725,"paint_missing_ratio":1.0,"stripe_break_ratio":1.0,"contrast_score":0.1375,"priority_reason":"Why flagged for remaking in Upper West Side-Lincoln Square: ortho paint-missing ratio, stripe-break ratio.","top_features":[{"feature":"paint_missing_ratio","label":"ortho paint-missing ratio","contribution":1.2745,"direction":"raises priority"},{"feature":"stripe_break_ratio","label":"stripe-break ratio","contribution":1.1572,"direction":"raises priority"},{"feature":"occlusion_penalty","label":"ortho occlusion","contribution":-0.2087,"direction":"lowers priority"}],"matched_311_complaints":[],"google_maps_url":"https://www.google.com/maps?q=40.776682676571305,-73.98304666756233","image_url":"/images/nyc-21665.jpg","thumbnail_url":"/images/nyc-21665-thumb.jpg"}},{"type":"Feature","id":"nyc-22570","geometry":{"type":"Point","coordinates":[-73.97493471220449,40.750099628269545]},"properties":{"id":"nyc-22570","intersection_label":"3 Avenue & East 41 Street","borough":"Manhattan","neighborhood":"Murray Hill-Kips Bay","neighborhood_id":"MN0603","model_score":1.0,"heuristic_score":90.0,"severity_score":100,"school_zone":false,"pavement_marking_311_count_since_2020":2,"pedestrian_crash_count":7,"image_paint_score":0.9722,"paint_missing_ratio":1.0,"stripe_break_ratio":1.0,"contrast_score":0.139,"priority_reason":"Why flagged for remaking in Murray Hill-Kips Bay: ortho paint-missing ratio, stripe-break ratio.","top_features":[{"feature":"paint_missing_ratio","label":"ortho paint-missing ratio","contribution":1.2745,"direction":"raises priority"},{"feature":"stripe_break_ratio","label":"stripe-break ratio","contribution":1.1572,"direction":"raises priority"},{"feature":"occlusion_penalty","label":"ortho occlusion","contribution":-0.2084,"direction":"lowers priority"}],"matched_311_complaints":[{"unique_key":"50470958","created_date":"2021-05-04T18:11:59.000","descriptor":"Line/Marking - After Repaving","incident_address":"3 AVENUE","url":"https://data.cityofnewyork.us/resource/erm2-nwe9.json?$select=unique_key,created_date,closed_date,agency,agency_name,complaint_type,descriptor,location_type,incident_address,status,resolution_description&$where=unique_key=%2750470958%27"},{"unique_key":"50326152","created_date":"2021-04-20T17:16:19.000","descriptor":"Line/Marking - After Repaving","incident_address":"3 AVENUE","url":"https://data.cityofnewyork.us/resource/erm2-nwe9.json?$select=unique_key,created_date,closed_date,agency,agency_name,complaint_type,descriptor,location_type,incident_address,status,resolution_description&$where=unique_key=%2750326152%27"}],"google_maps_url":"https://www.google.com/maps?q=40.750099628269545,-73.97493471220449","image_url":"/images/nyc-22570.jpg","thumbnail_url":"/images/nyc-22570-thumb.jpg"}},{"type":"Feature","id":"nyc-23418","geometry":{"type":"Point","coordinates":[-73.97036786182709,40.794051737043155]},"properties":{"id":"nyc-23418","intersection_label":"Amsterdam Avenue & West 96 Street","borough":"Manhattan","neighborhood":"Upper West Side (Central)","neighborhood_id":"MN0702","model_score":1.0,"heuristic_score":90.0,"severity_score":100,"school_zone":true,"pavement_marking_311_count_since_2020":2,"pedestrian_crash_count":13,"image_paint_score":0.9719,"paint_missing_ratio":1.0,"stripe_break_ratio":1.0,"contrast_score":0.1406,"priority_reason":"Why flagged for remaking in Upper West Side (Central): ortho paint-missing ratio, stripe-break ratio.","top_features":[{"feature":"paint_missing_ratio","label":"ortho paint-missing ratio","contribution":1.2745,"direction":"raises priority"},{"feature":"stripe_break_ratio","label":"stripe-break ratio","contribution":1.1572,"direction":"raises priority"},{"feature":"occlusion_penalty","label":"ortho occlusion","contribution":-0.2087,"direction":"lowers priority"}],"matched_311_complaints":[{"unique_key":"66742149","created_date":"2025-11-06T09:51:49.000","descriptor":"Line/Marking - Faded","incident_address":"200 WEST   96 STREET","url":"https://data.cityofnewyork.us/resource/erm2-nwe9.json?$select=unique_key,created_date,closed_date,agency,agency_name,complaint_type,descriptor,location_type,incident_address,status,resolution_description&$where=unique_key=%2766742149%27"},{"unique_key":"66133112","created_date":"2025-09-12T21:02:59.000","descriptor":"Line/Marking - After Repaving","incident_address":"AMSTERDAM AVENUE","url":"https://data.cityofnewyork.us/resource/erm2-nwe9.json?$select=unique_key,created_date,closed_date,agency,agency_name,complaint_type,descriptor,location_type,incident_address,status,resolution_description&$where=unique_key=%2766133112%27"}],"google_maps_url":"https://www.google.com/maps?q=40.794051737043155,-73.97036786182709","image_url":"/images/nyc-23418.jpg","thumbnail_url":"/images/nyc-23418-thumb.jpg"}},{"type":"Feature","id":"nyc-21477","geometry":{"type":"Point","coordinates":[-73.98610406134853,40.76228995239777]},"properties":{"id":"nyc-21477","intersection_label":"8 Avenue & West 50 Street","borough":"Manhattan","neighborhood":"Midtown-Times Square","neighborhood_id":"MN0502","model_score":1.0,"heuristic_score":87.0,"severity_score":100,"school_zone":true,"pavement_marking_311_count_since_2020":1,"pedestrian_crash_count":15,"image_paint_score":0.9719,"paint_missing_ratio":1.0,"stripe_break_ratio":1.0,"contrast_score":0.1406,"priority_reason":"Why flagged for remaking in Midtown-Times Square: ortho paint-missing ratio, stripe-break ratio.","top_features":[{"feature":"paint_missing_ratio","label":"ortho paint-missing ratio","contribution":1.2745,"direction":"raises priority"},{"feature":"stripe_break_ratio","label":"stripe-break ratio","contribution":1.1572,"direction":"raises priority"},{"feature":"occlusion_penalty","label":"ortho occlusion","contribution":-0.2087,"direction":"lowers priority"}],"matched_311_complaints":[{"unique_key":"53906663","created_date":"2022-04-13T12:30:16.000","descriptor":"Line/Marking - After Repaving","incident_address":"8 AVENUE","url":"https://data.cityofnewyork.us/resource/erm2-nwe9.json?$select=unique_key,created_date,closed_date,agency,agency_name,complaint_type,descriptor,location_type,incident_address,status,resolution_description&$where=unique_key=%2753906663%27"}],"google_maps_url":"https://www.google.com/maps?q=40.76228995239777,-73.98610406134853","image_url":"/images/nyc-21477.jpg","thumbnail_url":"/images/nyc-21477-thumb.jpg"}},{"type":"Feature","id":"nyc-21329","geometry":{"type":"Point","coordinates":[-73.99232182310817,40.743568093128445]},"properties":{"id":"nyc-21329","intersection_label":"Avenue Of The Americas & West 24 Street","borough":"Manhattan","neighborhood":"Midtown South-Flatiron-Union Square","neighborhood_id":"MN0501","model_score":1.0,"heuristic_score":90.0,"severity_score":100,"school_zone":false,"pavement_marking_311_count_since_2020":2,"pedestrian_crash_count":6,"image_paint_score":0.9716,"paint_missing_ratio":1.0,"stripe_break_ratio":1.0,"contrast_score":0.1421,"priority_reason":"Why flagged for remaking in Midtown South-Flatiron-Union Square: ortho paint-missing ratio, stripe-break ratio.","top_features":[{"feature":"paint_missing_ratio","label":"ortho paint-missing ratio","contribution":1.2745,"direction":"raises priority"},{"feature":"stripe_break_ratio","label":"stripe-break ratio","contribution":1.1572,"direction":"raises priority"},{"feature":"occlusion_penalty","label":"ortho occlusion","contribution":-0.2077,"direction":"lowers priority"}],"matched_311_complaints":[{"unique_key":"55756751","created_date":"2022-10-20T17:14:50.000","descriptor":"Line/Marking - After Repaving","incident_address":"725 AVENUE OF THE AMERICAS","url":"https://data.cityofnewyork.us/resource/erm2-nwe9.json?$select=unique_key,created_date,closed_date,agency,agency_name,complaint_type,descriptor,location_type,incident_address,status,resolution_description&$where=unique_key=%2755756751%27"},{"unique_key":"51644804","created_date":"2021-08-26T22:23:03.000","descriptor":"Line/Marking - After Repaving","incident_address":"AVENUE OF THE AMERICAS","url":"https://data.cityofnewyork.us/resource/erm2-nwe9.json?$select=unique_key,created_date,closed_date,agency,agency_name,complaint_type,descriptor,location_type,incident_address,status,resolution_description&$where=unique_key=%2751644804%27"}],"google_maps_url":"https://www.google.com/maps?q=40.743568093128445,-73.99232182310817","image_url":"/images/nyc-21329.jpg","thumbnail_url":"/images/nyc-21329-thumb.jpg"}},{"type":"Feature","id":"nyc-22814","geometry":{"type":"Point","coordinates":[-73.9643135359207,40.760599230690524]},"properties":{"id":"nyc-22814","intersection_label":"2 Avenue & East 59 Street","borough":"Manhattan","neighborhood":"East Midtown-Turtle Bay","neighborhood_id":"MN0604","model_score":1.0,"heuristic_score":87.0,"severity_score":100,"school_zone":false,"pavement_marking_311_count_since_2020":1,"pedestrian_crash_count":4,"image_paint_score":0.9716,"paint_missing_ratio":1.0,"stripe_break_ratio":1.0,"contrast_score":0.1421,"priority_reason":"Why flagged for remaking in East Midtown-Turtle Bay: ortho paint-missing ratio, stripe-break ratio.","top_features":[{"feature":"paint_missing_ratio","label":"ortho paint-missing ratio","contribution":1.2745,"direction":"raises priority"},{"feature":"stripe_break_ratio","label":"stripe-break ratio","contribution":1.1572,"direction":"raises priority"},{"feature":"occlusion_penalty","label":"ortho occlusion","contribution":-0.2087,"direction":"lowers priority"}],"matched_311_complaints":[{"unique_key":"61778878","created_date":"2024-07-12T09:18:23.000","descriptor":"Line/Marking - After Repaving","incident_address":"2 AVENUE","url":"https://data.cityofnewyork.us/resource/erm2-nwe9.json?$select=unique_key,created_date,closed_date,agency,agency_name,complaint_type,descriptor,location_type,incident_address,status,resolution_description&$where=unique_key=%2761778878%27"}],"google_maps_url":"https://www.google.com/maps?q=40.760599230690524,-73.9643135359207","image_url":"/images/nyc-22814.jpg","thumbnail_url":"/images/nyc-22814-thumb.jpg"}},{"type":"Feature","id":"nyc-102617","geometry":{"type":"Point","coordinates":[-73.96757380231439,40.76027241260835]},"properties":{"id":"nyc-102617","intersection_label":"East 57 Street & 3 Avenue","borough":"Manhattan","neighborhood":"East Midtown-Turtle Bay","neighborhood_id":"MN0604","model_score":1.0,"heuristic_score":84.0,"severity_score":100,"school_zone":true,"pavement_marking_311_count_since_2020":0,"pedestrian_crash_count":0,"image_paint_score":0.9709,"paint_missing_ratio":1.0,"stripe_break_ratio":0.999,"contrast_score":0.1436,"priority_reason":"Why flagged for remaking in East Midtown-Turtle Bay: ortho paint-missing ratio, stripe-break ratio.","top_features":[{"feature":"paint_missing_ratio","label":"ortho paint-missing ratio","contribution":1.2745,"direction":"raises priority"},{"feature":"stripe_break_ratio","label":"stripe-break ratio","contribution":1.1559,"direction":"raises priority"},{"feature":"occlusion_penalty","label":"ortho occlusion","contribution":-0.2087,"direction":"lowers priority"}],"matched_311_complaints":[],"google_maps_url":"https://www.google.com/maps?q=40.76027241260835,-73.96757380231439","image_url":"/images/nyc-102617.jpg","thumbnail_url":"/images/nyc-102617-thumb.jpg"}},{"type":"Feature","id":"nyc-23349","geometry":{"type":"Point","coordinates":[-73.97406372273758,40.78898875418479]},"properties":{"id":"nyc-23349","intersection_label":"Amsterdam Avenue & West 88 Street","borough":"Manhattan","neighborhood":"Upper West Side (Central)","neighborhood_id":"MN0702","model_score":1.0,"heuristic_score":87.0,"severity_score":100,"school_zone":true,"pavement_marking_311_count_since_2020":1,"pedestrian_crash_count":2,"image_paint_score":0.9704,"paint_missing_ratio":1.0,"stripe_break_ratio":1.0,"contrast_score":0.1482,"priority_reason":"Why flagged for remaking in Upper West Side (Central): ortho paint-missing ratio, stripe-break ratio.","top_features":[{"feature":"paint_missing_ratio","label":"ortho paint-missing ratio","contribution":1.2745,"direction":"raises priority"},{"feature":"stripe_break_ratio","label":"stripe-break ratio","contribution":1.1572,"direction":"raises priority"},{"feature":"occlusion_penalty","label":"ortho occlusion","contribution":-0.2068,"direction":"lowers priority"}],"matched_311_complaints":[{"unique_key":"45743824","created_date":"2020-03-03T11:29:47.000","descriptor":"Line/Marking - Faded","incident_address":"AMSTERDAM AVENUE","url":"https://data.cityofnewyork.us/resource/erm2-nwe9.json?$select=unique_key,created_date,closed_date,agency,agency_name,complaint_type,descriptor,location_type,incident_address,status,resolution_description&$where=unique_key=%2745743824%27"}],"google_maps_url":"https://www.google.com/maps?q=40.78898875418479,-73.97406372273758","image_url":"/images/nyc-23349.jpg","thumbnail_url":"/images/nyc-23349-thumb.jpg"}},{"type":"Feature","id":"nyc-22554","geometry":{"type":"Point","coordinates":[-73.97212474229177,40.745681338414144]},"properties":{"id":"nyc-22554","intersection_label":"1 Avenue & East 37 Street","borough":"Manhattan","neighborhood":"Murray Hill-Kips Bay","neighborhood_id":"MN0603","model_score":1.0,"heuristic_score":90.0,"severity_score":100,"school_zone":true,"pavement_marking_311_count_since_2020":2,"pedestrian_crash_count":6,"image_paint_score":0.9701,"paint_missing_ratio":1.0,"stripe_break_ratio":1.0,"contrast_score":0.1497,"priority_reason":"Why flagged for remaking in Murray Hill-Kips Bay: ortho paint-missing ratio, stripe-break ratio.","top_features":[{"feature":"paint_missing_ratio","label":"ortho paint-missing ratio","contribution":1.2745,"direction":"raises priority"},{"feature":"stripe_break_ratio","label":"stripe-break ratio","contribution":1.1572,"direction":"raises priority"},{"feature":"occlusion_penalty","label":"ortho occlusion","contribution":-0.2087,"direction":"lowers priority"}],"matched_311_complaints":[{"unique_key":"56159628","created_date":"2022-12-03T12:05:17.000","descriptor":"Line/Marking - Faded","incident_address":"652 1 AVENUE","url":"https://data.cityofnewyork.us/resource/erm2-nwe9.json?$select=unique_key,created_date,closed_date,agency,agency_name,complaint_type,descriptor,location_type,incident_address,status,resolution_description&$where=unique_key=%2756159628%27"},{"unique_key":"55975953","created_date":"2022-11-13T13:29:11.000","descriptor":"Line/Marking - After Repaving","incident_address":"652 1 AVENUE","url":"https://data.cityofnewyork.us/resource/erm2-nwe9.json?$select=unique_key,created_date,closed_date,agency,agency_name,complaint_type,descriptor,location_type,incident_address,status,resolution_description&$where=unique_key=%2755975953%27"}],"google_maps_url":"https://www.google.com/maps?q=40.745681338414144,-73.97212474229177","image_url":"/images/nyc-22554.jpg","thumbnail_url":"/images/nyc-22554-thumb.jpg"}},{"type":"Feature","id":"nyc-21594","geometry":{"type":"Point","coordinates":[-73.99091307490684,40.770987759287564]},"properties":{"id":"nyc-21594","intersection_label":"11 Avenue & West 58 Street","borough":"Manhattan","neighborhood":"Hell's Kitchen","neighborhood_id":"MN0402","model_score":1.0,"heuristic_score":90.0,"severity_score":100,"school_zone":true,"pavement_marking_311_count_since_2020":2,"pedestrian_crash_count":2,"image_paint_score":0.9696,"paint_missing_ratio":1.0,"stripe_break_ratio":0.9986,"contrast_score":0.1497,"priority_reason":"Why flagged for remaking in Hell's Kitchen: ortho paint-missing ratio, stripe-break ratio.","top_features":[{"feature":"paint_missing_ratio","label":"ortho paint-missing ratio","contribution":1.2745,"direction":"raises priority"},{"feature":"stripe_break_ratio","label":"stripe-break ratio","contribution":1.1554,"direction":"raises priority"},{"feature":"occlusion_penalty","label":"ortho occlusion","contribution":-0.2081,"direction":"lowers priority"}],"matched_311_complaints":[{"unique_key":"68391935","created_date":"2026-03-20T15:17:57.000","descriptor":"Line/Marking - Faded","incident_address":"600 WEST 58 STREET","url":"https://data.cityofnewyork.us/resource/erm2-nwe9.json?$select=unique_key,created_date,closed_date,agency,agency_name,complaint_type,descriptor,location_type,incident_address,status,resolution_description&$where=unique_key=%2768391935%27"},{"unique_key":"64930749","created_date":"2025-05-12T17:37:41.000","descriptor":"Line/Marking - After Repaving","incident_address":"860 11 AVENUE","url":"https://data.cityofnewyork.us/resource/erm2-nwe9.json?$select=unique_key,created_date,closed_date,agency,agency_name,complaint_type,descriptor,location_type,incident_address,status,resolution_description&$where=unique_key=%2764930749%27"}],"google_maps_url":"https://www.google.com/maps?q=40.770987759287564,-73.99091307490684","image_url":"/images/nyc-21594.jpg","thumbnail_url":"/images/nyc-21594-thumb.jpg"}},{"type":"Feature","id":"nyc-21304","geometry":{"type":"Point","coordinates":[-73.99498358168398,40.76030016116808]},"properties":{"id":"nyc-21304","intersection_label":"10 Avenue & West 43 Street","borough":"Manhattan","neighborhood":"Hell's Kitchen","neighborhood_id":"MN0402","model_score":1.0,"heuristic_score":87.0,"severity_score":100,"school_zone":true,"pavement_marking_311_count_since_2020":1,"pedestrian_crash_count":2,"image_paint_score":0.9694,"paint_missing_ratio":1.0,"stripe_break_ratio":1.0,"contrast_score":0.1528,"priority_reason":"Why flagged for remaking in Hell's Kitchen: ortho paint-missing ratio, stripe-break ratio.","top_features":[{"feature":"paint_missing_ratio","label":"ortho paint-missing ratio","contribution":1.2745,"direction":"raises priority"},{"feature":"stripe_break_ratio","label":"stripe-break ratio","contribution":1.1572,"direction":"raises priority"},{"feature":"occlusion_penalty","label":"ortho occlusion","contribution":-0.2087,"direction":"lowers priority"}],"matched_311_complaints":[{"unique_key":"57895661","created_date":"2023-06-14T02:43:27.000","descriptor":"Line/Marking - Faded","incident_address":"592 10 AVENUE","url":"https://data.cityofnewyork.us/resource/erm2-nwe9.json?$select=unique_key,created_date,closed_date,agency,agency_name,complaint_type,descriptor,location_type,incident_address,status,resolution_description&$where=unique_key=%2757895661%27"}],"google_maps_url":"https://www.google.com/maps?q=40.76030016116808,-73.99498358168398","image_url":"/images/nyc-21304.jpg","thumbnail_url":"/images/nyc-21304-thumb.jpg"}},{"type":"Feature","id":"nyc-21307","geometry":{"type":"Point","coordinates":[-73.99691343118796,40.7627488356343]},"properties":{"id":"nyc-21307","intersection_label":"11 Avenue & West 45 Street","borough":"Manhattan","neighborhood":"Hell's Kitchen","neighborhood_id":"MN0402","model_score":1.0,"heuristic_score":87.0,"severity_score":100,"school_zone":true,"pavement_marking_311_count_since_2020":1,"pedestrian_crash_count":2,"image_paint_score":0.969,"paint_missing_ratio":1.0,"stripe_break_ratio":0.9971,"contrast_score":0.1497,"priority_reason":"Why flagged for remaking in Hell's Kitchen: ortho paint-missing ratio, stripe-break ratio.","top_features":[{"feature":"paint_missing_ratio","label":"ortho paint-missing ratio","contribution":1.2745,"direction":"raises priority"},{"feature":"stripe_break_ratio","label":"stripe-break ratio","contribution":1.1534,"direction":"raises priority"},{"feature":"occlusion_penalty","label":"ortho occlusion","contribution":-0.2087,"direction":"lowers priority"}],"matched_311_complaints":[{"unique_key":"49804512","created_date":"2021-02-17T07:53:46.000","descriptor":"Line/Marking - Faded","incident_address":"609 11 AVENUE","url":"https://data.cityofnewyork.us/resource/erm2-nwe9.json?$select=unique_key,created_date,closed_date,agency,agency_name,complaint_type,descriptor,location_type,incident_address,status,resolution_description&$where=unique_key=%2749804512%27"}],"google_maps_url":"https://www.google.com/maps?q=40.7627488356343,-73.99691343118796","image_url":"/images/nyc-21307.jpg","thumbnail_url":"/images/nyc-21307-thumb.jpg"}},{"type":"Feature","id":"nyc-23643","geometry":{"type":"Point","coordinates":[-73.95270421516854,40.77656141163519]},"properties":{"id":"nyc-23643","intersection_label":"2 Avenue & East 84 Street","borough":"Manhattan","neighborhood":"Upper East Side-Yorkville","neighborhood_id":"MN0803","model_score":1.0,"heuristic_score":83.0,"severity_score":100,"school_zone":true,"pavement_marking_311_count_since_2020":0,"pedestrian_crash_count":6,"image_paint_score":0.9685,"paint_missing_ratio":1.0,"stripe_break_ratio":1.0,"contrast_score":0.1574,"priority_reason":"Why flagged for remaking in Upper East Side-Yorkville: ortho paint-missing ratio, stripe-break ratio.","top_features":[{"feature":"paint_missing_ratio","label":"ortho paint-missing ratio","contribution":1.2745,"direction":"raises priority"},{"feature":"stripe_break_ratio","label":"stripe-break ratio","contribution":1.1572,"direction":"raises priority"},{"feature":"occlusion_penalty","label":"ortho occlusion","contribution":-0.2087,"direction":"lowers priority"}],"matched_311_complaints":[],"google_maps_url":"https://www.google.com/maps?q=40.77656141163519,-73.95270421516854","image_url":"/images/nyc-23643.jpg","thumbnail_url":"/images/nyc-23643-thumb.jpg"}},{"type":"Feature","id":"nyc-23722","geometry":{"type":"Point","coordinates":[-73.94933170645099,40.78519312544505]},"properties":{"id":"nyc-23722","intersection_label":"3 Avenue & East 96 Street","borough":"Manhattan","neighborhood":"Upper East Side-Yorkville","neighborhood_id":"MN0803","model_score":1.0,"heuristic_score":83.0,"severity_score":100,"school_zone":true,"pavement_marking_311_count_since_2020":0,"pedestrian_crash_count":8,"image_paint_score":0.9679,"paint_missing_ratio":1.0,"stripe_break_ratio":1.0,"contrast_score":0.1604,"priority_reason":"Why flagged for remaking in Upper East Side-Yorkville: ortho paint-missing ratio, stripe-break ratio.","top_features":[{"feature":"paint_missing_ratio","label":"ortho paint-missing ratio","contribution":1.2745,"direction":"raises priority"},{"feature":"stripe_break_ratio","label":"stripe-break ratio","contribution":1.1572,"direction":"raises priority"},{"feature":"occlusion_penalty","label":"ortho occlusion","contribution":-0.2087,"direction":"lowers priority"}],"matched_311_complaints":[],"google_maps_url":"https://www.google.com/maps?q=40.78519312544505,-73.94933170645099","image_url":"/images/nyc-23722.jpg","thumbnail_url":"/images/nyc-23722-thumb.jpg"}},{"type":"Feature","id":"nyc-22683","geometry":{"type":"Point","coordinates":[-73.96939411411968,40.757699527189935]},"properties":{"id":"nyc-22683","intersection_label":"3 Avenue & East 53 Street","borough":"Manhattan","neighborhood":"East Midtown-Turtle Bay","neighborhood_id":"MN0604","model_score":1.0,"heuristic_score":86.0,"severity_score":100,"school_zone":false,"pavement_marking_311_count_since_2020":1,"pedestrian_crash_count":7,"image_paint_score":0.9661,"paint_missing_ratio":1.0,"stripe_break_ratio":1.0,"contrast_score":0.1696,"priority_reason":"Why flagged for remaking in East Midtown-Turtle Bay: ortho paint-missing ratio, stripe-break ratio.","top_features":[{"feature":"paint_missing_ratio","label":"ortho paint-missing ratio","contribution":1.2745,"direction":"raises priority"},{"feature":"stripe_break_ratio","label":"stripe-break ratio","contribution":1.1572,"direction":"raises priority"},{"feature":"occlusion_penalty","label":"ortho occlusion","contribution":-0.2087,"direction":"lowers priority"}],"matched_311_complaints":[{"unique_key":"57660717","created_date":"2023-05-20T20:56:13.000","descriptor":"Line/Marking - Faded","incident_address":"880 3 AVENUE","url":"https://data.cityofnewyork.us/resource/erm2-nwe9.json?$select=unique_key,created_date,closed_date,agency,agency_name,complaint_type,descriptor,location_type,incident_address,status,resolution_description&$where=unique_key=%2757660717%27"}],"google_maps_url":"https://www.google.com/maps?q=40.757699527189935,-73.96939411411968","image_url":"/images/nyc-22683.jpg","thumbnail_url":"/images/nyc-22683-thumb.jpg"}},{"type":"Feature","id":"nyc-23360","geometry":{"type":"Point","coordinates":[-73.97461559661133,40.79332480456845]},"properties":{"id":"nyc-23360","intersection_label":"West 93 Street & West End Avenue","borough":"Manhattan","neighborhood":"Upper West Side (Central)","neighborhood_id":"MN0702","model_score":1.0,"heuristic_score":86.0,"severity_score":100,"school_zone":true,"pavement_marking_311_count_since_2020":1,"pedestrian_crash_count":1,"image_paint_score":0.966,"paint_missing_ratio":1.0,"stripe_break_ratio":0.999,"contrast_score":0.1681,"priority_reason":"Why flagged for remaking in Upper West Side (Central): ortho paint-missing ratio, stripe-break ratio.","top_features":[{"feature":"paint_missing_ratio","label":"ortho paint-missing ratio","contribution":1.2745,"direction":"raises priority"},{"feature":"stripe_break_ratio","label":"stripe-break ratio","contribution":1.1559,"direction":"raises priority"},{"feature":"occlusion_penalty","label":"ortho occlusion","contribution":-0.2087,"direction":"lowers priority"}],"matched_311_complaints":[{"unique_key":"47441107","created_date":"2020-09-02T18:27:48.000","descriptor":"Line/Marking - After Repaving","incident_address":"315 WEST   93 STREET","url":"https://data.cityofnewyork.us/resource/erm2-nwe9.json?$select=unique_key,created_date,closed_date,agency,agency_name,complaint_type,descriptor,location_type,incident_address,status,resolution_description&$where=unique_key=%2747441107%27"}],"google_maps_url":"https://www.google.com/maps?q=40.79332480456845,-73.97461559661133","image_url":"/images/nyc-23360.jpg","thumbnail_url":"/images/nyc-23360-thumb.jpg"}},{"type":"Feature","id":"nyc-21337","geometry":{"type":"Point","coordinates":[-73.99200552858072,40.74910144481937]},"properties":{"id":"nyc-21337","intersection_label":"7 Avenue & West 31 Street","borough":"Manhattan","neighborhood":"Midtown South-Flatiron-Union Square","neighborhood_id":"MN0501","model_score":1.0,"heuristic_score":86.0,"severity_score":100,"school_zone":false,"pavement_marking_311_count_since_2020":1,"pedestrian_crash_count":4,"image_paint_score":0.9646,"paint_missing_ratio":1.0,"stripe_break_ratio":0.9923,"contrast_score":0.1635,"priority_reason":"Why flagged for remaking in Midtown South-Flatiron-Union Square: ortho paint-missing ratio, stripe-break ratio.","top_features":[{"feature":"paint_missing_ratio","label":"ortho paint-missing ratio","contribution":1.2745,"direction":"raises priority"},{"feature":"stripe_break_ratio","label":"stripe-break ratio","contribution":1.147,"direction":"raises priority"},{"feature":"occlusion_penalty","label":"ortho occlusion","contribution":-0.2087,"direction":"lowers priority"}],"matched_311_complaints":[{"unique_key":"64758319","created_date":"2025-04-25T17:02:01.000","descriptor":"Line/Marking - After Repaving","incident_address":"7 AVENUE","url":"https://data.cityofnewyork.us/resource/erm2-nwe9.json?$select=unique_key,created_date,closed_date,agency,agency_name,complaint_type,descriptor,location_type,incident_address,status,resolution_description&$where=unique_key=%2764758319%27"}],"google_maps_url":"https://www.google.com/maps?q=40.74910144481937,-73.99200552858072","image_url":"/images/nyc-21337.jpg","thumbnail_url":"/images/nyc-21337-thumb.jpg"}},{"type":"Feature","id":"nyc-21412","geometry":{"type":"Point","coordinates":[-73.98839044493349,40.75916418594645]},"properties":{"id":"nyc-21412","intersection_label":"8 Avenue & West 45 Street","borough":"Manhattan","neighborhood":"Midtown-Times Square","neighborhood_id":"MN0502","model_score":1.0,"heuristic_score":83.0,"severity_score":100,"school_zone":true,"pavement_marking_311_count_since_2020":0,"pedestrian_crash_count":6,"image_paint_score":0.9639,"paint_missing_ratio":1.0,"stripe_break_ratio":1.0,"contrast_score":0.1803,"priority_reason":"Why flagged for remaking in Midtown-Times Square: ortho paint-missing ratio, stripe-break ratio.","top_features":[{"feature":"paint_missing_ratio","label":"ortho paint-missing ratio","contribution":1.2745,"direction":"raises priority"},{"feature":"stripe_break_ratio","label":"stripe-break ratio","contribution":1.1572,"direction":"raises priority"},{"feature":"occlusion_penalty","label":"ortho occlusion","contribution":-0.2087,"direction":"lowers priority"}],"matched_311_complaints":[],"google_maps_url":"https://www.google.com/maps?q=40.75916418594645,-73.98839044493349","image_url":"/images/nyc-21412.jpg","thumbnail_url":"/images/nyc-21412-thumb.jpg"}},{"type":"Feature","id":"nyc-21442","geometry":{"type":"Point","coordinates":[-73.9854960218826,40.747152329819265]},"properties":{"id":"nyc-21442","intersection_label":"5 Avenue & East 32 Street","borough":"Manhattan","neighborhood":"Midtown South-Flatiron-Union Square","neighborhood_id":"MN0501","model_score":1.0,"heuristic_score":86.0,"severity_score":100,"school_zone":false,"pavement_marking_311_count_since_2020":1,"pedestrian_crash_count":5,"image_paint_score":0.963,"paint_missing_ratio":1.0,"stripe_break_ratio":1.0,"contrast_score":0.1849,"priority_reason":"Why flagged for remaking in Midtown South-Flatiron-Union Square: ortho paint-missing ratio, stripe-break ratio.","top_features":[{"feature":"paint_missing_ratio","label":"ortho paint-missing ratio","contribution":1.2745,"direction":"raises priority"},{"feature":"stripe_break_ratio","label":"stripe-break ratio","contribution":1.1572,"direction":"raises priority"},{"feature":"occlusion_penalty","label":"ortho occlusion","contribution":-0.2087,"direction":"lowers priority"}],"matched_311_complaints":[{"unique_key":"57232783","created_date":"2023-04-05T11:06:44.000","descriptor":"Line/Marking - Faded","incident_address":"315 5 AVENUE","url":"https://data.cityofnewyork.us/resource/erm2-nwe9.json?$select=unique_key,created_date,closed_date,agency,agency_name,complaint_type,descriptor,location_type,incident_address,status,resolution_description&$where=unique_key=%2757232783%27"}],"google_maps_url":"https://www.google.com/maps?q=40.747152329819265,-73.9854960218826","image_url":"/images/nyc-21442.jpg","thumbnail_url":"/images/nyc-21442-thumb.jpg"}},{"type":"Feature","id":"nyc-21303","geometry":{"type":"Point","coordinates":[-73.99547450293326,40.7596268561785]},"properties":{"id":"nyc-21303","intersection_label":"10 Avenue & West 42 Street","borough":"Manhattan","neighborhood":"Hell's Kitchen","neighborhood_id":"MN0402","model_score":1.0,"heuristic_score":92.0,"severity_score":100,"school_zone":true,"pavement_marking_311_count_since_2020":3,"pedestrian_crash_count":6,"image_paint_score":0.9603,"paint_missing_ratio":1.0,"stripe_break_ratio":1.0,"contrast_score":0.1986,"priority_reason":"Why flagged for remaking in Hell's Kitchen: ortho paint-missing ratio, stripe-break ratio.","top_features":[{"feature":"paint_missing_ratio","label":"ortho paint-missing ratio","contribution":1.2745,"direction":"raises priority"},{"feature":"stripe_break_ratio","label":"stripe-break ratio","contribution":1.1572,"direction":"raises priority"},{"feature":"occlusion_penalty","label":"ortho occlusion","contribution":-0.2087,"direction":"lowers priority"}],"matched_311_complaints":[{"unique_key":"56124057","created_date":"2022-11-30T10:40:45.000","descriptor":"Line/Marking - Faded","incident_address":"10 AVENUE","url":"https://data.cityofnewyork.us/resource/erm2-nwe9.json?$select=unique_key,created_date,closed_date,agency,agency_name,complaint_type,descriptor,location_type,incident_address,status,resolution_description&$where=unique_key=%2756124057%27"},{"unique_key":"56052547","created_date":"2022-11-21T07:59:30.000","descriptor":"Line/Marking - Faded","incident_address":"10 AVENUE","url":"https://data.cityofnewyork.us/resource/erm2-nwe9.json?$select=unique_key,created_date,closed_date,agency,agency_name,complaint_type,descriptor,location_type,incident_address,status,resolution_description&$where=unique_key=%2756052547%27"},{"unique_key":"55427144","created_date":"2022-09-16T09:30:19.000","descriptor":"Line/Marking - After Repaving","incident_address":"10 AVENUE","url":"https://data.cityofnewyork.us/resource/erm2-nwe9.json?$select=unique_key,created_date,closed_date,agency,agency_name,complaint_type,descriptor,location_type,incident_address,status,resolution_description&$where=unique_key=%2755427144%27"}],"google_maps_url":"https://www.google.com/maps?q=40.7596268561785,-73.99547450293326","image_url":"/images/nyc-21303.jpg","thumbnail_url":"/images/nyc-21303-thumb.jpg"}},{"type":"Feature","id":"nyc-22572","geometry":{"type":"Point","coordinates":[-73.9744445163771,40.750764692753286]},"properties":{"id":"nyc-22572","intersection_label":"3 Avenue & East 42 Street","borough":"Manhattan","neighborhood":"Murray Hill-Kips Bay","neighborhood_id":"MN0603","model_score":1.0,"heuristic_score":89.0,"severity_score":100,"school_zone":false,"pavement_marking_311_count_since_2020":2,"pedestrian_crash_count":13,"image_paint_score":0.9575,"paint_missing_ratio":1.0,"stripe_break_ratio":1.0,"contrast_score":0.2124,"priority_reason":"Why flagged for remaking in Murray Hill-Kips Bay: ortho paint-missing ratio, stripe-break ratio.","top_features":[{"feature":"paint_missing_ratio","label":"ortho paint-missing ratio","contribution":1.2745,"direction":"raises priority"},{"feature":"stripe_break_ratio","label":"stripe-break ratio","contribution":1.1572,"direction":"raises priority"},{"feature":"occlusion_penalty","label":"ortho occlusion","contribution":-0.2085,"direction":"lowers priority"}],"matched_311_complaints":[{"unique_key":"50266413","created_date":"2021-04-13T17:39:54.000","descriptor":"Line/Marking - After Repaving","incident_address":"3 AVENUE","url":"https://data.cityofnewyork.us/resource/erm2-nwe9.json?$select=unique_key,created_date,closed_date,agency,agency_name,complaint_type,descriptor,location_type,incident_address,status,resolution_description&$where=unique_key=%2750266413%27"},{"unique_key":"50215007","created_date":"2021-04-07T15:55:05.000","descriptor":"Line/Marking - After Repaving","incident_address":"3 AVENUE","url":"https://data.cityofnewyork.us/resource/erm2-nwe9.json?$select=unique_key,created_date,closed_date,agency,agency_name,complaint_type,descriptor,location_type,incident_address,status,resolution_description&$where=unique_key=%2750215007%27"}],"google_maps_url":"https://www.google.com/maps?q=40.750764692753286,-73.9744445163771","image_url":"/images/nyc-22572.jpg","thumbnail_url":"/images/nyc-22572-thumb.jpg"}},{"type":"Feature","id":"nyc-23467","geometry":{"type":"Point","coordinates":[-73.96701559315643,40.7935569661196]},"properties":{"id":"nyc-23467","intersection_label":"Columbus Avenue & West 97 Street","borough":"Manhattan","neighborhood":"Upper West Side (Central)","neighborhood_id":"MN0702","model_score":1.0,"heuristic_score":86.0,"severity_score":100,"school_zone":true,"pavement_marking_311_count_since_2020":1,"pedestrian_crash_count":2,"image_paint_score":0.9573,"paint_missing_ratio":0.9998,"stripe_break_ratio":0.9909,"contrast_score":0.1971,"priority_reason":"Why flagged for remaking in Upper West Side (Central): ortho paint-missing ratio, stripe-break ratio.","top_features":[{"feature":"paint_missing_ratio","label":"ortho paint-missing ratio","contribution":1.2741,"direction":"raises priority"},{"feature":"stripe_break_ratio","label":"stripe-break ratio","contribution":1.1451,"direction":"raises priority"},{"feature":"occlusion_penalty","label":"ortho occlusion","contribution":-0.2087,"direction":"lowers priority"}],"matched_311_complaints":[{"unique_key":"60269646","created_date":"2024-02-08T15:15:33.000","descriptor":"Line/Marking - Faded","incident_address":"COLUMBUS AVENUE","url":"https://data.cityofnewyork.us/resource/erm2-nwe9.json?$select=unique_key,created_date,closed_date,agency,agency_name,complaint_type,descriptor,location_type,incident_address,status,resolution_description&$where=unique_key=%2760269646%27"}],"google_maps_url":"https://www.google.com/maps?q=40.7935569661196,-73.96701559315643","image_url":"/images/nyc-23467.jpg","thumbnail_url":"/images/nyc-23467-thumb.jpg"}},{"type":"Feature","id":"nyc-21410","geometry":{"type":"Point","coordinates":[-73.98929727500779,40.75790663683552]},"properties":{"id":"nyc-21410","intersection_label":"West 43 Street & 8 Avenue","borough":"Manhattan","neighborhood":"Midtown-Times Square","neighborhood_id":"MN0502","model_score":1.0,"heuristic_score":88.0,"severity_score":100,"school_zone":false,"pavement_marking_311_count_since_2020":2,"pedestrian_crash_count":9,"image_paint_score":0.9531,"paint_missing_ratio":0.9998,"stripe_break_ratio":0.9745,"contrast_score":0.1894,"priority_reason":"Why flagged for remaking in Midtown-Times Square: ortho paint-missing ratio, stripe-break ratio.","top_features":[{"feature":"paint_missing_ratio","label":"ortho paint-missing ratio","contribution":1.2741,"direction":"raises priority"},{"feature":"stripe_break_ratio","label":"stripe-break ratio","contribution":1.1233,"direction":"raises priority"},{"feature":"occlusion_penalty","label":"ortho occlusion","contribution":-0.2087,"direction":"lowers priority"}],"matched_311_complaints":[{"unique_key":"62612467","created_date":"2024-09-30T19:30:28.000","descriptor":"Line/Marking - After Repaving","incident_address":"675 8 AVENUE","url":"https://data.cityofnewyork.us/resource/erm2-nwe9.json?$select=unique_key,created_date,closed_date,agency,agency_name,complaint_type,descriptor,location_type,incident_address,status,resolution_description&$where=unique_key=%2762612467%27"},{"unique_key":"60668606","created_date":"2024-03-23T16:51:41.000","descriptor":"Line/Marking - After Repaving","incident_address":"675 8 AVENUE","url":"https://data.cityofnewyork.us/resource/erm2-nwe9.json?$select=unique_key,created_date,closed_date,agency,agency_name,complaint_type,descriptor,location_type,incident_address,status,resolution_description&$where=unique_key=%2760668606%27"}],"google_maps_url":"https://www.google.com/maps?q=40.75790663683552,-73.98929727500779","image_url":"/images/nyc-21410.jpg","thumbnail_url":"/images/nyc-21410-thumb.jpg"}},{"type":"Feature","id":"nyc-21418","geometry":{"type":"Point","coordinates":[-73.98701514492254,40.76103736700102]},"properties":{"id":"nyc-21418","intersection_label":"West 48 Street & 8 Avenue","borough":"Manhattan","neighborhood":"Midtown-Times Square","neighborhood_id":"MN0502","model_score":1.0,"heuristic_score":82.0,"severity_score":100,"school_zone":true,"pavement_marking_311_count_since_2020":0,"pedestrian_crash_count":6,"image_paint_score":0.951,"paint_missing_ratio":0.9992,"stripe_break_ratio":0.9798,"contrast_score":0.2078,"priority_reason":"Why flagged for remaking in Midtown-Times Square: ortho paint-missing ratio, stripe-break ratio.","top_features":[{"feature":"paint_missing_ratio","label":"ortho paint-missing ratio","contribution":1.2732,"direction":"raises priority"},{"feature":"stripe_break_ratio","label":"stripe-break ratio","contribution":1.1303,"direction":"raises priority"},{"feature":"occlusion_penalty","label":"ortho occlusion","contribution":-0.2085,"direction":"lowers priority"}],"matched_311_complaints":[],"google_maps_url":"https://www.google.com/maps?q=40.76103736700102,-73.98701514492254","image_url":"/images/nyc-21418.jpg","thumbnail_url":"/images/nyc-21418-thumb.jpg"}},{"type":"Feature","id":"nyc-41316","geometry":{"type":"Point","coordinates":[-73.93968265219814,40.748983550628175]},"properties":{"id":"nyc-41316","intersection_label":"28 Street & 42 Road","borough":"Queens","neighborhood":"Long Island City-Hunters Point","neighborhood_id":"QN0201","model_score":1.0,"heuristic_score":85.0,"severity_score":100,"school_zone":true,"pavement_marking_311_count_since_2020":1,"pedestrian_crash_count":1,"image_paint_score":0.9462,"paint_missing_ratio":0.9949,"stripe_break_ratio":0.9505,"contrast_score":0.1711,"priority_reason":"Why flagged for remaking in Long Island City-Hunters Point: ortho paint-missing ratio, stripe-break ratio.","top_features":[{"feature":"paint_missing_ratio","label":"ortho paint-missing ratio","contribution":1.2661,"direction":"raises priority"},{"feature":"stripe_break_ratio","label":"stripe-break ratio","contribution":1.0913,"direction":"raises priority"},{"feature":"occlusion_penalty","label":"ortho occlusion","contribution":-0.2052,"direction":"lowers priority"}],"matched_311_complaints":[{"unique_key":"68992363","created_date":"2026-05-14T11:10:28.000","descriptor":"Line/Marking - Faded","incident_address":"42 ROAD","url":"https://data.cityofnewyork.us/resource/erm2-nwe9.json?$select=unique_key,created_date,closed_date,agency,agency_name,complaint_type,descriptor,location_type,incident_address,status,resolution_description&$where=unique_key=%2768992363%27"}],"google_maps_url":"https://www.google.com/maps?q=40.748983550628175,-73.93968265219814","image_url":"/images/nyc-41316.jpg","thumbnail_url":"/images/nyc-41316-thumb.jpg"}},{"type":"Feature","id":"nyc-21221","geometry":{"type":"Point","coordinates":[-73.99729876550829,40.75710704061667]},"properties":{"id":"nyc-21221","intersection_label":"10 Avenue & West 38 Street","borough":"Manhattan","neighborhood":"Chelsea-Hudson Yards","neighborhood_id":"MN0401","model_score":1.0,"heuristic_score":81.0,"severity_score":100,"school_zone":true,"pavement_marking_311_count_since_2020":0,"pedestrian_crash_count":1,"image_paint_score":0.9387,"paint_missing_ratio":0.9963,"stripe_break_ratio":0.9615,"contrast_score":0.2307,"priority_reason":"Why flagged for remaking in Chelsea-Hudson Yards: ortho paint-missing ratio, stripe-break ratio.","top_features":[{"feature":"paint_missing_ratio","label":"ortho paint-missing ratio","contribution":1.2684,"direction":"raises priority"},{"feature":"stripe_break_ratio","label":"stripe-break ratio","contribution":1.106,"direction":"raises priority"},{"feature":"occlusion_penalty","label":"ortho occlusion","contribution":-0.2046,"direction":"lowers priority"}],"matched_311_complaints":[],"google_maps_url":"https://www.google.com/maps?q=40.75710704061667,-73.99729876550829","image_url":"/images/nyc-21221.jpg","thumbnail_url":"/images/nyc-21221-thumb.jpg"}},{"type":"Feature","id":"nyc-22464","geometry":{"type":"Point","coordinates":[-73.9790584956402,40.744443551365556]},"properties":{"id":"nyc-22464","intersection_label":"3 Avenue & East 32 Street","borough":"Manhattan","neighborhood":"Murray Hill-Kips Bay","neighborhood_id":"MN0603","model_score":1.0,"heuristic_score":80.0,"severity_score":100,"school_zone":true,"pavement_marking_311_count_since_2020":0,"pedestrian_crash_count":8,"image_paint_score":0.9234,"paint_missing_ratio":0.9912,"stripe_break_ratio":0.9173,"contrast_score":0.2185,"priority_reason":"Why flagged for remaking in Murray Hill-Kips Bay: ortho paint-missing ratio, stripe-break ratio.","top_features":[{"feature":"paint_missing_ratio","label":"ortho paint-missing ratio","contribution":1.2601,"direction":"raises priority"},{"feature":"stripe_break_ratio","label":"stripe-break ratio","contribution":1.0471,"direction":"raises priority"},{"feature":"occlusion_penalty","label":"ortho occlusion","contribution":-0.208,"direction":"lowers priority"}],"matched_311_complaints":[],"google_maps_url":"https://www.google.com/maps?q=40.744443551365556,-73.9790584956402","image_url":"/images/nyc-22464.jpg","thumbnail_url":"/images/nyc-22464-thumb.jpg"}},{"type":"Feature","id":"nyc-22840","geometry":{"type":"Point","coordinates":[-73.96340154054698,40.76591119125262]},"properties":{"id":"nyc-22840","intersection_label":"East 66 Street & 3 Avenue","borough":"Manhattan","neighborhood":"Upper East Side-Lenox Hill-Roosevelt Island","neighborhood_id":"MN0801","model_score":1.0,"heuristic_score":81.0,"severity_score":100,"school_zone":true,"pavement_marking_311_count_since_2020":0,"pedestrian_crash_count":4,"image_paint_score":0.9228,"paint_missing_ratio":0.9947,"stripe_break_ratio":0.9024,"contrast_score":0.2032,"priority_reason":"Why flagged for remaking in Upper East Side-Lenox Hill-Roosevelt Island: ortho paint-missing ratio, stripe-break ratio.","top_features":[{"feature":"paint_missing_ratio","label":"ortho paint-missing ratio","contribution":1.2658,"direction":"raises priority"},{"feature":"stripe_break_ratio","label":"stripe-break ratio","contribution":1.0273,"direction":"raises priority"},{"feature":"occlusion_penalty","label":"ortho occlusion","contribution":-0.2074,"direction":"lowers priority"}],"matched_311_complaints":[],"google_maps_url":"https://www.google.com/maps?q=40.76591119125262,-73.96340154054698","image_url":"/images/nyc-22840.jpg","thumbnail_url":"/images/nyc-22840-thumb.jpg"}},{"type":"Feature","id":"nyc-21226","geometry":{"type":"Point","coordinates":[-73.99782085945746,40.761499532669006]},"properties":{"id":"nyc-21226","intersection_label":"West 43 Street & 11 Avenue","borough":"Manhattan","neighborhood":"Hell's Kitchen","neighborhood_id":"MN0402","model_score":1.0,"heuristic_score":80.0,"severity_score":100,"school_zone":true,"pavement_marking_311_count_since_2020":0,"pedestrian_crash_count":4,"image_paint_score":0.9223,"paint_missing_ratio":0.9946,"stripe_break_ratio":0.9125,"contrast_score":0.2231,"priority_reason":"Why flagged for remaking in Hell's Kitchen: ortho paint-missing ratio, stripe-break ratio.","top_features":[{"feature":"paint_missing_ratio","label":"ortho paint-missing ratio","contribution":1.2656,"direction":"raises priority"},{"feature":"stripe_break_ratio","label":"stripe-break ratio","contribution":1.0407,"direction":"raises priority"},{"feature":"occlusion_penalty","label":"ortho occlusion","contribution":-0.2085,"direction":"lowers priority"}],"matched_311_complaints":[],"google_maps_url":"https://www.google.com/maps?q=40.761499532669006,-73.99782085945746","image_url":"/images/nyc-21226.jpg","thumbnail_url":"/images/nyc-21226-thumb.jpg"}},{"type":"Feature","id":"nyc-21190","geometry":{"type":"Point","coordinates":[-74.00084826851935,40.74714677426712]},"properties":{"id":"nyc-21190","intersection_label":"9 Avenue & West 24 Street","borough":"Manhattan","neighborhood":"Chelsea-Hudson Yards","neighborhood_id":"MN0401","model_score":1.0,"heuristic_score":77.0,"severity_score":100,"school_zone":true,"pavement_marking_311_count_since_2020":0,"pedestrian_crash_count":2,"image_paint_score":0.8802,"paint_missing_ratio":0.9651,"stripe_break_ratio":0.8073,"contrast_score":0.1833,"priority_reason":"Why flagged for remaking in Chelsea-Hudson Yards: ortho paint-missing ratio, stripe-break ratio.","top_features":[{"feature":"paint_missing_ratio","label":"ortho paint-missing ratio","contribution":1.2173,"direction":"raises priority"},{"feature":"stripe_break_ratio","label":"stripe-break ratio","contribution":0.9006,"direction":"raises priority"},{"feature":"occlusion_penalty","label":"ortho occlusion","contribution":-0.2063,"direction":"lowers priority"}],"matched_311_complaints":[],"google_maps_url":"https://www.google.com/maps?q=40.74714677426712,-74.00084826851935","image_url":"/images/nyc-21190.jpg","thumbnail_url":"/images/nyc-21190-thumb.jpg"}},{"type":"Feature","id":"nyc-16214","geometry":{"type":"Point","coordinates":[-73.96853234187793,40.57630503138594]},"properties":{"id":"nyc-16214","intersection_label":"Ocean Parkway & Brighton Beach Avenue","borough":"Brooklyn","neighborhood":"Brighton Beach","neighborhood_id":"BK1303","model_score":1.0,"heuristic_score":74.0,"severity_score":100,"school_zone":true,"pavement_marking_311_count_since_2020":0,"pedestrian_crash_count":9,"image_paint_score":0.8473,"paint_missing_ratio":0.9264,"stripe_break_ratio":0.8217,"contrast_score":0.2861,"priority_reason":"Why flagged for remaking in Brighton Beach: ortho paint-missing ratio, stripe-break ratio, marking contrast.","top_features":[{"feature":"paint_missing_ratio","label":"ortho paint-missing ratio","contribution":1.154,"direction":"raises priority"},{"feature":"stripe_break_ratio","label":"stripe-break ratio","contribution":0.9198,"direction":"raises priority"},{"feature":"contrast_score","label":"marking contrast","contribution":0.1222,"direction":"raises priority"}],"matched_311_complaints":[],"google_maps_url":"https://www.google.com/maps?q=40.57630503138594,-73.96853234187793","image_url":"/images/nyc-16214.jpg","thumbnail_url":"/images/nyc-16214-thumb.jpg"}},{"type":"Feature","id":"nyc-47273","geometry":{"type":"Point","coordinates":[-73.90160121275231,40.81969485789471]},"properties":{"id":"nyc-47273","intersection_label":"Westchester Avenue & Prospect Avenue","borough":"Bronx","neighborhood":"Longwood","neighborhood_id":"BX0202","model_score":1.0,"heuristic_score":76.0,"severity_score":100,"school_zone":true,"pavement_marking_311_count_since_2020":1,"pedestrian_crash_count":12,"image_paint_score":0.8353,"paint_missing_ratio":0.9564,"stripe_break_ratio":0.8649,"contrast_score":0.4889,"priority_reason":"Why flagged for remaking in Longwood: ortho paint-missing ratio, stripe-break ratio, marking contrast.","top_features":[{"feature":"paint_missing_ratio","label":"ortho paint-missing ratio","contribution":1.2031,"direction":"raises priority"},{"feature":"stripe_break_ratio","label":"stripe-break ratio","contribution":0.9773,"direction":"raises priority"},{"feature":"contrast_score","label":"marking contrast","contribution":0.0527,"direction":"raises priority"}],"matched_311_complaints":[{"unique_key":"65099088","created_date":"2025-05-29T13:03:58.000","descriptor":"Line/Marking - Faded","incident_address":"839 PROSPECT AVENUE","url":"https://data.cityofnewyork.us/resource/erm2-nwe9.json?$select=unique_key,created_date,closed_date,agency,agency_name,complaint_type,descriptor,location_type,incident_address,status,resolution_description&$where=unique_key=%2765099088%27"}],"google_maps_url":"https://www.google.com/maps?q=40.81969485789471,-73.90160121275231","image_url":"/images/nyc-47273.jpg","thumbnail_url":"/images/nyc-47273-thumb.jpg"}},{"type":"Feature","id":"nyc-21349","geometry":{"type":"Point","coordinates":[-73.99027621376545,40.756567564644094]},"properties":{"id":"nyc-21349","intersection_label":"8 Avenue & West 41 Street","borough":"Manhattan","neighborhood":"Midtown-Times Square","neighborhood_id":"MN0502","model_score":0.9977,"heuristic_score":87.0,"severity_score":100,"school_zone":false,"pavement_marking_311_count_since_2020":1,"pedestrian_crash_count":3,"image_paint_score":0.9774,"paint_missing_ratio":1.0,"stripe_break_ratio":1.0,"contrast_score":0.1131,"priority_reason":"Why flagged for remaking in Midtown-Times Square: ortho paint-missing ratio, stripe-break ratio.","top_features":[{"feature":"paint_missing_ratio","label":"ortho paint-missing ratio","contribution":1.2745,"direction":"raises priority"},{"feature":"stripe_break_ratio","label":"stripe-break ratio","contribution":1.1572,"direction":"raises priority"},{"feature":"occlusion_penalty","label":"ortho occlusion","contribution":-0.2087,"direction":"lowers priority"}],"matched_311_complaints":[{"unique_key":"57347621","created_date":"2023-04-17T10:56:53.000","descriptor":"Line/Marking - Faded","incident_address":"636 8 AVENUE","url":"https://data.cityofnewyork.us/resource/erm2-nwe9.json?$select=unique_key,created_date,closed_date,agency,agency_name,complaint_type,descriptor,location_type,incident_address,status,resolution_description&$where=unique_key=%2757347621%27"}],"google_maps_url":"https://www.google.com/maps?q=40.756567564644094,-73.99027621376545","image_url":"/images/nyc-21349.jpg","thumbnail_url":"/images/nyc-21349-thumb.jpg"}},{"type":"Feature","id":"nyc-79938","geometry":{"type":"Point","coordinates":[-73.98893356239572,40.69208664143152]},"properties":{"id":"nyc-79938","intersection_label":"Fulton Street & Boerum Place","borough":"Brooklyn","neighborhood":"Downtown Brooklyn-DUMBO-Boerum Hill","neighborhood_id":"BK0202","model_score":0.9964,"heuristic_score":82.0,"severity_score":100,"school_zone":true,"pavement_marking_311_count_since_2020":1,"pedestrian_crash_count":0,"image_paint_score":0.8961,"paint_missing_ratio":0.9734,"stripe_break_ratio":0.8159,"contrast_score":0.1375,"priority_reason":"Why flagged for remaking in Downtown Brooklyn-DUMBO-Boerum Hill: ortho paint-missing ratio, stripe-break ratio.","top_features":[{"feature":"paint_missing_ratio","label":"ortho paint-missing ratio","contribution":1.2309,"direction":"raises priority"},{"feature":"stripe_break_ratio","label":"stripe-break ratio","contribution":0.9121,"direction":"raises priority"},{"feature":"occlusion_penalty","label":"ortho occlusion","contribution":-0.2086,"direction":"lowers priority"}],"matched_311_complaints":[{"unique_key":"56540711","created_date":"2023-01-16T18:29:07.000","descriptor":"Line/Marking - Faded","incident_address":"7 BOERUM PLACE","url":"https://data.cityofnewyork.us/resource/erm2-nwe9.json?$select=unique_key,created_date,closed_date,agency,agency_name,complaint_type,descriptor,location_type,incident_address,status,resolution_description&$where=unique_key=%2756540711%27"}],"google_maps_url":"https://www.google.com/maps?q=40.69208664143152,-73.98893356239572","image_url":"/images/nyc-79938.jpg","thumbnail_url":"/images/nyc-79938-thumb.jpg"}},{"type":"Feature","id":"nyc-48633","geometry":{"type":"Point","coordinates":[-73.90478740653549,40.878923637662076]},"properties":{"id":"nyc-48633","intersection_label":"Broadway & West 231 Street","borough":"Bronx","neighborhood":"Kingsbridge-Marble Hill","neighborhood_id":"BX0802","model_score":0.9917,"heuristic_score":75.0,"severity_score":99,"school_zone":true,"pavement_marking_311_count_since_2020":1,"pedestrian_crash_count":15,"image_paint_score":0.8122,"paint_missing_ratio":0.9005,"stripe_break_ratio":0.7111,"contrast_score":0.2093,"priority_reason":"Why flagged for remaking in Kingsbridge-Marble Hill: ortho paint-missing ratio, stripe-break ratio, marking contrast.","top_features":[{"feature":"paint_missing_ratio","label":"ortho paint-missing ratio","contribution":1.1116,"direction":"raises priority"},{"feature":"stripe_break_ratio","label":"stripe-break ratio","contribution":0.7726,"direction":"raises priority"},{"feature":"contrast_score","label":"marking contrast","contribution":0.1486,"direction":"raises priority"}],"matched_311_complaints":[{"unique_key":"51007646","created_date":"2021-06-25T15:36:32.000","descriptor":"Line/Marking - After Repaving","incident_address":"206 WEST  231 STREET","url":"https://data.cityofnewyork.us/resource/erm2-nwe9.json?$select=unique_key,created_date,closed_date,agency,agency_name,complaint_type,descriptor,location_type,incident_address,status,resolution_description&$where=unique_key=%2751007646%27"}],"google_maps_url":"https://www.google.com/maps?q=40.878923637662076,-73.90478740653549","image_url":"/images/nyc-48633.jpg","thumbnail_url":"/images/nyc-48633-thumb.jpg"}},{"type":"Feature","id":"nyc-41527","geometry":{"type":"Point","coordinates":[-73.93126506850395,40.75199252202387]},"properties":{"id":"nyc-41527","intersection_label":"Northern Boulevard & 33 Street","borough":"Queens","neighborhood":"Sunnyside Yards (North)","neighborhood_id":"QN0161","model_score":0.9906,"heuristic_score":94.0,"severity_score":99,"school_zone":false,"pavement_marking_311_count_since_2020":3,"pedestrian_crash_count":2,"image_paint_score":0.9838,"paint_missing_ratio":1.0,"stripe_break_ratio":1.0,"contrast_score":0.081,"priority_reason":"Why flagged for remaking in Sunnyside Yards (North): ortho paint-missing ratio, stripe-break ratio.","top_features":[{"feature":"paint_missing_ratio","label":"ortho paint-missing ratio","contribution":1.2745,"direction":"raises priority"},{"feature":"stripe_break_ratio","label":"stripe-break ratio","contribution":1.1572,"direction":"raises priority"},{"feature":"occlusion_penalty","label":"ortho occlusion","contribution":-0.2087,"direction":"lowers priority"}],"matched_311_complaints":[{"unique_key":"64084344","created_date":"2025-02-14T12:41:03.000","descriptor":"Line/Marking - Faded","incident_address":"33 STREET","url":"https://data.cityofnewyork.us/resource/erm2-nwe9.json?$select=unique_key,created_date,closed_date,agency,agency_name,complaint_type,descriptor,location_type,incident_address,status,resolution_description&$where=unique_key=%2764084344%27"},{"unique_key":"62651535","created_date":"2024-10-04T15:26:37.000","descriptor":"Line/Marking - After Repaving","incident_address":"33 STREET","url":"https://data.cityofnewyork.us/resource/erm2-nwe9.json?$select=unique_key,created_date,closed_date,agency,agency_name,complaint_type,descriptor,location_type,incident_address,status,resolution_description&$where=unique_key=%2762651535%27"},{"unique_key":"50858692","created_date":"2021-06-12T23:49:32.000","descriptor":"Line/Marking - Faded","incident_address":"33 STREET","url":"https://data.cityofnewyork.us/resource/erm2-nwe9.json?$select=unique_key,created_date,closed_date,agency,agency_name,complaint_type,descriptor,location_type,incident_address,status,resolution_description&$where=unique_key=%2750858692%27"}],"google_maps_url":"https://www.google.com/maps?q=40.75199252202387,-73.93126506850395","image_url":"/images/nyc-41527.jpg","thumbnail_url":"/images/nyc-41527-thumb.jpg"}},{"type":"Feature","id":"nyc-20484","geometry":{"type":"Point","coordinates":[-73.99858925595169,40.717099511287486]},"properties":{"id":"nyc-20484","intersection_label":"Canal Street & Mulberry Street","borough":"Manhattan","neighborhood":"Chinatown-Two Bridges","neighborhood_id":"MN0301","model_score":0.9905,"heuristic_score":73.0,"severity_score":99,"school_zone":true,"pavement_marking_311_count_since_2020":0,"pedestrian_crash_count":8,"image_paint_score":0.8142,"paint_missing_ratio":0.9486,"stripe_break_ratio":0.6967,"contrast_score":0.2826,"priority_reason":"Why flagged for remaking in Chinatown-Two Bridges: ortho paint-missing ratio, stripe-break ratio.","top_features":[{"feature":"paint_missing_ratio","label":"ortho paint-missing ratio","contribution":1.1903,"direction":"raises priority"},{"feature":"stripe_break_ratio","label":"stripe-break ratio","contribution":0.7534,"direction":"raises priority"},{"feature":"occlusion_penalty","label":"ortho occlusion","contribution":-0.2009,"direction":"lowers priority"}],"matched_311_complaints":[],"google_maps_url":"https://www.google.com/maps?q=40.717099511287486,-73.99858925595169","image_url":"/images/nyc-20484.jpg","thumbnail_url":"/images/nyc-20484-thumb.jpg"}},{"type":"Feature","id":"nyc-20745","geometry":{"type":"Point","coordinates":[-73.9922248483808,40.73791698483779]},"properties":{"id":"nyc-20745","intersection_label":"5 Avenue & East 17 Street","borough":"Manhattan","neighborhood":"Midtown South-Flatiron-Union Square","neighborhood_id":"MN0501","model_score":0.9888,"heuristic_score":76.0,"severity_score":99,"school_zone":true,"pavement_marking_311_count_since_2020":1,"pedestrian_crash_count":4,"image_paint_score":0.8269,"paint_missing_ratio":0.9395,"stripe_break_ratio":0.7376,"contrast_score":0.2704,"priority_reason":"Why flagged for remaking in Midtown South-Flatiron-Union Square: ortho paint-missing ratio, stripe-break ratio.","top_features":[{"feature":"paint_missing_ratio","label":"ortho paint-missing ratio","contribution":1.1754,"direction":"raises priority"},{"feature":"stripe_break_ratio","label":"stripe-break ratio","contribution":0.8078,"direction":"raises priority"},{"feature":"occlusion_penalty","label":"ortho occlusion","contribution":-0.2082,"direction":"lowers priority"}],"matched_311_complaints":[{"unique_key":"64139269","created_date":"2025-02-20T12:44:23.000","descriptor":"Line/Marking - After Repaving","incident_address":"118 5 AVENUE","url":"https://data.cityofnewyork.us/resource/erm2-nwe9.json?$select=unique_key,created_date,closed_date,agency,agency_name,complaint_type,descriptor,location_type,incident_address,status,resolution_description&$where=unique_key=%2764139269%27"}],"google_maps_url":"https://www.google.com/maps?q=40.73791698483779,-73.9922248483808","image_url":"/images/nyc-20745.jpg","thumbnail_url":"/images/nyc-20745-thumb.jpg"}},{"type":"Feature","id":"nyc-23376","geometry":{"type":"Point","coordinates":[-73.97321056475754,40.795252024781746]},"properties":{"id":"nyc-23376","intersection_label":"West End Avenue & West 96 Street","borough":"Manhattan","neighborhood":"Upper West Side (Central)","neighborhood_id":"MN0702","model_score":0.9882,"heuristic_score":76.0,"severity_score":99,"school_zone":true,"pavement_marking_311_count_since_2020":1,"pedestrian_crash_count":5,"image_paint_score":0.8122,"paint_missing_ratio":0.94,"stripe_break_ratio":0.6828,"contrast_score":0.249,"priority_reason":"Why flagged for remaking in Upper West Side (Central): ortho paint-missing ratio, stripe-break ratio.","top_features":[{"feature":"paint_missing_ratio","label":"ortho paint-missing ratio","contribution":1.1763,"direction":"raises priority"},{"feature":"stripe_break_ratio","label":"stripe-break ratio","contribution":0.7349,"direction":"raises priority"},{"feature":"occlusion_penalty","label":"ortho occlusion","contribution":-0.2087,"direction":"lowers priority"}],"matched_311_complaints":[{"unique_key":"54418401","created_date":"2022-06-07T14:01:13.000","descriptor":"Line/Marking - After Repaving","incident_address":"WEST   96 STREET","url":"https://data.cityofnewyork.us/resource/erm2-nwe9.json?$select=unique_key,created_date,closed_date,agency,agency_name,complaint_type,descriptor,location_type,incident_address,status,resolution_description&$where=unique_key=%2754418401%27"}],"google_maps_url":"https://www.google.com/maps?q=40.795252024781746,-73.97321056475754","image_url":"/images/nyc-23376.jpg","thumbnail_url":"/images/nyc-23376-thumb.jpg"}},{"type":"Feature","id":"nyc-9059275","geometry":{"type":"Point","coordinates":[-73.82322491132672,40.86355287863044]},"properties":{"id":"nyc-9059275","intersection_label":"Erdman Place & Co-op City Sect 5 Ped Path","borough":"Bronx","neighborhood":"Co-op City","neighborhood_id":"BX1004","model_score":0.9867,"heuristic_score":77.0,"severity_score":99,"school_zone":true,"pavement_marking_311_count_since_2020":0,"pedestrian_crash_count":0,"image_paint_score":0.8812,"paint_missing_ratio":0.9905,"stripe_break_ratio":0.8866,"contrast_score":0.3743,"priority_reason":"Why flagged for remaking in Co-op City: ortho paint-missing ratio, stripe-break ratio.","top_features":[{"feature":"paint_missing_ratio","label":"ortho paint-missing ratio","contribution":1.2589,"direction":"raises priority"},{"feature":"stripe_break_ratio","label":"stripe-break ratio","contribution":1.0062,"direction":"raises priority"},{"feature":"occlusion_penalty","label":"ortho occlusion","contribution":-0.2087,"direction":"lowers priority"}],"matched_311_complaints":[],"google_maps_url":"https://www.google.com/maps?q=40.86355287863044,-73.82322491132672","image_url":"/images/nyc-9059275.jpg","thumbnail_url":"/images/nyc-9059275-thumb.jpg"}},{"type":"Feature","id":"nyc-22608","geometry":{"type":"Point","coordinates":[-73.97396798947287,40.762966586461005]},"properties":{"id":"nyc-22608","intersection_label":"West 57 Street & 5 Avenue","borough":"Manhattan","neighborhood":"Midtown-Times Square","neighborhood_id":"MN0502","model_score":0.9832,"heuristic_score":85.0,"severity_score":98,"school_zone":false,"pavement_marking_311_count_since_2020":1,"pedestrian_crash_count":4,"image_paint_score":0.943,"paint_missing_ratio":0.999,"stripe_break_ratio":0.9649,"contrast_score":0.2215,"priority_reason":"Why flagged for remaking in Midtown-Times Square: ortho paint-missing ratio, stripe-break ratio.","top_features":[{"feature":"paint_missing_ratio","label":"ortho paint-missing ratio","contribution":1.2728,"direction":"raises priority"},{"feature":"stripe_break_ratio","label":"stripe-break ratio","contribution":1.1105,"direction":"raises priority"},{"feature":"occlusion_penalty","label":"ortho occlusion","contribution":-0.2059,"direction":"lowers priority"}],"matched_311_complaints":[{"unique_key":"46806970","created_date":"2020-07-09T20:24:19.000","descriptor":"Line/Marking - Faded","incident_address":"734 5 AVENUE","url":"https://data.cityofnewyork.us/resource/erm2-nwe9.json?$select=unique_key,created_date,closed_date,agency,agency_name,complaint_type,descriptor,location_type,incident_address,status,resolution_description&$where=unique_key=%2746806970%27"}],"google_maps_url":"https://www.google.com/maps?q=40.762966586461005,-73.97396798947287","image_url":"/images/nyc-22608.jpg","thumbnail_url":"/images/nyc-22608-thumb.jpg"}},{"type":"Feature","id":"nyc-21515","geometry":{"type":"Point","coordinates":[-73.9818224433139,40.75219712667438]},"properties":{"id":"nyc-21515","intersection_label":"5 Avenue & West 40 Street","borough":"Manhattan","neighborhood":"Midtown-Times Square","neighborhood_id":"MN0502","model_score":0.9807,"heuristic_score":85.0,"severity_score":98,"school_zone":false,"pavement_marking_311_count_since_2020":1,"pedestrian_crash_count":4,"image_paint_score":0.9401,"paint_missing_ratio":0.9946,"stripe_break_ratio":0.9519,"contrast_score":0.2032,"priority_reason":"Why flagged for remaking in Midtown-Times Square: ortho paint-missing ratio, stripe-break ratio.","top_features":[{"feature":"paint_missing_ratio","label":"ortho paint-missing ratio","contribution":1.2656,"direction":"raises priority"},{"feature":"stripe_break_ratio","label":"stripe-break ratio","contribution":1.0932,"direction":"raises priority"},{"feature":"occlusion_penalty","label":"ortho occlusion","contribution":-0.207,"direction":"lowers priority"}],"matched_311_complaints":[{"unique_key":"48483638","created_date":"2020-12-23T15:25:50.000","descriptor":"Line/Marking - After Repaving","incident_address":"5 AVENUE","url":"https://data.cityofnewyork.us/resource/erm2-nwe9.json?$select=unique_key,created_date,closed_date,agency,agency_name,complaint_type,descriptor,location_type,incident_address,status,resolution_description&$where=unique_key=%2748483638%27"}],"google_maps_url":"https://www.google.com/maps?q=40.75219712667438,-73.9818224433139","image_url":"/images/nyc-21515.jpg","thumbnail_url":"/images/nyc-21515-thumb.jpg"}},{"type":"Feature","id":"nyc-48381","geometry":{"type":"Point","coordinates":[-73.88165226905333,40.839675736174954]},"properties":{"id":"nyc-48381","intersection_label":"Boston Road & Longfellow Avenue","borough":"Bronx","neighborhood":"West Farms","neighborhood_id":"BX0601","model_score":0.9803,"heuristic_score":74.0,"severity_score":98,"school_zone":true,"pavement_marking_311_count_since_2020":0,"pedestrian_crash_count":2,"image_paint_score":0.8407,"paint_missing_ratio":0.9572,"stripe_break_ratio":0.7832,"contrast_score":0.3208,"priority_reason":"Why flagged for remaking in West Farms: ortho paint-missing ratio, stripe-break ratio, marking contrast.","top_features":[{"feature":"paint_missing_ratio","label":"ortho paint-missing ratio","contribution":1.2044,"direction":"raises priority"},{"feature":"stripe_break_ratio","label":"stripe-break ratio","contribution":0.8686,"direction":"raises priority"},{"feature":"contrast_score","label":"marking contrast","contribution":0.1103,"direction":"raises priority"}],"matched_311_complaints":[],"google_maps_url":"https://www.google.com/maps?q=40.839675736174954,-73.88165226905333","image_url":"/images/nyc-48381.jpg","thumbnail_url":"/images/nyc-48381-thumb.jpg"}},{"type":"Feature","id":"nyc-21417","geometry":{"type":"Point","coordinates":[-73.98747524640025,40.76040478648957]},"properties":{"id":"nyc-21417","intersection_label":"8 Avenue & West 47 Street","borough":"Manhattan","neighborhood":"Midtown-Times Square","neighborhood_id":"MN0502","model_score":0.9761,"heuristic_score":73.0,"severity_score":98,"school_zone":true,"pavement_marking_311_count_since_2020":0,"pedestrian_crash_count":3,"image_paint_score":0.8245,"paint_missing_ratio":0.9319,"stripe_break_ratio":0.7895,"contrast_score":0.356,"priority_reason":"Why flagged for remaking in Midtown-Times Square: ortho paint-missing ratio, stripe-break ratio.","top_features":[{"feature":"paint_missing_ratio","label":"ortho paint-missing ratio","contribution":1.163,"direction":"raises priority"},{"feature":"stripe_break_ratio","label":"stripe-break ratio","contribution":0.8769,"direction":"raises priority"},{"feature":"occlusion_penalty","label":"ortho occlusion","contribution":-0.2006,"direction":"lowers priority"}],"matched_311_complaints":[],"google_maps_url":"https://www.google.com/maps?q=40.76040478648957,-73.98747524640025","image_url":"/images/nyc-21417.jpg","thumbnail_url":"/images/nyc-21417-thumb.jpg"}},{"type":"Feature","id":"nyc-48580","geometry":{"type":"Point","coordinates":[-73.90390816591388,40.85836758587594]},"properties":{"id":"nyc-48580","intersection_label":"Jerome Avenue & West 183 Street","borough":"Bronx","neighborhood":"Fordham Heights","neighborhood_id":"BX0503","model_score":0.9754,"heuristic_score":74.0,"severity_score":98,"school_zone":true,"pavement_marking_311_count_since_2020":0,"pedestrian_crash_count":2,"image_paint_score":0.8389,"paint_missing_ratio":0.9382,"stripe_break_ratio":0.7919,"contrast_score":0.3025,"priority_reason":"Why flagged for remaking in Fordham Heights: ortho paint-missing ratio, stripe-break ratio.","top_features":[{"feature":"paint_missing_ratio","label":"ortho paint-missing ratio","contribution":1.1733,"direction":"raises priority"},{"feature":"stripe_break_ratio","label":"stripe-break ratio","contribution":0.8801,"direction":"raises priority"},{"feature":"occlusion_penalty","label":"ortho occlusion","contribution":-0.2006,"direction":"lowers priority"}],"matched_311_complaints":[],"google_maps_url":"https://www.google.com/maps?q=40.85836758587594,-73.90390816591388","image_url":"/images/nyc-48580.jpg","thumbnail_url":"/images/nyc-48580-thumb.jpg"}},{"type":"Feature","id":"nyc-21970","geometry":{"type":"Point","coordinates":[-73.96662787120849,40.71635079959478]},"properties":{"id":"nyc-21970","intersection_label":"Grand Street & River Street","borough":"Brooklyn","neighborhood":"Williamsburg","neighborhood_id":"BK0102","model_score":0.9746,"heuristic_score":84.0,"severity_score":97,"school_zone":false,"pavement_marking_311_count_since_2020":0,"pedestrian_crash_count":1,"image_paint_score":0.9786,"paint_missing_ratio":1.0,"stripe_break_ratio":1.0,"contrast_score":0.1069,"priority_reason":"Why flagged for remaking in Williamsburg: ortho paint-missing ratio, stripe-break ratio.","top_features":[{"feature":"paint_missing_ratio","label":"ortho paint-missing ratio","contribution":1.2745,"direction":"raises priority"},{"feature":"stripe_break_ratio","label":"stripe-break ratio","contribution":1.1572,"direction":"raises priority"},{"feature":"occlusion_penalty","label":"ortho occlusion","contribution":-0.2087,"direction":"lowers priority"}],"matched_311_complaints":[],"google_maps_url":"https://www.google.com/maps?q=40.71635079959478,-73.96662787120849","image_url":"/images/nyc-21970.jpg","thumbnail_url":"/images/nyc-21970-thumb.jpg"}},{"type":"Feature","id":"nyc-22682","geometry":{"type":"Point","coordinates":[-73.96984859928389,40.757075957265236]},"properties":{"id":"nyc-22682","intersection_label":"3 Avenue & East 52 Street","borough":"Manhattan","neighborhood":"East Midtown-Turtle Bay","neighborhood_id":"MN0604","model_score":0.9736,"heuristic_score":86.0,"severity_score":97,"school_zone":false,"pavement_marking_311_count_since_2020":1,"pedestrian_crash_count":2,"image_paint_score":0.9618,"paint_missing_ratio":0.9975,"stripe_break_ratio":0.9769,"contrast_score":0.1451,"priority_reason":"Why flagged for remaking in East Midtown-Turtle Bay: ortho paint-missing ratio, stripe-break ratio.","top_features":[{"feature":"paint_missing_ratio","label":"ortho paint-missing ratio","contribution":1.2704,"direction":"raises priority"},{"feature":"stripe_break_ratio","label":"stripe-break ratio","contribution":1.1265,"direction":"raises priority"},{"feature":"occlusion_penalty","label":"ortho occlusion","contribution":-0.2086,"direction":"lowers priority"}],"matched_311_complaints":[{"unique_key":"68739230","created_date":"2026-04-21T19:34:39.000","descriptor":"Line/Marking - After Repaving","incident_address":"850 3 AVENUE","url":"https://data.cityofnewyork.us/resource/erm2-nwe9.json?$select=unique_key,created_date,closed_date,agency,agency_name,complaint_type,descriptor,location_type,incident_address,status,resolution_description&$where=unique_key=%2768739230%27"}],"google_maps_url":"https://www.google.com/maps?q=40.757075957265236,-73.96984859928389","image_url":"/images/nyc-22682.jpg","thumbnail_url":"/images/nyc-22682-thumb.jpg"}},{"type":"Feature","id":"nyc-12779","geometry":{"type":"Point","coordinates":[-73.99802683788762,40.59671766693093]},"properties":{"id":"nyc-12779","intersection_label":"Cropsey Avenue & Bay 31 Street","borough":"Brooklyn","neighborhood":"Gravesend (West)","neighborhood_id":"BK1103","model_score":0.9709,"heuristic_score":85.0,"severity_score":97,"school_zone":false,"pavement_marking_311_count_since_2020":0,"pedestrian_crash_count":0,"image_paint_score":0.9896,"paint_missing_ratio":1.0,"stripe_break_ratio":1.0,"contrast_score":0.0519,"priority_reason":"Why flagged for remaking in Gravesend (West): ortho paint-missing ratio, stripe-break ratio.","top_features":[{"feature":"paint_missing_ratio","label":"ortho paint-missing ratio","contribution":1.2745,"direction":"raises priority"},{"feature":"stripe_break_ratio","label":"stripe-break ratio","contribution":1.1572,"direction":"raises priority"},{"feature":"occlusion_penalty","label":"ortho occlusion","contribution":-0.2087,"direction":"lowers priority"}],"matched_311_complaints":[],"google_maps_url":"https://www.google.com/maps?q=40.59671766693093,-73.99802683788762","image_url":"/images/nyc-12779.jpg","thumbnail_url":"/images/nyc-12779-thumb.jpg"}},{"type":"Feature","id":"nyc-21148","geometry":{"type":"Point","coordinates":[-74.00149992091559,40.756452368338934]},"properties":{"id":"nyc-21148","intersection_label":"11 Avenue & West 35 Street","borough":"Manhattan","neighborhood":"Chelsea-Hudson Yards","neighborhood_id":"MN0401","model_score":0.9687,"heuristic_score":85.0,"severity_score":97,"school_zone":false,"pavement_marking_311_count_since_2020":0,"pedestrian_crash_count":0,"image_paint_score":0.9866,"paint_missing_ratio":1.0,"stripe_break_ratio":1.0,"contrast_score":0.0672,"priority_reason":"Why flagged for remaking in Chelsea-Hudson Yards: ortho paint-missing ratio, stripe-break ratio.","top_features":[{"feature":"paint_missing_ratio","label":"ortho paint-missing ratio","contribution":1.2745,"direction":"raises priority"},{"feature":"stripe_break_ratio","label":"stripe-break ratio","contribution":1.1572,"direction":"raises priority"},{"feature":"occlusion_penalty","label":"ortho occlusion","contribution":-0.2087,"direction":"lowers priority"}],"matched_311_complaints":[],"google_maps_url":"https://www.google.com/maps?q=40.756452368338934,-74.00149992091559","image_url":"/images/nyc-21148.jpg","thumbnail_url":"/images/nyc-21148-thumb.jpg"}},{"type":"Feature","id":"nyc-57931","geometry":{"type":"Point","coordinates":[-73.82922057727293,40.87523909350702]},"properties":{"id":"nyc-57931","intersection_label":"De Kruif Place & Co-op City Sect 1 Ped Path","borough":"Bronx","neighborhood":"Co-op City","neighborhood_id":"BX1004","model_score":0.9686,"heuristic_score":85.0,"severity_score":97,"school_zone":false,"pavement_marking_311_count_since_2020":0,"pedestrian_crash_count":0,"image_paint_score":0.9836,"paint_missing_ratio":0.9992,"stripe_break_ratio":0.9952,"contrast_score":0.0718,"priority_reason":"Why flagged for remaking in Co-op City: ortho paint-missing ratio, stripe-break ratio, marking contrast.","top_features":[{"feature":"paint_missing_ratio","label":"ortho paint-missing ratio","contribution":1.2732,"direction":"raises priority"},{"feature":"stripe_break_ratio","label":"stripe-break ratio","contribution":1.1508,"direction":"raises priority"},{"feature":"contrast_score","label":"marking contrast","contribution":0.1957,"direction":"raises priority"}],"matched_311_complaints":[],"google_maps_url":"https://www.google.com/maps?q=40.87523909350702,-73.82922057727293","image_url":"/images/nyc-57931.jpg","thumbnail_url":"/images/nyc-57931-thumb.jpg"}},{"type":"Feature","id":"nyc-22675","geometry":{"type":"Point","coordinates":[-73.9703139361345,40.75645301864367]},"properties":{"id":"nyc-22675","intersection_label":"3 Avenue & East 51 Street","borough":"Manhattan","neighborhood":"East Midtown-Turtle Bay","neighborhood_id":"MN0604","model_score":0.966,"heuristic_score":82.0,"severity_score":97,"school_zone":false,"pavement_marking_311_count_since_2020":1,"pedestrian_crash_count":5,"image_paint_score":0.9075,"paint_missing_ratio":0.979,"stripe_break_ratio":0.8606,"contrast_score":0.1711,"priority_reason":"Why flagged for remaking in East Midtown-Turtle Bay: ortho paint-missing ratio, stripe-break ratio.","top_features":[{"feature":"paint_missing_ratio","label":"ortho paint-missing ratio","contribution":1.2401,"direction":"raises priority"},{"feature":"stripe_break_ratio","label":"stripe-break ratio","contribution":0.9716,"direction":"raises priority"},{"feature":"occlusion_penalty","label":"ortho occlusion","contribution":-0.2087,"direction":"lowers priority"}],"matched_311_complaints":[{"unique_key":"50701860","created_date":"2021-05-27T18:56:02.000","descriptor":"Line/Marking - After Repaving","incident_address":"3 AVENUE","url":"https://data.cityofnewyork.us/resource/erm2-nwe9.json?$select=unique_key,created_date,closed_date,agency,agency_name,complaint_type,descriptor,location_type,incident_address,status,resolution_description&$where=unique_key=%2750701860%27"}],"google_maps_url":"https://www.google.com/maps?q=40.75645301864367,-73.9703139361345","image_url":"/images/nyc-22675.jpg","thumbnail_url":"/images/nyc-22675-thumb.jpg"}},{"type":"Feature","id":"nyc-20747","geometry":{"type":"Point","coordinates":[-73.99137407172918,40.73908818721515]},"properties":{"id":"nyc-20747","intersection_label":"5 Avenue & West 19 Street","borough":"Manhattan","neighborhood":"Midtown South-Flatiron-Union Square","neighborhood_id":"MN0501","model_score":0.9648,"heuristic_score":75.0,"severity_score":96,"school_zone":true,"pavement_marking_311_count_since_2020":0,"pedestrian_crash_count":2,"image_paint_score":0.8286,"paint_missing_ratio":0.9727,"stripe_break_ratio":0.6405,"contrast_score":0.1665,"priority_reason":"Why flagged for remaking in Midtown South-Flatiron-Union Square: ortho paint-missing ratio, stripe-break ratio.","top_features":[{"feature":"paint_missing_ratio","label":"ortho paint-missing ratio","contribution":1.2298,"direction":"raises priority"},{"feature":"stripe_break_ratio","label":"stripe-break ratio","contribution":0.6786,"direction":"raises priority"},{"feature":"occlusion_penalty","label":"ortho occlusion","contribution":-0.2085,"direction":"lowers priority"}],"matched_311_complaints":[],"google_maps_url":"https://www.google.com/maps?q=40.73908818721515,-73.99137407172918","image_url":"/images/nyc-20747.jpg","thumbnail_url":"/images/nyc-20747-thumb.jpg"}},{"type":"Feature","id":"nyc-51203","geometry":{"type":"Point","coordinates":[-73.84543975663794,40.74420305177841]},"properties":{"id":"nyc-51203","intersection_label":"Avenue Of The States & United Nations Avenue South","borough":"Queens","neighborhood":"Flushing Meadows-Corona Park","neighborhood_id":"QN8191","model_score":0.9647,"heuristic_score":84.0,"severity_score":96,"school_zone":false,"pavement_marking_311_count_since_2020":0,"pedestrian_crash_count":0,"image_paint_score":0.9751,"paint_missing_ratio":0.9982,"stripe_break_ratio":0.9442,"contrast_score":0.0229,"priority_reason":"Why flagged for remaking in Flushing Meadows-Corona Park: ortho paint-missing ratio, stripe-break ratio, marking contrast.","top_features":[{"feature":"paint_missing_ratio","label":"ortho paint-missing ratio","contribution":1.2715,"direction":"raises priority"},{"feature":"stripe_break_ratio","label":"stripe-break ratio","contribution":1.0829,"direction":"raises priority"},{"feature":"contrast_score","label":"marking contrast","contribution":0.2125,"direction":"raises priority"}],"matched_311_complaints":[],"google_maps_url":"https://www.google.com/maps?q=40.74420305177841,-73.84543975663794","image_url":"/images/nyc-51203.jpg","thumbnail_url":"/images/nyc-51203-thumb.jpg"}},{"type":"Feature","id":"nyc-23889","geometry":{"type":"Point","coordinates":[-73.96804849421821,40.804683699575115]},"properties":{"id":"nyc-23889","intersection_label":"Cathedral Parkway & Riverside Drive","borough":"Manhattan","neighborhood":"Upper West Side-Manhattan Valley","neighborhood_id":"MN0703","model_score":0.9615,"heuristic_score":99.0,"severity_score":96,"school_zone":false,"pavement_marking_311_count_since_2020":5,"pedestrian_crash_count":0,"image_paint_score":0.9771,"paint_missing_ratio":1.0,"stripe_break_ratio":1.0,"contrast_score":0.1146,"priority_reason":"Why flagged for remaking in Upper West Side-Manhattan Valley: ortho paint-missing ratio, stripe-break ratio.","top_features":[{"feature":"paint_missing_ratio","label":"ortho paint-missing ratio","contribution":1.2745,"direction":"raises priority"},{"feature":"stripe_break_ratio","label":"stripe-break ratio","contribution":1.1572,"direction":"raises priority"},{"feature":"occlusion_penalty","label":"ortho occlusion","contribution":-0.2087,"direction":"lowers priority"}],"matched_311_complaints":[{"unique_key":"57549034","created_date":"2023-05-09T17:01:21.000","descriptor":"Line/Marking - Faded","incident_address":"378 RIVERSIDE DRIVE","url":"https://data.cityofnewyork.us/resource/erm2-nwe9.json?$select=unique_key,created_date,closed_date,agency,agency_name,complaint_type,descriptor,location_type,incident_address,status,resolution_description&$where=unique_key=%2757549034%27"},{"unique_key":"56885042","created_date":"2023-02-24T18:23:25.000","descriptor":"Line/Marking - After Repaving","incident_address":"378 RIVERSIDE DRIVE","url":"https://data.cityofnewyork.us/resource/erm2-nwe9.json?$select=unique_key,created_date,closed_date,agency,agency_name,complaint_type,descriptor,location_type,incident_address,status,resolution_description&$where=unique_key=%2756885042%27"},{"unique_key":"56598716","created_date":"2023-01-23T11:14:14.000","descriptor":"Line/Marking - After Repaving","incident_address":"380 RIVERSIDE DRIVE","url":"https://data.cityofnewyork.us/resource/erm2-nwe9.json?$select=unique_key,created_date,closed_date,agency,agency_name,complaint_type,descriptor,location_type,incident_address,status,resolution_description&$where=unique_key=%2756598716%27"}],"google_maps_url":"https://www.google.com/maps?q=40.804683699575115,-73.96804849421821","image_url":"/images/nyc-23889.jpg","thumbnail_url":"/images/nyc-23889-thumb.jpg"}},{"type":"Feature","id":"nyc-22684","geometry":{"type":"Point","coordinates":[-73.96893510399532,40.75833009187058]},"properties":{"id":"nyc-22684","intersection_label":"East 54 Street & 3 Avenue","borough":"Manhattan","neighborhood":"East Midtown-Turtle Bay","neighborhood_id":"MN0604","model_score":0.961,"heuristic_score":71.0,"severity_score":96,"school_zone":true,"pavement_marking_311_count_since_2020":0,"pedestrian_crash_count":3,"image_paint_score":0.807,"paint_missing_ratio":0.9087,"stripe_break_ratio":0.7553,"contrast_score":0.3315,"priority_reason":"Why flagged for remaking in East Midtown-Turtle Bay: ortho paint-missing ratio, stripe-break ratio.","top_features":[{"feature":"paint_missing_ratio","label":"ortho paint-missing ratio","contribution":1.125,"direction":"raises priority"},{"feature":"stripe_break_ratio","label":"stripe-break ratio","contribution":0.8314,"direction":"raises priority"},{"feature":"occlusion_penalty","label":"ortho occlusion","contribution":-0.2083,"direction":"lowers priority"}],"matched_311_complaints":[],"google_maps_url":"https://www.google.com/maps?q=40.75833009187058,-73.96893510399532","image_url":"/images/nyc-22684.jpg","thumbnail_url":"/images/nyc-22684-thumb.jpg"}},{"type":"Feature","id":"nyc-52382","geometry":{"type":"Point","coordinates":[-73.86725770351678,40.831623918499595]},"properties":{"id":"nyc-52382","intersection_label":"Westchester Avenue & St Lawrence Avenue","borough":"Bronx","neighborhood":"Soundview-Bruckner-Bronx River","neighborhood_id":"BX0901","model_score":0.9605,"heuristic_score":72.0,"severity_score":96,"school_zone":true,"pavement_marking_311_count_since_2020":0,"pedestrian_crash_count":2,"image_paint_score":0.8135,"paint_missing_ratio":0.9217,"stripe_break_ratio":0.7443,"contrast_score":0.3086,"priority_reason":"Why flagged for remaking in Soundview-Bruckner-Bronx River: ortho paint-missing ratio, stripe-break ratio, marking contrast.","top_features":[{"feature":"paint_missing_ratio","label":"ortho paint-missing ratio","contribution":1.1463,"direction":"raises priority"},{"feature":"stripe_break_ratio","label":"stripe-break ratio","contribution":0.8168,"direction":"raises priority"},{"feature":"contrast_score","label":"marking contrast","contribution":0.1145,"direction":"raises priority"}],"matched_311_complaints":[],"google_maps_url":"https://www.google.com/maps?q=40.831623918499595,-73.86725770351678","image_url":"/images/nyc-52382.jpg","thumbnail_url":"/images/nyc-52382-thumb.jpg"}},{"type":"Feature","id":"nyc-81548","geometry":{"type":"Point","coordinates":[-73.83188162635089,40.76282898719798]},"properties":{"id":"nyc-81548","intersection_label":"Main Street & Northern Boulevard","borough":"Queens","neighborhood":"Flushing-Willets Point","neighborhood_id":"QN0707","model_score":0.9565,"heuristic_score":87.0,"severity_score":96,"school_zone":false,"pavement_marking_311_count_since_2020":1,"pedestrian_crash_count":0,"image_paint_score":0.9706,"paint_missing_ratio":0.9991,"stripe_break_ratio":0.9913,"contrast_score":0.1299,"priority_reason":"Why flagged for remaking in Flushing-Willets Point: ortho paint-missing ratio, stripe-break ratio.","top_features":[{"feature":"paint_missing_ratio","label":"ortho paint-missing ratio","contribution":1.273,"direction":"raises priority"},{"feature":"stripe_break_ratio","label":"stripe-break ratio","contribution":1.1456,"direction":"raises priority"},{"feature":"occlusion_penalty","label":"ortho occlusion","contribution":-0.2075,"direction":"lowers priority"}],"matched_311_complaints":[{"unique_key":"70060072","created_date":"2026-08-13T13:52:27.000","descriptor":"Line/Marking - Faded","incident_address":"36-20 MAIN STREET","url":"https://data.cityofnewyork.us/resource/erm2-nwe9.json?$select=unique_key,created_date,closed_date,agency,agency_name,complaint_type,descriptor,location_type,incident_address,status,resolution_description&$where=unique_key=%2770060072%27"}],"google_maps_url":"https://www.google.com/maps?q=40.76282898719798,-73.83188162635089","image_url":"/images/nyc-81548.jpg","thumbnail_url":"/images/nyc-81548-thumb.jpg"}},{"type":"Feature","id":"nyc-21667","geometry":{"type":"Point","coordinates":[-73.98567936070062,40.78031263290153]},"properties":{"id":"nyc-21667","intersection_label":"Riverside Drive & West 72 Street","borough":"Manhattan","neighborhood":"Upper West Side-Lincoln Square","neighborhood_id":"MN0701","model_score":0.9563,"heuristic_score":84.0,"severity_score":96,"school_zone":false,"pavement_marking_311_count_since_2020":0,"pedestrian_crash_count":0,"image_paint_score":0.9702,"paint_missing_ratio":0.9998,"stripe_break_ratio":0.9981,"contrast_score":0.1451,"priority_reason":"Why flagged for remaking in Upper West Side-Lincoln Square: ortho paint-missing ratio, stripe-break ratio.","top_features":[{"feature":"paint_missing_ratio","label":"ortho paint-missing ratio","contribution":1.2741,"direction":"raises priority"},{"feature":"stripe_break_ratio","label":"stripe-break ratio","contribution":1.1547,"direction":"raises priority"},{"feature":"occlusion_penalty","label":"ortho occlusion","contribution":-0.2087,"direction":"lowers priority"}],"matched_311_complaints":[],"google_maps_url":"https://www.google.com/maps?q=40.78031263290153,-73.98567936070062","image_url":"/images/nyc-21667.jpg","thumbnail_url":"/images/nyc-21667-thumb.jpg"}},{"type":"Feature","id":"nyc-21251","geometry":{"type":"Point","coordinates":[-73.99664704478218,40.74782272962601]},"properties":{"id":"nyc-21251","intersection_label":"8 Avenue & West 27 Street","borough":"Manhattan","neighborhood":"Midtown South-Flatiron-Union Square","neighborhood_id":"MN0501","model_score":0.9558,"heuristic_score":82.0,"severity_score":96,"school_zone":false,"pavement_marking_311_count_since_2020":1,"pedestrian_crash_count":4,"image_paint_score":0.9087,"paint_missing_ratio":0.9891,"stripe_break_ratio":0.8947,"contrast_score":0.2475,"priority_reason":"Why flagged for remaking in Midtown South-Flatiron-Union Square: ortho paint-missing ratio, stripe-break ratio.","top_features":[{"feature":"paint_missing_ratio","label":"ortho paint-missing ratio","contribution":1.2566,"direction":"raises priority"},{"feature":"stripe_break_ratio","label":"stripe-break ratio","contribution":1.017,"direction":"raises priority"},{"feature":"occlusion_penalty","label":"ortho occlusion","contribution":-0.2066,"direction":"lowers priority"}],"matched_311_complaints":[{"unique_key":"45347591","created_date":"2020-01-09T14:05:05.000","descriptor":"Line/Marking - Faded","incident_address":"338 8 AVENUE","url":"https://data.cityofnewyork.us/resource/erm2-nwe9.json?$select=unique_key,created_date,closed_date,agency,agency_name,complaint_type,descriptor,location_type,incident_address,status,resolution_description&$where=unique_key=%2745347591%27"}],"google_maps_url":"https://www.google.com/maps?q=40.74782272962601,-73.99664704478218","image_url":"/images/nyc-21251.jpg","thumbnail_url":"/images/nyc-21251-thumb.jpg"}},{"type":"Feature","id":"nyc-12517","geometry":{"type":"Point","coordinates":[-73.99704433424918,40.57275055402125]},"properties":{"id":"nyc-12517","intersection_label":"Surf Avenue & West 31 Street","borough":"Brooklyn","neighborhood":"Coney Island-Sea Gate","neighborhood_id":"BK1302","model_score":0.9555,"heuristic_score":71.0,"severity_score":96,"school_zone":true,"pavement_marking_311_count_since_2020":0,"pedestrian_crash_count":2,"image_paint_score":0.8069,"paint_missing_ratio":0.8667,"stripe_break_ratio":0.6957,"contrast_score":0.1329,"priority_reason":"Why flagged for remaking in Coney Island-Sea Gate: ortho paint-missing ratio, stripe-break ratio, marking contrast.","top_features":[{"feature":"paint_missing_ratio","label":"ortho paint-missing ratio","contribution":1.0563,"direction":"raises priority"},{"feature":"stripe_break_ratio","label":"stripe-break ratio","contribution":0.752,"direction":"raises priority"},{"feature":"contrast_score","label":"marking contrast","contribution":0.1748,"direction":"raises priority"}],"matched_311_complaints":[],"google_maps_url":"https://www.google.com/maps?q=40.57275055402125,-73.99704433424918","image_url":"/images/nyc-12517.jpg","thumbnail_url":"/images/nyc-12517-thumb.jpg"}},{"type":"Feature","id":"nyc-23272","geometry":{"type":"Point","coordinates":[-73.97832579191596,40.78314673301308]},"properties":{"id":"nyc-23272","intersection_label":"West 79 Street & Amsterdam Avenue","borough":"Manhattan","neighborhood":"Upper West Side (Central)","neighborhood_id":"MN0702","model_score":0.9498,"heuristic_score":79.0,"severity_score":95,"school_zone":true,"pavement_marking_311_count_since_2020":3,"pedestrian_crash_count":9,"image_paint_score":0.7669,"paint_missing_ratio":0.9248,"stripe_break_ratio":0.5722,"contrast_score":0.2475,"priority_reason":"Why flagged for remaking in Upper West Side (Central): ortho paint-missing ratio, stripe-break ratio.","top_features":[{"feature":"paint_missing_ratio","label":"ortho paint-missing ratio","contribution":1.1514,"direction":"raises priority"},{"feature":"stripe_break_ratio","label":"stripe-break ratio","contribution":0.5876,"direction":"raises priority"},{"feature":"occlusion_penalty","label":"ortho occlusion","contribution":-0.2084,"direction":"lowers priority"}],"matched_311_complaints":[{"unique_key":"66743637","created_date":"2025-11-06T12:10:12.000","descriptor":"Line/Marking - Faded","incident_address":"AMSTERDAM AVENUE","url":"https://data.cityofnewyork.us/resource/erm2-nwe9.json?$select=unique_key,created_date,closed_date,agency,agency_name,complaint_type,descriptor,location_type,incident_address,status,resolution_description&$where=unique_key=%2766743637%27"},{"unique_key":"57190952","created_date":"2023-03-31T15:34:47.000","descriptor":"Line/Marking - Faded","incident_address":"AMSTERDAM AVENUE","url":"https://data.cityofnewyork.us/resource/erm2-nwe9.json?$select=unique_key,created_date,closed_date,agency,agency_name,complaint_type,descriptor,location_type,incident_address,status,resolution_description&$where=unique_key=%2757190952%27"},{"unique_key":"56896514","created_date":"2023-02-25T11:37:21.000","descriptor":"Line/Marking - Faded","incident_address":"AMSTERDAM AVENUE","url":"https://data.cityofnewyork.us/resource/erm2-nwe9.json?$select=unique_key,created_date,closed_date,agency,agency_name,complaint_type,descriptor,location_type,incident_address,status,resolution_description&$where=unique_key=%2756896514%27"}],"google_maps_url":"https://www.google.com/maps?q=40.78314673301308,-73.97832579191596","image_url":"/images/nyc-23272.jpg","thumbnail_url":"/images/nyc-23272-thumb.jpg"}},{"type":"Feature","id":"nyc-78336","geometry":{"type":"Point","coordinates":[-74.01352773810152,40.71526285511234]},"properties":{"id":"nyc-78336","intersection_label":"West Street & Murray Street","borough":"Manhattan","neighborhood":"Financial District-Battery Park City","neighborhood_id":"MN0101","model_score":0.9471,"heuristic_score":74.0,"severity_score":95,"school_zone":true,"pavement_marking_311_count_since_2020":0,"pedestrian_crash_count":0,"image_paint_score":0.8343,"paint_missing_ratio":0.9351,"stripe_break_ratio":0.7356,"contrast_score":0.22,"priority_reason":"Why flagged for remaking in Financial District-Battery Park City: ortho paint-missing ratio, stripe-break ratio.","top_features":[{"feature":"paint_missing_ratio","label":"ortho paint-missing ratio","contribution":1.1682,"direction":"raises priority"},{"feature":"stripe_break_ratio","label":"stripe-break ratio","contribution":0.8052,"direction":"raises priority"},{"feature":"occlusion_penalty","label":"ortho occlusion","contribution":-0.1848,"direction":"lowers priority"}],"matched_311_complaints":[],"google_maps_url":"https://www.google.com/maps?q=40.71526285511234,-74.01352773810152","image_url":"/images/nyc-78336.jpg","thumbnail_url":"/images/nyc-78336-thumb.jpg"}},{"type":"Feature","id":"nyc-41385","geometry":{"type":"Point","coordinates":[-73.93739653684719,40.74891643983232]},"properties":{"id":"nyc-41385","intersection_label":"Queens Plaza & Queens Plaza East","borough":"Queens","neighborhood":"Long Island City-Hunters Point","neighborhood_id":"QN0201","model_score":0.9441,"heuristic_score":92.0,"severity_score":94,"school_zone":false,"pavement_marking_311_count_since_2020":8,"pedestrian_crash_count":11,"image_paint_score":0.8792,"paint_missing_ratio":0.9779,"stripe_break_ratio":0.8423,"contrast_score":0.2781,"priority_reason":"Why flagged for remaking in Long Island City-Hunters Point: ortho paint-missing ratio, stripe-break ratio.","top_features":[{"feature":"paint_missing_ratio","label":"ortho paint-missing ratio","contribution":1.2383,"direction":"raises priority"},{"feature":"stripe_break_ratio","label":"stripe-break ratio","contribution":0.9472,"direction":"raises priority"},{"feature":"occlusion_penalty","label":"ortho occlusion","contribution":-0.2082,"direction":"lowers priority"}],"matched_311_complaints":[{"unique_key":"67820288","created_date":"2026-02-02T12:58:02.000","descriptor":"Line/Marking - After Repaving","incident_address":"QUEENS PLAZA EAST","url":"https://data.cityofnewyork.us/resource/erm2-nwe9.json?$select=unique_key,created_date,closed_date,agency,agency_name,complaint_type,descriptor,location_type,incident_address,status,resolution_description&$where=unique_key=%2767820288%27"},{"unique_key":"67824035","created_date":"2026-02-02T12:10:02.000","descriptor":"Line/Marking - Faded","incident_address":"JACKSON AVENUE","url":"https://data.cityofnewyork.us/resource/erm2-nwe9.json?$select=unique_key,created_date,closed_date,agency,agency_name,complaint_type,descriptor,location_type,incident_address,status,resolution_description&$where=unique_key=%2767824035%27"},{"unique_key":"66050041","created_date":"2025-09-04T09:58:30.000","descriptor":"Line/Marking - After Repaving","incident_address":"JACKSON AVENUE","url":"https://data.cityofnewyork.us/resource/erm2-nwe9.json?$select=unique_key,created_date,closed_date,agency,agency_name,complaint_type,descriptor,location_type,incident_address,status,resolution_description&$where=unique_key=%2766050041%27"}],"google_maps_url":"https://www.google.com/maps?q=40.74891643983232,-73.93739653684719","image_url":"/images/nyc-41385.jpg","thumbnail_url":"/images/nyc-41385-thumb.jpg"}},{"type":"Feature","id":"nyc-48757","geometry":{"type":"Point","coordinates":[-73.89942436234881,40.86788083762186]},"properties":{"id":"nyc-48757","intersection_label":"West Kingsbridge Road & Reservoir Avenue","borough":"Bronx","neighborhood":"University Heights (North)-Fordham","neighborhood_id":"BX0701","model_score":0.9427,"heuristic_score":68.0,"severity_score":94,"school_zone":true,"pavement_marking_311_count_since_2020":0,"pedestrian_crash_count":6,"image_paint_score":0.7527,"paint_missing_ratio":0.8732,"stripe_break_ratio":0.5482,"contrast_score":0.1604,"priority_reason":"Why flagged for remaking in University Heights (North)-Fordham: ortho paint-missing ratio, stripe-break ratio, marking contrast.","top_features":[{"feature":"paint_missing_ratio","label":"ortho paint-missing ratio","contribution":1.0669,"direction":"raises priority"},{"feature":"stripe_break_ratio","label":"stripe-break ratio","contribution":0.5557,"direction":"raises priority"},{"feature":"contrast_score","label":"marking contrast","contribution":0.1653,"direction":"raises priority"}],"matched_311_complaints":[],"google_maps_url":"https://www.google.com/maps?q=40.86788083762186,-73.89942436234881","image_url":"/images/nyc-48757.jpg","thumbnail_url":"/images/nyc-48757-thumb.jpg"}},{"type":"Feature","id":"nyc-9040978","geometry":{"type":"Point","coordinates":[-73.91941763361635,40.66839704462346]},"properties":{"id":"nyc-9040978","intersection_label":"Pitkin Avenue & East New York Avenue","borough":"Brooklyn","neighborhood":"Brownsville","neighborhood_id":"BK1602","model_score":0.9407,"heuristic_score":73.0,"severity_score":94,"school_zone":true,"pavement_marking_311_count_since_2020":0,"pedestrian_crash_count":0,"image_paint_score":0.8238,"paint_missing_ratio":0.9217,"stripe_break_ratio":0.6828,"contrast_score":0.1497,"priority_reason":"Why flagged for remaking in Brownsville: ortho paint-missing ratio, stripe-break ratio, marking contrast.","top_features":[{"feature":"paint_missing_ratio","label":"ortho paint-missing ratio","contribution":1.1463,"direction":"raises priority"},{"feature":"stripe_break_ratio","label":"stripe-break ratio","contribution":0.7349,"direction":"raises priority"},{"feature":"contrast_score","label":"marking contrast","contribution":0.169,"direction":"raises priority"}],"matched_311_complaints":[],"google_maps_url":"https://www.google.com/maps?q=40.66839704462346,-73.91941763361635","image_url":"/images/nyc-9040978.jpg","thumbnail_url":"/images/nyc-9040978-thumb.jpg"}},{"type":"Feature","id":"nyc-22834","geometry":{"type":"Point","coordinates":[-73.96297460215287,40.76248707603061]},"properties":{"id":"nyc-22834","intersection_label":"2 Avenue & East 62 Street","borough":"Manhattan","neighborhood":"Upper East Side-Lenox Hill-Roosevelt Island","neighborhood_id":"MN0801","model_score":0.9386,"heuristic_score":73.0,"severity_score":94,"school_zone":true,"pavement_marking_311_count_since_2020":2,"pedestrian_crash_count":6,"image_paint_score":0.7525,"paint_missing_ratio":0.8802,"stripe_break_ratio":0.6294,"contrast_score":0.3193,"priority_reason":"Why flagged for remaking in Upper East Side-Lenox Hill-Roosevelt Island: ortho paint-missing ratio, stripe-break ratio.","top_features":[{"feature":"paint_missing_ratio","label":"ortho paint-missing ratio","contribution":1.0784,"direction":"raises priority"},{"feature":"stripe_break_ratio","label":"stripe-break ratio","contribution":0.6638,"direction":"raises priority"},{"feature":"occlusion_penalty","label":"ortho occlusion","contribution":-0.2087,"direction":"lowers priority"}],"matched_311_complaints":[{"unique_key":"61563267","created_date":"2024-06-21T16:50:54.000","descriptor":"Line/Marking - After Repaving","incident_address":"1180 2 AVENUE","url":"https://data.cityofnewyork.us/resource/erm2-nwe9.json?$select=unique_key,created_date,closed_date,agency,agency_name,complaint_type,descriptor,location_type,incident_address,status,resolution_description&$where=unique_key=%2761563267%27"},{"unique_key":"51251892","created_date":"2021-07-19T14:45:55.000","descriptor":"Line/Marking - Faded","incident_address":"2 AVENUE","url":"https://data.cityofnewyork.us/resource/erm2-nwe9.json?$select=unique_key,created_date,closed_date,agency,agency_name,complaint_type,descriptor,location_type,incident_address,status,resolution_description&$where=unique_key=%2751251892%27"}],"google_maps_url":"https://www.google.com/maps?q=40.76248707603061,-73.96297460215287","image_url":"/images/nyc-22834.jpg","thumbnail_url":"/images/nyc-22834-thumb.jpg"}},{"type":"Feature","id":"nyc-9699","geometry":{"type":"Point","coordinates":[-74.08633255014429,40.58718545477965]},"properties":{"id":"nyc-9699","intersection_label":"Delaware Avenue & Mason Avenue","borough":"Staten Island","neighborhood":"Grasmere-Arrochar-South Beach-Dongan Hills","neighborhood_id":"SI0201","model_score":0.9379,"heuristic_score":81.0,"severity_score":94,"school_zone":false,"pavement_marking_311_count_since_2020":0,"pedestrian_crash_count":1,"image_paint_score":0.9249,"paint_missing_ratio":0.9875,"stripe_break_ratio":0.8539,"contrast_score":0.0917,"priority_reason":"Why flagged for remaking in Grasmere-Arrochar-South Beach-Dongan Hills: ortho paint-missing ratio, stripe-break ratio, marking contrast.","top_features":[{"feature":"paint_missing_ratio","label":"ortho paint-missing ratio","contribution":1.254,"direction":"raises priority"},{"feature":"stripe_break_ratio","label":"stripe-break ratio","contribution":0.9627,"direction":"raises priority"},{"feature":"contrast_score","label":"marking contrast","contribution":0.1889,"direction":"raises priority"}],"matched_311_complaints":[],"google_maps_url":"https://www.google.com/maps?q=40.58718545477965,-74.08633255014429","image_url":"/images/nyc-9699.jpg","thumbnail_url":"/images/nyc-9699-thumb.jpg"}},{"type":"Feature","id":"nyc-20647","geometry":{"type":"Point","coordinates":[-73.99683993993698,40.73736088842209]},"properties":{"id":"nyc-20647","intersection_label":"Avenue Of The Americas & West 14 Street","borough":"Manhattan","neighborhood":"Greenwich Village","neighborhood_id":"MN0202","model_score":0.9374,"heuristic_score":74.0,"severity_score":94,"school_zone":true,"pavement_marking_311_count_since_2020":2,"pedestrian_crash_count":8,"image_paint_score":0.7509,"paint_missing_ratio":0.9095,"stripe_break_ratio":0.5958,"contrast_score":0.3346,"priority_reason":"Why flagged for remaking in Greenwich Village: ortho paint-missing ratio, stripe-break ratio.","top_features":[{"feature":"paint_missing_ratio","label":"ortho paint-missing ratio","contribution":1.1263,"direction":"raises priority"},{"feature":"stripe_break_ratio","label":"stripe-break ratio","contribution":0.619,"direction":"raises priority"},{"feature":"occlusion_penalty","label":"ortho occlusion","contribution":-0.2086,"direction":"lowers priority"}],"matched_311_complaints":[{"unique_key":"60959530","created_date":"2024-04-23T14:18:14.000","descriptor":"Line/Marking - After Repaving","incident_address":"6 AVENUE","url":"https://data.cityofnewyork.us/resource/erm2-nwe9.json?$select=unique_key,created_date,closed_date,agency,agency_name,complaint_type,descriptor,location_type,incident_address,status,resolution_description&$where=unique_key=%2760959530%27"},{"unique_key":"54089865","created_date":"2022-05-05T17:37:21.000","descriptor":"Line/Marking - Faded","incident_address":"AVENUE OF AMERICAS","url":"https://data.cityofnewyork.us/resource/erm2-nwe9.json?$select=unique_key,created_date,closed_date,agency,agency_name,complaint_type,descriptor,location_type,incident_address,status,resolution_description&$where=unique_key=%2754089865%27"}],"google_maps_url":"https://www.google.com/maps?q=40.73736088842209,-73.99683993993698","image_url":"/images/nyc-20647.jpg","thumbnail_url":"/images/nyc-20647-thumb.jpg"}},{"type":"Feature","id":"nyc-18439","geometry":{"type":"Point","coordinates":[-73.94859156919966,40.65085500469989]},"properties":{"id":"nyc-18439","intersection_label":"Church Avenue & Fairview Place","borough":"Brooklyn","neighborhood":"East Flatbush-Erasmus","neighborhood_id":"BK1701","model_score":0.925,"heuristic_score":84.0,"severity_score":92,"school_zone":false,"pavement_marking_311_count_since_2020":3,"pedestrian_crash_count":9,"image_paint_score":0.8519,"paint_missing_ratio":0.9288,"stripe_break_ratio":0.7573,"contrast_score":0.1558,"priority_reason":"Why flagged for remaking in East Flatbush-Erasmus: ortho paint-missing ratio, stripe-break ratio, marking contrast.","top_features":[{"feature":"paint_missing_ratio","label":"ortho paint-missing ratio","contribution":1.1579,"direction":"raises priority"},{"feature":"stripe_break_ratio","label":"stripe-break ratio","contribution":0.8341,"direction":"raises priority"},{"feature":"contrast_score","label":"marking contrast","contribution":0.1669,"direction":"raises priority"}],"matched_311_complaints":[{"unique_key":"59491925","created_date":"2023-11-19T12:51:46.000","descriptor":"Line/Marking - Faded","incident_address":"CHURCH AVENUE","url":"https://data.cityofnewyork.us/resource/erm2-nwe9.json?$select=unique_key,created_date,closed_date,agency,agency_name,complaint_type,descriptor,location_type,incident_address,status,resolution_description&$where=unique_key=%2759491925%27"},{"unique_key":"51151103","created_date":"2021-07-09T06:59:22.000","descriptor":"Line/Marking - Faded","incident_address":"CHURCH AVENUE","url":"https://data.cityofnewyork.us/resource/erm2-nwe9.json?$select=unique_key,created_date,closed_date,agency,agency_name,complaint_type,descriptor,location_type,incident_address,status,resolution_description&$where=unique_key=%2751151103%27"},{"unique_key":"50453479","created_date":"2021-05-03T20:49:49.000","descriptor":"Line/Marking - Faded","incident_address":"CHURCH AVENUE","url":"https://data.cityofnewyork.us/resource/erm2-nwe9.json?$select=unique_key,created_date,closed_date,agency,agency_name,complaint_type,descriptor,location_type,incident_address,status,resolution_description&$where=unique_key=%2750453479%27"}],"google_maps_url":"https://www.google.com/maps?q=40.65085500469989,-73.94859156919966","image_url":"/images/nyc-18439.jpg","thumbnail_url":"/images/nyc-18439-thumb.jpg"}},{"type":"Feature","id":"nyc-21288","geometry":{"type":"Point","coordinates":[-73.99593149786939,40.75899645238691]},"properties":{"id":"nyc-21288","intersection_label":"10 Avenue & West 41 Street","borough":"Manhattan","neighborhood":"Hell's Kitchen","neighborhood_id":"MN0402","model_score":0.9219,"heuristic_score":72.0,"severity_score":92,"school_zone":true,"pavement_marking_311_count_since_2020":2,"pedestrian_crash_count":5,"image_paint_score":0.7326,"paint_missing_ratio":0.8669,"stripe_break_ratio":0.6049,"contrast_score":0.3462,"priority_reason":"Why flagged for remaking in Hell's Kitchen: ortho paint-missing ratio, stripe-break ratio.","top_features":[{"feature":"paint_missing_ratio","label":"ortho paint-missing ratio","contribution":1.0566,"direction":"raises priority"},{"feature":"stripe_break_ratio","label":"stripe-break ratio","contribution":0.6311,"direction":"raises priority"},{"feature":"occlusion_penalty","label":"ortho occlusion","contribution":-0.2083,"direction":"lowers priority"}],"matched_311_complaints":[{"unique_key":"64357486","created_date":"2025-03-14T09:09:51.000","descriptor":"Line/Marking - Faded","incident_address":"502 WEST   41 STREET","url":"https://data.cityofnewyork.us/resource/erm2-nwe9.json?$select=unique_key,created_date,closed_date,agency,agency_name,complaint_type,descriptor,location_type,incident_address,status,resolution_description&$where=unique_key=%2764357486%27"},{"unique_key":"56052548","created_date":"2022-11-21T07:56:50.000","descriptor":"Line/Marking - Faded","incident_address":"10 AVENUE","url":"https://data.cityofnewyork.us/resource/erm2-nwe9.json?$select=unique_key,created_date,closed_date,agency,agency_name,complaint_type,descriptor,location_type,incident_address,status,resolution_description&$where=unique_key=%2756052548%27"}],"google_maps_url":"https://www.google.com/maps?q=40.75899645238691,-73.99593149786939","image_url":"/images/nyc-21288.jpg","thumbnail_url":"/images/nyc-21288-thumb.jpg"}},{"type":"Feature","id":"nyc-46524","geometry":{"type":"Point","coordinates":[-73.89527205137752,40.76834579221004]},"properties":{"id":"nyc-46524","intersection_label":"Ditmars Boulevard & 74 Street","borough":"Queens","neighborhood":"Astoria (North)-Ditmars-Steinway","neighborhood_id":"QN0101","model_score":0.9192,"heuristic_score":68.0,"severity_score":92,"school_zone":true,"pavement_marking_311_count_since_2020":0,"pedestrian_crash_count":1,"image_paint_score":0.7749,"paint_missing_ratio":0.8465,"stripe_break_ratio":0.6765,"contrast_score":0.2139,"priority_reason":"Why flagged for remaking in Astoria (North)-Ditmars-Steinway: ortho paint-missing ratio, stripe-break ratio, marking contrast.","top_features":[{"feature":"paint_missing_ratio","label":"ortho paint-missing ratio","contribution":1.0232,"direction":"raises priority"},{"feature":"stripe_break_ratio","label":"stripe-break ratio","contribution":0.7265,"direction":"raises priority"},{"feature":"contrast_score","label":"marking contrast","contribution":0.147,"direction":"raises priority"}],"matched_311_complaints":[],"google_maps_url":"https://www.google.com/maps?q=40.76834579221004,-73.89527205137752","image_url":"/images/nyc-46524.jpg","thumbnail_url":"/images/nyc-46524-thumb.jpg"}},{"type":"Feature","id":"nyc-36758","geometry":{"type":"Point","coordinates":[-73.77299539344477,40.68120882422774]},"properties":{"id":"nyc-36758","intersection_label":"Baisley Boulevard & 171 Street","borough":"Queens","neighborhood":"Springfield Gardens (North)-Rochdale Village","neighborhood_id":"QN1204","model_score":0.9184,"heuristic_score":70.0,"severity_score":92,"school_zone":true,"pavement_marking_311_count_since_2020":0,"pedestrian_crash_count":0,"image_paint_score":0.7923,"paint_missing_ratio":0.8674,"stripe_break_ratio":0.714,"contrast_score":0.2399,"priority_reason":"Why flagged for remaking in Springfield Gardens (North)-Rochdale Village: ortho paint-missing ratio, stripe-break ratio, marking contrast.","top_features":[{"feature":"paint_missing_ratio","label":"ortho paint-missing ratio","contribution":1.0574,"direction":"raises priority"},{"feature":"stripe_break_ratio","label":"stripe-break ratio","contribution":0.7764,"direction":"raises priority"},{"feature":"contrast_score","label":"marking contrast","contribution":0.1381,"direction":"raises priority"}],"matched_311_complaints":[],"google_maps_url":"https://www.google.com/maps?q=40.68120882422774,-73.77299539344477","image_url":"/images/nyc-36758.jpg","thumbnail_url":"/images/nyc-36758-thumb.jpg"}},{"type":"Feature","id":"nyc-21467","geometry":{"type":"Point","coordinates":[-73.98504970015989,40.758573625309545]},"properties":{"id":"nyc-21467","intersection_label":"7 Avenue & West 46 Street","borough":"Manhattan","neighborhood":"Midtown-Times Square","neighborhood_id":"MN0502","model_score":0.9176,"heuristic_score":90.0,"severity_score":92,"school_zone":false,"pavement_marking_311_count_since_2020":8,"pedestrian_crash_count":5,"image_paint_score":0.8456,"paint_missing_ratio":0.9663,"stripe_break_ratio":0.8212,"contrast_score":0.3835,"priority_reason":"Why flagged for remaking in Midtown-Times Square: ortho paint-missing ratio, stripe-break ratio.","top_features":[{"feature":"paint_missing_ratio","label":"ortho paint-missing ratio","contribution":1.2193,"direction":"raises priority"},{"feature":"stripe_break_ratio","label":"stripe-break ratio","contribution":0.9191,"direction":"raises priority"},{"feature":"occlusion_penalty","label":"ortho occlusion","contribution":-0.2087,"direction":"lowers priority"}],"matched_311_complaints":[{"unique_key":"63021156","created_date":"2024-11-08T11:54:42.000","descriptor":"Line/Marking - After Repaving","incident_address":"7 AVENUE","url":"https://data.cityofnewyork.us/resource/erm2-nwe9.json?$select=unique_key,created_date,closed_date,agency,agency_name,complaint_type,descriptor,location_type,incident_address,status,resolution_description&$where=unique_key=%2763021156%27"},{"unique_key":"62097239","created_date":"2024-08-12T17:33:57.000","descriptor":"Line/Marking - After Repaving","incident_address":"1560 BROADWAY","url":"https://data.cityofnewyork.us/resource/erm2-nwe9.json?$select=unique_key,created_date,closed_date,agency,agency_name,complaint_type,descriptor,location_type,incident_address,status,resolution_description&$where=unique_key=%2762097239%27"},{"unique_key":"60575444","created_date":"2024-03-14T00:13:14.000","descriptor":"Line/Marking - Faded","incident_address":"1552 BROADWAY","url":"https://data.cityofnewyork.us/resource/erm2-nwe9.json?$select=unique_key,created_date,closed_date,agency,agency_name,complaint_type,descriptor,location_type,incident_address,status,resolution_description&$where=unique_key=%2760575444%27"}],"google_maps_url":"https://www.google.com/maps?q=40.758573625309545,-73.98504970015989","image_url":"/images/nyc-21467.jpg","thumbnail_url":"/images/nyc-21467-thumb.jpg"}},{"type":"Feature","id":"nyc-21618","geometry":{"type":"Point","coordinates":[-73.98999457504671,40.77224100067]},"properties":{"id":"nyc-21618","intersection_label":"West End Avenue & West 60 Street","borough":"Manhattan","neighborhood":"Upper West Side-Lincoln Square","neighborhood_id":"MN0701","model_score":0.9151,"heuristic_score":73.0,"severity_score":92,"school_zone":true,"pavement_marking_311_count_since_2020":1,"pedestrian_crash_count":0,"image_paint_score":0.7948,"paint_missing_ratio":0.8779,"stripe_break_ratio":0.7707,"contrast_score":0.3499,"priority_reason":"Why flagged for remaking in Upper West Side-Lincoln Square: ortho paint-missing ratio, stripe-break ratio.","top_features":[{"feature":"paint_missing_ratio","label":"ortho paint-missing ratio","contribution":1.0746,"direction":"raises priority"},{"feature":"stripe_break_ratio","label":"stripe-break ratio","contribution":0.8519,"direction":"raises priority"},{"feature":"occlusion_penalty","label":"ortho occlusion","contribution":-0.2076,"direction":"lowers priority"}],"matched_311_complaints":[{"unique_key":"59568544","created_date":"2023-11-28T14:44:59.000","descriptor":"Line/Marking - After Repaving","incident_address":"WEST   60 STREET","url":"https://data.cityofnewyork.us/resource/erm2-nwe9.json?$select=unique_key,created_date,closed_date,agency,agency_name,complaint_type,descriptor,location_type,incident_address,status,resolution_description&$where=unique_key=%2759568544%27"}],"google_maps_url":"https://www.google.com/maps?q=40.77224100067,-73.98999457504671","image_url":"/images/nyc-21618.jpg","thumbnail_url":"/images/nyc-21618-thumb.jpg"}},{"type":"Feature","id":"nyc-47585","geometry":{"type":"Point","coordinates":[-73.88120868399645,40.805360505376896]},"properties":{"id":"nyc-47585","intersection_label":"Ryawa Avenue & Whittier Street","borough":"Bronx","neighborhood":"Hunts Point","neighborhood_id":"BX0201","model_score":0.9129,"heuristic_score":80.0,"severity_score":91,"school_zone":false,"pavement_marking_311_count_since_2020":0,"pedestrian_crash_count":0,"image_paint_score":0.9086,"paint_missing_ratio":0.9811,"stripe_break_ratio":0.7972,"contrast_score":0.0596,"priority_reason":"Why flagged for remaking in Hunts Point: ortho paint-missing ratio, stripe-break ratio, marking contrast.","top_features":[{"feature":"paint_missing_ratio","label":"ortho paint-missing ratio","contribution":1.2435,"direction":"raises priority"},{"feature":"stripe_break_ratio","label":"stripe-break ratio","contribution":0.8872,"direction":"raises priority"},{"feature":"contrast_score","label":"marking contrast","contribution":0.1999,"direction":"raises priority"}],"matched_311_complaints":[],"google_maps_url":"https://www.google.com/maps?q=40.805360505376896,-73.88120868399645","image_url":"/images/nyc-47585.jpg","thumbnail_url":"/images/nyc-47585-thumb.jpg"}},{"type":"Feature","id":"nyc-69717","geometry":{"type":"Point","coordinates":[-73.93765825067713,40.74882020149143]},"properties":{"id":"nyc-69717","intersection_label":"Jackson Avenue & Queens Plaza South","borough":"Queens","neighborhood":"Long Island City-Hunters Point","neighborhood_id":"QN0201","model_score":0.9108,"heuristic_score":76.0,"severity_score":91,"school_zone":true,"pavement_marking_311_count_since_2020":2,"pedestrian_crash_count":1,"image_paint_score":0.7757,"paint_missing_ratio":0.9352,"stripe_break_ratio":0.6337,"contrast_score":0.3346,"priority_reason":"Why flagged for remaking in Long Island City-Hunters Point: ortho paint-missing ratio, stripe-break ratio.","top_features":[{"feature":"paint_missing_ratio","label":"ortho paint-missing ratio","contribution":1.1684,"direction":"raises priority"},{"feature":"stripe_break_ratio","label":"stripe-break ratio","contribution":0.6695,"direction":"raises priority"},{"feature":"occlusion_penalty","label":"ortho occlusion","contribution":-0.1993,"direction":"lowers priority"}],"matched_311_complaints":[{"unique_key":"69017331","created_date":"2026-05-16T13:32:11.000","descriptor":"Line/Marking - After Repaving","incident_address":"28-40 JACKSON AVENUE","url":"https://data.cityofnewyork.us/resource/erm2-nwe9.json?$select=unique_key,created_date,closed_date,agency,agency_name,complaint_type,descriptor,location_type,incident_address,status,resolution_description&$where=unique_key=%2769017331%27"},{"unique_key":"68470865","created_date":"2026-03-27T11:14:28.000","descriptor":"Line/Marking - Faded","incident_address":"28-40 JACKSON AVENUE","url":"https://data.cityofnewyork.us/resource/erm2-nwe9.json?$select=unique_key,created_date,closed_date,agency,agency_name,complaint_type,descriptor,location_type,incident_address,status,resolution_description&$where=unique_key=%2768470865%27"}],"google_maps_url":"https://www.google.com/maps?q=40.74882020149143,-73.93765825067713","image_url":"/images/nyc-69717.jpg","thumbnail_url":"/images/nyc-69717-thumb.jpg"}},{"type":"Feature","id":"nyc-23377","geometry":{"type":"Point","coordinates":[-73.97271644070354,40.795928787560776]},"properties":{"id":"nyc-23377","intersection_label":"West End Avenue & West 97 Street","borough":"Manhattan","neighborhood":"Upper West Side (Central)","neighborhood_id":"MN0702","model_score":0.9008,"heuristic_score":75.0,"severity_score":90,"school_zone":true,"pavement_marking_311_count_since_2020":2,"pedestrian_crash_count":2,"image_paint_score":0.7509,"paint_missing_ratio":0.9383,"stripe_break_ratio":0.5386,"contrast_score":0.2994,"priority_reason":"Why flagged for remaking in Upper West Side (Central): ortho paint-missing ratio, stripe-break ratio.","top_features":[{"feature":"paint_missing_ratio","label":"ortho paint-missing ratio","contribution":1.1735,"direction":"raises priority"},{"feature":"stripe_break_ratio","label":"stripe-break ratio","contribution":0.5429,"direction":"raises priority"},{"feature":"occlusion_penalty","label":"ortho occlusion","contribution":-0.2087,"direction":"lowers priority"}],"matched_311_complaints":[{"unique_key":"54691836","created_date":"2022-07-05T17:49:12.000","descriptor":"Line/Marking - After Repaving","incident_address":"755 WEST END AVENUE","url":"https://data.cityofnewyork.us/resource/erm2-nwe9.json?$select=unique_key,created_date,closed_date,agency,agency_name,complaint_type,descriptor,location_type,incident_address,status,resolution_description&$where=unique_key=%2754691836%27"},{"unique_key":"54143715","created_date":"2022-05-11T20:24:34.000","descriptor":"Line/Marking - After Repaving","incident_address":"WEST   97 STREET","url":"https://data.cityofnewyork.us/resource/erm2-nwe9.json?$select=unique_key,created_date,closed_date,agency,agency_name,complaint_type,descriptor,location_type,incident_address,status,resolution_description&$where=unique_key=%2754143715%27"}],"google_maps_url":"https://www.google.com/maps?q=40.795928787560776,-73.97271644070354","image_url":"/images/nyc-23377.jpg","thumbnail_url":"/images/nyc-23377-thumb.jpg"}},{"type":"Feature","id":"nyc-57996","geometry":{"type":"Point","coordinates":[-73.82659404667903,40.8729386231392]},"properties":{"id":"nyc-57996","intersection_label":"Bellamy Loop & Co-op City Sect 4 Ped Path","borough":"Bronx","neighborhood":"Co-op City","neighborhood_id":"BX1004","model_score":0.9005,"heuristic_score":94.0,"severity_score":90,"school_zone":false,"pavement_marking_311_count_since_2020":8,"pedestrian_crash_count":0,"image_paint_score":0.9006,"paint_missing_ratio":0.9785,"stripe_break_ratio":0.8433,"contrast_score":0.1742,"priority_reason":"Why flagged for remaking in Co-op City: ortho paint-missing ratio, stripe-break ratio.","top_features":[{"feature":"paint_missing_ratio","label":"ortho paint-missing ratio","contribution":1.2393,"direction":"raises priority"},{"feature":"stripe_break_ratio","label":"stripe-break ratio","contribution":0.9486,"direction":"raises priority"},{"feature":"occlusion_penalty","label":"ortho occlusion","contribution":-0.2071,"direction":"lowers priority"}],"matched_311_complaints":[{"unique_key":"63535568","created_date":"2024-12-27T18:18:31.000","descriptor":"Line/Marking - After Repaving","incident_address":"140 BELLAMY LOOP","url":"https://data.cityofnewyork.us/resource/erm2-nwe9.json?$select=unique_key,created_date,closed_date,agency,agency_name,complaint_type,descriptor,location_type,incident_address,status,resolution_description&$where=unique_key=%2763535568%27"},{"unique_key":"60164639","created_date":"2024-01-28T14:45:11.000","descriptor":"Line/Marking - After Repaving","incident_address":"140 BELLAMY LOOP","url":"https://data.cityofnewyork.us/resource/erm2-nwe9.json?$select=unique_key,created_date,closed_date,agency,agency_name,complaint_type,descriptor,location_type,incident_address,status,resolution_description&$where=unique_key=%2760164639%27"},{"unique_key":"58458610","created_date":"2023-08-09T15:19:44.000","descriptor":"Line/Marking - After Repaving","incident_address":"140 BELLAMY LOOP","url":"https://data.cityofnewyork.us/resource/erm2-nwe9.json?$select=unique_key,created_date,closed_date,agency,agency_name,complaint_type,descriptor,location_type,incident_address,status,resolution_description&$where=unique_key=%2758458610%27"}],"google_maps_url":"https://www.google.com/maps?q=40.8729386231392,-73.82659404667903","image_url":"/images/nyc-57996.jpg","thumbnail_url":"/images/nyc-57996-thumb.jpg"}},{"type":"Feature","id":"nyc-44543","geometry":{"type":"Point","coordinates":[-73.9189422567369,40.86446291176298]},"properties":{"id":"nyc-44543","intersection_label":"West 207 Street & 10 Avenue","borough":"Manhattan","neighborhood":"Inwood","neighborhood_id":"MN1203","model_score":0.8981,"heuristic_score":74.0,"severity_score":90,"school_zone":false,"pavement_marking_311_count_since_2020":0,"pedestrian_crash_count":18,"image_paint_score":0.8193,"paint_missing_ratio":0.9543,"stripe_break_ratio":0.6674,"contrast_score":0.2185,"priority_reason":"Why flagged for remaking in Inwood: ortho paint-missing ratio, stripe-break ratio, marking contrast.","top_features":[{"feature":"paint_missing_ratio","label":"ortho paint-missing ratio","contribution":1.1997,"direction":"raises priority"},{"feature":"stripe_break_ratio","label":"stripe-break ratio","contribution":0.7144,"direction":"raises priority"},{"feature":"contrast_score","label":"marking contrast","contribution":0.1454,"direction":"raises priority"}],"matched_311_complaints":[],"google_maps_url":"https://www.google.com/maps?q=40.86446291176298,-73.9189422567369","image_url":"/images/nyc-44543.jpg","thumbnail_url":"/images/nyc-44543-thumb.jpg"}},{"type":"Feature","id":"nyc-12399","geometry":{"type":"Point","coordinates":[-74.01662578519408,40.708133934713615]},"properties":{"id":"nyc-12399","intersection_label":"West Thames Street & Battery Place","borough":"Manhattan","neighborhood":"Financial District-Battery Park City","neighborhood_id":"MN0101","model_score":0.8981,"heuristic_score":72.0,"severity_score":90,"school_zone":true,"pavement_marking_311_count_since_2020":1,"pedestrian_crash_count":1,"image_paint_score":0.7624,"paint_missing_ratio":0.9211,"stripe_break_ratio":0.5727,"contrast_score":0.2628,"priority_reason":"Why flagged for remaking in Financial District-Battery Park City: ortho paint-missing ratio, stripe-break ratio.","top_features":[{"feature":"paint_missing_ratio","label":"ortho paint-missing ratio","contribution":1.1453,"direction":"raises priority"},{"feature":"stripe_break_ratio","label":"stripe-break ratio","contribution":0.5883,"direction":"raises priority"},{"feature":"occlusion_penalty","label":"ortho occlusion","contribution":-0.2087,"direction":"lowers priority"}],"matched_311_complaints":[{"unique_key":"48045369","created_date":"2020-11-02T11:53:06.000","descriptor":"Line/Marking - After Repaving","incident_address":"BATTERY PLACE","url":"https://data.cityofnewyork.us/resource/erm2-nwe9.json?$select=unique_key,created_date,closed_date,agency,agency_name,complaint_type,descriptor,location_type,incident_address,status,resolution_description&$where=unique_key=%2748045369%27"}],"google_maps_url":"https://www.google.com/maps?q=40.708133934713615,-74.01662578519408","image_url":"/images/nyc-12399.jpg","thumbnail_url":"/images/nyc-12399-thumb.jpg"}},{"type":"Feature","id":"nyc-15354","geometry":{"type":"Point","coordinates":[-74.00809981896613,40.71199440397159]},"properties":{"id":"nyc-15354","intersection_label":"Broadway & Barclay Street","borough":"Manhattan","neighborhood":"Tribeca-Civic Center","neighborhood_id":"MN0102","model_score":0.8959,"heuristic_score":66.0,"severity_score":90,"school_zone":true,"pavement_marking_311_count_since_2020":0,"pedestrian_crash_count":2,"image_paint_score":0.7436,"paint_missing_ratio":0.8514,"stripe_break_ratio":0.6679,"contrast_score":0.3667,"priority_reason":"Why flagged for remaking in Tribeca-Civic Center: ortho paint-missing ratio, stripe-break ratio.","top_features":[{"feature":"paint_missing_ratio","label":"ortho paint-missing ratio","contribution":1.0312,"direction":"raises priority"},{"feature":"stripe_break_ratio","label":"stripe-break ratio","contribution":0.715,"direction":"raises priority"},{"feature":"occlusion_penalty","label":"ortho occlusion","contribution":-0.2059,"direction":"lowers priority"}],"matched_311_complaints":[],"google_maps_url":"https://www.google.com/maps?q=40.71199440397159,-74.00809981896613","image_url":"/images/nyc-15354.jpg","thumbnail_url":"/images/nyc-15354-thumb.jpg"}},{"type":"Feature","id":"nyc-23716","geometry":{"type":"Point","coordinates":[-73.95028254899944,40.78389046894583]},"properties":{"id":"nyc-23716","intersection_label":"3 Avenue & East 94 Street","borough":"Manhattan","neighborhood":"Upper East Side-Yorkville","neighborhood_id":"MN0803","model_score":0.8955,"heuristic_score":65.0,"severity_score":90,"school_zone":true,"pavement_marking_311_count_since_2020":0,"pedestrian_crash_count":5,"image_paint_score":0.7022,"paint_missing_ratio":0.8937,"stripe_break_ratio":0.4867,"contrast_score":0.3514,"priority_reason":"Why flagged for remaking in Upper East Side-Yorkville: ortho paint-missing ratio, stripe-break ratio.","top_features":[{"feature":"paint_missing_ratio","label":"ortho paint-missing ratio","contribution":1.1005,"direction":"raises priority"},{"feature":"stripe_break_ratio","label":"stripe-break ratio","contribution":0.4738,"direction":"raises priority"},{"feature":"occlusion_penalty","label":"ortho occlusion","contribution":-0.2087,"direction":"lowers priority"}],"matched_311_complaints":[],"google_maps_url":"https://www.google.com/maps?q=40.78389046894583,-73.95028254899944","image_url":"/images/nyc-23716.jpg","thumbnail_url":"/images/nyc-23716-thumb.jpg"}},{"type":"Feature","id":"nyc-48614","geometry":{"type":"Point","coordinates":[-73.9066333645531,40.87674376301111]},"properties":{"id":"nyc-48614","intersection_label":"Broadway & West 230 Street","borough":"Bronx","neighborhood":"Kingsbridge-Marble Hill","neighborhood_id":"BX0802","model_score":0.8918,"heuristic_score":70.0,"severity_score":89,"school_zone":true,"pavement_marking_311_count_since_2020":1,"pedestrian_crash_count":1,"image_paint_score":0.7516,"paint_missing_ratio":0.9034,"stripe_break_ratio":0.6736,"contrast_score":0.4537,"priority_reason":"Why flagged for remaking in Kingsbridge-Marble Hill: ortho paint-missing ratio, stripe-break ratio.","top_features":[{"feature":"paint_missing_ratio","label":"ortho paint-missing ratio","contribution":1.1163,"direction":"raises priority"},{"feature":"stripe_break_ratio","label":"stripe-break ratio","contribution":0.7226,"direction":"raises priority"},{"feature":"occlusion_penalty","label":"ortho occlusion","contribution":-0.2071,"direction":"lowers priority"}],"matched_311_complaints":[{"unique_key":"66449600","created_date":"2025-10-11T18:06:42.000","descriptor":"Line/Marking - After Repaving","incident_address":"EXTERIOR STREET","url":"https://data.cityofnewyork.us/resource/erm2-nwe9.json?$select=unique_key,created_date,closed_date,agency,agency_name,complaint_type,descriptor,location_type,incident_address,status,resolution_description&$where=unique_key=%2766449600%27"}],"google_maps_url":"https://www.google.com/maps?q=40.87674376301111,-73.9066333645531","image_url":"/images/nyc-48614.jpg","thumbnail_url":"/images/nyc-48614-thumb.jpg"}},{"type":"Feature","id":"nyc-48771","geometry":{"type":"Point","coordinates":[-73.8983716316697,40.873661036185844]},"properties":{"id":"nyc-48771","intersection_label":"Reservoir Avenue & University Avenue","borough":"Bronx","neighborhood":"Kingsbridge Heights-Van Cortlandt Village","neighborhood_id":"BX0801","model_score":0.891,"heuristic_score":64.0,"severity_score":89,"school_zone":true,"pavement_marking_311_count_since_2020":0,"pedestrian_crash_count":2,"image_paint_score":0.7289,"paint_missing_ratio":0.7609,"stripe_break_ratio":0.6203,"contrast_score":0.1528,"priority_reason":"Why flagged for remaking in Kingsbridge Heights-Van Cortlandt Village: ortho paint-missing ratio, stripe-break ratio, marking contrast.","top_features":[{"feature":"paint_missing_ratio","label":"ortho paint-missing ratio","contribution":0.8831,"direction":"raises priority"},{"feature":"stripe_break_ratio","label":"stripe-break ratio","contribution":0.6517,"direction":"raises priority"},{"feature":"contrast_score","label":"marking contrast","contribution":0.1679,"direction":"raises priority"}],"matched_311_complaints":[],"google_maps_url":"https://www.google.com/maps?q=40.873661036185844,-73.8983716316697","image_url":"/images/nyc-48771.jpg","thumbnail_url":"/images/nyc-48771-thumb.jpg"}},{"type":"Feature","id":"nyc-23174","geometry":{"type":"Point","coordinates":[-73.94618648521903,40.745612682358136]},"properties":{"id":"nyc-23174","intersection_label":"Jackson Avenue & 46 Avenue","borough":"Queens","neighborhood":"Long Island City-Hunters Point","neighborhood_id":"QN0201","model_score":0.8876,"heuristic_score":88.0,"severity_score":89,"school_zone":false,"pavement_marking_311_count_since_2020":4,"pedestrian_crash_count":2,"image_paint_score":0.8533,"paint_missing_ratio":0.9832,"stripe_break_ratio":0.8058,"contrast_score":0.356,"priority_reason":"Why flagged for remaking in Long Island City-Hunters Point: ortho paint-missing ratio, stripe-break ratio.","top_features":[{"feature":"paint_missing_ratio","label":"ortho paint-missing ratio","contribution":1.247,"direction":"raises priority"},{"feature":"stripe_break_ratio","label":"stripe-break ratio","contribution":0.8986,"direction":"raises priority"},{"feature":"occlusion_penalty","label":"ortho occlusion","contribution":-0.2087,"direction":"lowers priority"}],"matched_311_complaints":[{"unique_key":"68479381","created_date":"2026-03-27T12:02:34.000","descriptor":"Line/Marking - Faded","incident_address":"22-44 JACKSON AVENUE","url":"https://data.cityofnewyork.us/resource/erm2-nwe9.json?$select=unique_key,created_date,closed_date,agency,agency_name,complaint_type,descriptor,location_type,incident_address,status,resolution_description&$where=unique_key=%2768479381%27"},{"unique_key":"68478026","created_date":"2026-03-27T11:42:42.000","descriptor":"Line/Marking - Faded","incident_address":"22-29 JACKSON AVENUE","url":"https://data.cityofnewyork.us/resource/erm2-nwe9.json?$select=unique_key,created_date,closed_date,agency,agency_name,complaint_type,descriptor,location_type,incident_address,status,resolution_description&$where=unique_key=%2768478026%27"},{"unique_key":"66636324","created_date":"2025-10-27T14:23:11.000","descriptor":"Line/Marking - After Repaving","incident_address":"22-44 JACKSON AVENUE","url":"https://data.cityofnewyork.us/resource/erm2-nwe9.json?$select=unique_key,created_date,closed_date,agency,agency_name,complaint_type,descriptor,location_type,incident_address,status,resolution_description&$where=unique_key=%2766636324%27"}],"google_maps_url":"https://www.google.com/maps?q=40.745612682358136,-73.94618648521903","image_url":"/images/nyc-23174.jpg","thumbnail_url":"/images/nyc-23174-thumb.jpg"}},{"type":"Feature","id":"nyc-539","geometry":{"type":"Point","coordinates":[-74.23031805664698,40.50847871754884]},"properties":{"id":"nyc-539","intersection_label":"Page Avenue & Camden Avenue","borough":"Staten Island","neighborhood":"Tottenville-Charleston","neighborhood_id":"SI0305","model_score":0.8856,"heuristic_score":67.0,"severity_score":89,"school_zone":true,"pavement_marking_311_count_since_2020":0,"pedestrian_crash_count":0,"image_paint_score":0.7525,"paint_missing_ratio":0.8506,"stripe_break_ratio":0.602,"contrast_score":0.2047,"priority_reason":"Why flagged for remaking in Tottenville-Charleston: ortho paint-missing ratio, stripe-break ratio, marking contrast.","top_features":[{"feature":"paint_missing_ratio","label":"ortho paint-missing ratio","contribution":1.0299,"direction":"raises priority"},{"feature":"stripe_break_ratio","label":"stripe-break ratio","contribution":0.6273,"direction":"raises priority"},{"feature":"contrast_score","label":"marking contrast","contribution":0.1501,"direction":"raises priority"}],"matched_311_complaints":[],"google_maps_url":"https://www.google.com/maps?q=40.50847871754884,-74.23031805664698","image_url":"/images/nyc-539.jpg","thumbnail_url":"/images/nyc-539-thumb.jpg"}},{"type":"Feature","id":"nyc-9004785","geometry":{"type":"Point","coordinates":[-73.9094403680891,40.66724897198232]},"properties":{"id":"nyc-9004785","intersection_label":"Sutter Avenue & Driveway","borough":"Brooklyn","neighborhood":"Brownsville","neighborhood_id":"BK1602","model_score":0.8853,"heuristic_score":67.0,"severity_score":89,"school_zone":true,"pavement_marking_311_count_since_2020":0,"pedestrian_crash_count":2,"image_paint_score":0.7238,"paint_missing_ratio":0.9229,"stripe_break_ratio":0.4496,"contrast_score":0.2444,"priority_reason":"Why flagged for remaking in Brownsville: ortho paint-missing ratio, stripe-break ratio, marking contrast.","top_features":[{"feature":"paint_missing_ratio","label":"ortho paint-missing ratio","contribution":1.1483,"direction":"raises priority"},{"feature":"stripe_break_ratio","label":"stripe-break ratio","contribution":0.4244,"direction":"raises priority"},{"feature":"contrast_score","label":"marking contrast","contribution":0.1365,"direction":"raises priority"}],"matched_311_complaints":[],"google_maps_url":"https://www.google.com/maps?q=40.66724897198232,-73.9094403680891","image_url":"/images/nyc-9004785.jpg","thumbnail_url":"/images/nyc-9004785-thumb.jpg"}},{"type":"Feature","id":"nyc-42545","geometry":{"type":"Point","coordinates":[-73.93531805413772,40.804367161724436]},"properties":{"id":"nyc-42545","intersection_label":"3 Avenue & East 126 Street","borough":"Manhattan","neighborhood":"East Harlem (North)","neighborhood_id":"MN1102","model_score":0.8833,"heuristic_score":64.0,"severity_score":88,"school_zone":true,"pavement_marking_311_count_since_2020":0,"pedestrian_crash_count":3,"image_paint_score":0.715,"paint_missing_ratio":0.8363,"stripe_break_ratio":0.6126,"contrast_score":0.3789,"priority_reason":"Why flagged for remaking in East Harlem (North): ortho paint-missing ratio, stripe-break ratio.","top_features":[{"feature":"paint_missing_ratio","label":"ortho paint-missing ratio","contribution":1.0065,"direction":"raises priority"},{"feature":"stripe_break_ratio","label":"stripe-break ratio","contribution":0.6414,"direction":"raises priority"},{"feature":"occlusion_penalty","label":"ortho occlusion","contribution":-0.2085,"direction":"lowers priority"}],"matched_311_complaints":[],"google_maps_url":"https://www.google.com/maps?q=40.804367161724436,-73.93531805413772","image_url":"/images/nyc-42545.jpg","thumbnail_url":"/images/nyc-42545-thumb.jpg"}},{"type":"Feature","id":"nyc-41692","geometry":{"type":"Point","coordinates":[-73.92148115485386,40.74348242440652]},"properties":{"id":"nyc-41692","intersection_label":"43 Street & Queens Boulevard","borough":"Queens","neighborhood":"Sunnyside","neighborhood_id":"QN0202","model_score":0.8812,"heuristic_score":68.0,"severity_score":88,"school_zone":true,"pavement_marking_311_count_since_2020":2,"pedestrian_crash_count":7,"image_paint_score":0.6757,"paint_missing_ratio":0.8345,"stripe_break_ratio":0.4828,"contrast_score":0.3438,"priority_reason":"Why flagged for remaking in Sunnyside: ortho paint-missing ratio, stripe-break ratio, marking contrast.","top_features":[{"feature":"paint_missing_ratio","label":"ortho paint-missing ratio","contribution":1.0036,"direction":"raises priority"},{"feature":"stripe_break_ratio","label":"stripe-break ratio","contribution":0.4686,"direction":"raises priority"},{"feature":"contrast_score","label":"marking contrast","contribution":0.1024,"direction":"raises priority"}],"matched_311_complaints":[{"unique_key":"57081590","created_date":"2023-03-19T10:35:00.000","descriptor":"Line/Marking - Faded","incident_address":"43-30 QUEENS BOULEVARD","url":"https://data.cityofnewyork.us/resource/erm2-nwe9.json?$select=unique_key,created_date,closed_date,agency,agency_name,complaint_type,descriptor,location_type,incident_address,status,resolution_description&$where=unique_key=%2757081590%27"},{"unique_key":"47658152","created_date":"2020-09-22T20:58:22.000","descriptor":"Line/Marking - After Repaving","incident_address":"43 STREET","url":"https://data.cityofnewyork.us/resource/erm2-nwe9.json?$select=unique_key,created_date,closed_date,agency,agency_name,complaint_type,descriptor,location_type,incident_address,status,resolution_description&$where=unique_key=%2747658152%27"}],"google_maps_url":"https://www.google.com/maps?q=40.74348242440652,-73.92148115485386","image_url":"/images/nyc-41692.jpg","thumbnail_url":"/images/nyc-41692-thumb.jpg"}},{"type":"Feature","id":"nyc-51520","geometry":{"type":"Point","coordinates":[-73.83548895608237,40.770568302708526]},"properties":{"id":"nyc-51520","intersection_label":"Whitestone Expressway & Ulmer Street","borough":"Queens","neighborhood":"College Point","neighborhood_id":"QN0701","model_score":0.8802,"heuristic_score":79.0,"severity_score":88,"school_zone":false,"pavement_marking_311_count_since_2020":2,"pedestrian_crash_count":3,"image_paint_score":0.8226,"paint_missing_ratio":0.903,"stripe_break_ratio":0.6895,"contrast_score":0.1253,"priority_reason":"Why flagged for remaking in College Point: ortho paint-missing ratio, stripe-break ratio, marking contrast.","top_features":[{"feature":"paint_missing_ratio","label":"ortho paint-missing ratio","contribution":1.1157,"direction":"raises priority"},{"feature":"stripe_break_ratio","label":"stripe-break ratio","contribution":0.7438,"direction":"raises priority"},{"feature":"contrast_score","label":"marking contrast","contribution":0.1774,"direction":"raises priority"}],"matched_311_complaints":[{"unique_key":"56719139","created_date":"2023-02-04T15:06:46.000","descriptor":"Line/Marking - Faded","incident_address":"30-50 WHITESTONE EXPRESSWAY","url":"https://data.cityofnewyork.us/resource/erm2-nwe9.json?$select=unique_key,created_date,closed_date,agency,agency_name,complaint_type,descriptor,location_type,incident_address,status,resolution_description&$where=unique_key=%2756719139%27"},{"unique_key":"48248930","created_date":"2020-11-25T17:25:04.000","descriptor":"Line/Marking - Faded","incident_address":"30-50 WHITESTONE EXPRESSWAY","url":"https://data.cityofnewyork.us/resource/erm2-nwe9.json?$select=unique_key,created_date,closed_date,agency,agency_name,complaint_type,descriptor,location_type,incident_address,status,resolution_description&$where=unique_key=%2748248930%27"}],"google_maps_url":"https://www.google.com/maps?q=40.770568302708526,-73.83548895608237","image_url":"/images/nyc-51520.jpg","thumbnail_url":"/images/nyc-51520-thumb.jpg"}},{"type":"Feature","id":"nyc-22831","geometry":{"type":"Point","coordinates":[-73.9615220853607,40.76023035984617]},"properties":{"id":"nyc-22831","intersection_label":"East 60 Street & 1 Avenue","borough":"Manhattan","neighborhood":"Upper East Side-Lenox Hill-Roosevelt Island","neighborhood_id":"MN0801","model_score":0.8789,"heuristic_score":80.0,"severity_score":88,"school_zone":false,"pavement_marking_311_count_since_2020":3,"pedestrian_crash_count":6,"image_paint_score":0.8,"paint_missing_ratio":0.8938,"stripe_break_ratio":0.7433,"contrast_score":0.3117,"priority_reason":"Why flagged for remaking in Upper East Side-Lenox Hill-Roosevelt Island: ortho paint-missing ratio, stripe-break ratio.","top_features":[{"feature":"paint_missing_ratio","label":"ortho paint-missing ratio","contribution":1.1006,"direction":"raises priority"},{"feature":"stripe_break_ratio","label":"stripe-break ratio","contribution":0.8154,"direction":"raises priority"},{"feature":"occlusion_penalty","label":"ortho occlusion","contribution":-0.2079,"direction":"lowers priority"}],"matched_311_complaints":[{"unique_key":"62372055","created_date":"2024-09-08T13:23:58.000","descriptor":"Line/Marking - After Repaving","incident_address":"1 AVENUE","url":"https://data.cityofnewyork.us/resource/erm2-nwe9.json?$select=unique_key,created_date,closed_date,agency,agency_name,complaint_type,descriptor,location_type,incident_address,status,resolution_description&$where=unique_key=%2762372055%27"},{"unique_key":"55469888","created_date":"2022-09-20T18:29:41.000","descriptor":"Line/Marking - Faded","incident_address":"1 AVENUE","url":"https://data.cityofnewyork.us/resource/erm2-nwe9.json?$select=unique_key,created_date,closed_date,agency,agency_name,complaint_type,descriptor,location_type,incident_address,status,resolution_description&$where=unique_key=%2755469888%27"},{"unique_key":"55452414","created_date":"2022-09-18T18:10:20.000","descriptor":"Line/Marking - Faded","incident_address":"1 AVENUE","url":"https://data.cityofnewyork.us/resource/erm2-nwe9.json?$select=unique_key,created_date,closed_date,agency,agency_name,complaint_type,descriptor,location_type,incident_address,status,resolution_description&$where=unique_key=%2755452414%27"}],"google_maps_url":"https://www.google.com/maps?q=40.76023035984617,-73.9615220853607","image_url":"/images/nyc-22831.jpg","thumbnail_url":"/images/nyc-22831-thumb.jpg"}},{"type":"Feature","id":"nyc-52672","geometry":{"type":"Point","coordinates":[-73.85773226169007,40.83355730650239]},"properties":{"id":"nyc-52672","intersection_label":"Westchester Avenue & Pugsley Avenue","borough":"Bronx","neighborhood":"Castle Hill-Unionport","neighborhood_id":"BX0903","model_score":0.8774,"heuristic_score":60.0,"severity_score":88,"school_zone":true,"pavement_marking_311_count_since_2020":0,"pedestrian_crash_count":5,"image_paint_score":0.6713,"paint_missing_ratio":0.7787,"stripe_break_ratio":0.5688,"contrast_score":0.3911,"priority_reason":"Why flagged for remaking in Castle Hill-Unionport: ortho paint-missing ratio, stripe-break ratio, marking contrast.","top_features":[{"feature":"paint_missing_ratio","label":"ortho paint-missing ratio","contribution":0.9122,"direction":"raises priority"},{"feature":"stripe_break_ratio","label":"stripe-break ratio","contribution":0.5831,"direction":"raises priority"},{"feature":"contrast_score","label":"marking contrast","contribution":0.0862,"direction":"raises priority"}],"matched_311_complaints":[],"google_maps_url":"https://www.google.com/maps?q=40.83355730650239,-73.85773226169007","image_url":"/images/nyc-52672.jpg","thumbnail_url":"/images/nyc-52672-thumb.jpg"}},{"type":"Feature","id":"nyc-47198","geometry":{"type":"Point","coordinates":[-73.90583758004405,40.810997690135736]},"properties":{"id":"nyc-47198","intersection_label":"Southern Boulevard & Union Avenue","borough":"Bronx","neighborhood":"Mott Haven-Port Morris","neighborhood_id":"BX0101","model_score":0.8743,"heuristic_score":67.0,"severity_score":87,"school_zone":true,"pavement_marking_311_count_since_2020":1,"pedestrian_crash_count":2,"image_paint_score":0.7178,"paint_missing_ratio":0.8348,"stripe_break_ratio":0.6208,"contrast_score":0.3758,"priority_reason":"Why flagged for remaking in Mott Haven-Port Morris: ortho paint-missing ratio, stripe-break ratio.","top_features":[{"feature":"paint_missing_ratio","label":"ortho paint-missing ratio","contribution":1.0041,"direction":"raises priority"},{"feature":"stripe_break_ratio","label":"stripe-break ratio","contribution":0.6523,"direction":"raises priority"},{"feature":"occlusion_penalty","label":"ortho occlusion","contribution":-0.1927,"direction":"lowers priority"}],"matched_311_complaints":[{"unique_key":"45869727","created_date":"2020-03-20T02:39:10.000","descriptor":"Line/Marking - Faded","incident_address":"EAST  147 STREET","url":"https://data.cityofnewyork.us/resource/erm2-nwe9.json?$select=unique_key,created_date,closed_date,agency,agency_name,complaint_type,descriptor,location_type,incident_address,status,resolution_description&$where=unique_key=%2745869727%27"}],"google_maps_url":"https://www.google.com/maps?q=40.810997690135736,-73.90583758004405","image_url":"/images/nyc-47198.jpg","thumbnail_url":"/images/nyc-47198-thumb.jpg"}},{"type":"Feature","id":"nyc-26801","geometry":{"type":"Point","coordinates":[-73.93388773700839,40.66895044568778]},"properties":{"id":"nyc-26801","intersection_label":"Eastern Parkway & Schenectady Avenue","borough":"Brooklyn","neighborhood":"Crown Heights (South)","neighborhood_id":"BK0901","model_score":0.8739,"heuristic_score":66.0,"severity_score":87,"school_zone":true,"pavement_marking_311_count_since_2020":2,"pedestrian_crash_count":27,"image_paint_score":0.666,"paint_missing_ratio":0.7549,"stripe_break_ratio":0.49,"contrast_score":0.2261,"priority_reason":"Why flagged for remaking in Crown Heights (South): ortho paint-missing ratio, stripe-break ratio, marking contrast.","top_features":[{"feature":"paint_missing_ratio","label":"ortho paint-missing ratio","contribution":0.8733,"direction":"raises priority"},{"feature":"stripe_break_ratio","label":"stripe-break ratio","contribution":0.4782,"direction":"raises priority"},{"feature":"contrast_score","label":"marking contrast","contribution":0.1428,"direction":"raises priority"}],"matched_311_complaints":[{"unique_key":"53309430","created_date":"2022-02-08T15:14:29.000","descriptor":"Line/Marking - Faded","incident_address":"EASTERN PARKWAY","url":"https://data.cityofnewyork.us/resource/erm2-nwe9.json?$select=unique_key,created_date,closed_date,agency,agency_name,complaint_type,descriptor,location_type,incident_address,status,resolution_description&$where=unique_key=%2753309430%27"},{"unique_key":"50740983","created_date":"2021-06-01T17:24:06.000","descriptor":"Line/Marking - Faded","incident_address":"EASTERN PARKWAY","url":"https://data.cityofnewyork.us/resource/erm2-nwe9.json?$select=unique_key,created_date,closed_date,agency,agency_name,complaint_type,descriptor,location_type,incident_address,status,resolution_description&$where=unique_key=%2750740983%27"}],"google_maps_url":"https://www.google.com/maps?q=40.66895044568778,-73.93388773700839","image_url":"/images/nyc-26801.jpg","thumbnail_url":"/images/nyc-26801-thumb.jpg"}},{"type":"Feature","id":"nyc-20736","geometry":{"type":"Point","coordinates":[-73.99311953534745,40.73669104576407]},"properties":{"id":"nyc-20736","intersection_label":"5 Avenue & East 15 Street","borough":"Manhattan","neighborhood":"Midtown South-Flatiron-Union Square","neighborhood_id":"MN0501","model_score":0.8726,"heuristic_score":80.0,"severity_score":87,"school_zone":false,"pavement_marking_311_count_since_2020":2,"pedestrian_crash_count":3,"image_paint_score":0.8202,"paint_missing_ratio":0.9921,"stripe_break_ratio":0.7087,"contrast_score":0.3713,"priority_reason":"Why flagged for remaking in Midtown South-Flatiron-Union Square: ortho paint-missing ratio, stripe-break ratio.","top_features":[{"feature":"paint_missing_ratio","label":"ortho paint-missing ratio","contribution":1.2615,"direction":"raises priority"},{"feature":"stripe_break_ratio","label":"stripe-break ratio","contribution":0.7694,"direction":"raises priority"},{"feature":"occlusion_penalty","label":"ortho occlusion","contribution":-0.2022,"direction":"lowers priority"}],"matched_311_complaints":[{"unique_key":"65211038","created_date":"2025-06-09T15:42:41.000","descriptor":"Line/Marking - After Repaving","incident_address":"100 5 AVENUE","url":"https://data.cityofnewyork.us/resource/erm2-nwe9.json?$select=unique_key,created_date,closed_date,agency,agency_name,complaint_type,descriptor,location_type,incident_address,status,resolution_description&$where=unique_key=%2765211038%27"},{"unique_key":"64393689","created_date":"2025-03-18T18:51:03.000","descriptor":"Line/Marking - After Repaving","incident_address":"96 5 AVENUE","url":"https://data.cityofnewyork.us/resource/erm2-nwe9.json?$select=unique_key,created_date,closed_date,agency,agency_name,complaint_type,descriptor,location_type,incident_address,status,resolution_description&$where=unique_key=%2764393689%27"}],"google_maps_url":"https://www.google.com/maps?q=40.73669104576407,-73.99311953534745","image_url":"/images/nyc-20736.jpg","thumbnail_url":"/images/nyc-20736-thumb.jpg"}},{"type":"Feature","id":"nyc-21338","geometry":{"type":"Point","coordinates":[-73.99156300538658,40.74970592293897]},"properties":{"id":"nyc-21338","intersection_label":"7 Avenue & West 32 Street","borough":"Manhattan","neighborhood":"Midtown South-Flatiron-Union Square","neighborhood_id":"MN0501","model_score":0.871,"heuristic_score":76.0,"severity_score":87,"school_zone":false,"pavement_marking_311_count_since_2020":1,"pedestrian_crash_count":3,"image_paint_score":0.8194,"paint_missing_ratio":0.9476,"stripe_break_ratio":0.7294,"contrast_score":0.3117,"priority_reason":"Why flagged for remaking in Midtown South-Flatiron-Union Square: ortho paint-missing ratio, stripe-break ratio.","top_features":[{"feature":"paint_missing_ratio","label":"ortho paint-missing ratio","contribution":1.1887,"direction":"raises priority"},{"feature":"stripe_break_ratio","label":"stripe-break ratio","contribution":0.7969,"direction":"raises priority"},{"feature":"occlusion_penalty","label":"ortho occlusion","contribution":-0.2085,"direction":"lowers priority"}],"matched_311_complaints":[{"unique_key":"54367675","created_date":"2022-06-03T18:30:55.000","descriptor":"Line/Marking - After Repaving","incident_address":"7 AVENUE","url":"https://data.cityofnewyork.us/resource/erm2-nwe9.json?$select=unique_key,created_date,closed_date,agency,agency_name,complaint_type,descriptor,location_type,incident_address,status,resolution_description&$where=unique_key=%2754367675%27"}],"google_maps_url":"https://www.google.com/maps?q=40.74970592293897,-73.99156300538658","image_url":"/images/nyc-21338.jpg","thumbnail_url":"/images/nyc-21338-thumb.jpg"}},{"type":"Feature","id":"nyc-43270","geometry":{"type":"Point","coordinates":[-73.90990993077602,40.81593597755171]},"properties":{"id":"nyc-43270","intersection_label":"Westchester Avenue & Cauldwell Avenue","borough":"Bronx","neighborhood":"Melrose","neighborhood_id":"BX0102","model_score":0.8533,"heuristic_score":62.0,"severity_score":85,"school_zone":true,"pavement_marking_311_count_since_2020":0,"pedestrian_crash_count":3,"image_paint_score":0.6788,"paint_missing_ratio":0.8101,"stripe_break_ratio":0.5116,"contrast_score":0.3239,"priority_reason":"Why flagged for remaking in Melrose: ortho paint-missing ratio, stripe-break ratio.","top_features":[{"feature":"paint_missing_ratio","label":"ortho paint-missing ratio","contribution":0.9636,"direction":"raises priority"},{"feature":"stripe_break_ratio","label":"stripe-break ratio","contribution":0.5069,"direction":"raises priority"},{"feature":"occlusion_penalty","label":"ortho occlusion","contribution":-0.1457,"direction":"lowers priority"}],"matched_311_complaints":[],"google_maps_url":"https://www.google.com/maps?q=40.81593597755171,-73.90990993077602","image_url":"/images/nyc-43270.jpg","thumbnail_url":"/images/nyc-43270-thumb.jpg"}},{"type":"Feature","id":"nyc-20191","geometry":{"type":"Point","coordinates":[-74.00624902081562,40.717075711946265]},"properties":{"id":"nyc-20191","intersection_label":"Worth Street & Church Street","borough":"Manhattan","neighborhood":"Tribeca-Civic Center","neighborhood_id":"MN0102","model_score":0.8521,"heuristic_score":77.0,"severity_score":85,"school_zone":false,"pavement_marking_311_count_since_2020":2,"pedestrian_crash_count":4,"image_paint_score":0.7828,"paint_missing_ratio":0.9658,"stripe_break_ratio":0.5962,"contrast_score":0.3025,"priority_reason":"Why flagged for remaking in Tribeca-Civic Center: ortho paint-missing ratio, stripe-break ratio.","top_features":[{"feature":"paint_missing_ratio","label":"ortho paint-missing ratio","contribution":1.2185,"direction":"raises priority"},{"feature":"stripe_break_ratio","label":"stripe-break ratio","contribution":0.6196,"direction":"raises priority"},{"feature":"occlusion_penalty","label":"ortho occlusion","contribution":-0.207,"direction":"lowers priority"}],"matched_311_complaints":[{"unique_key":"56672657","created_date":"2023-01-31T13:53:46.000","descriptor":"Line/Marking - After Repaving","incident_address":"CHURCH STREET","url":"https://data.cityofnewyork.us/resource/erm2-nwe9.json?$select=unique_key,created_date,closed_date,agency,agency_name,complaint_type,descriptor,location_type,incident_address,status,resolution_description&$where=unique_key=%2756672657%27"},{"unique_key":"50581254","created_date":"2021-05-16T14:34:07.000","descriptor":"Line/Marking - Faded","incident_address":"CHURCH STREET","url":"https://data.cityofnewyork.us/resource/erm2-nwe9.json?$select=unique_key,created_date,closed_date,agency,agency_name,complaint_type,descriptor,location_type,incident_address,status,resolution_description&$where=unique_key=%2750581254%27"}],"google_maps_url":"https://www.google.com/maps?q=40.717075711946265,-74.00624902081562","image_url":"/images/nyc-20191.jpg","thumbnail_url":"/images/nyc-20191-thumb.jpg"}},{"type":"Feature","id":"nyc-23539","geometry":{"type":"Point","coordinates":[-73.96091016133158,40.780857035610005]},"properties":{"id":"nyc-23539","intersection_label":"5 Avenue & East 85 Street","borough":"Manhattan","neighborhood":"Upper East Side-Carnegie Hill","neighborhood_id":"MN0802","model_score":0.8515,"heuristic_score":80.0,"severity_score":85,"school_zone":false,"pavement_marking_311_count_since_2020":2,"pedestrian_crash_count":1,"image_paint_score":0.8247,"paint_missing_ratio":0.96,"stripe_break_ratio":0.7313,"contrast_score":0.3162,"priority_reason":"Why flagged for remaking in Upper East Side-Carnegie Hill: ortho paint-missing ratio, stripe-break ratio.","top_features":[{"feature":"paint_missing_ratio","label":"ortho paint-missing ratio","contribution":1.209,"direction":"raises priority"},{"feature":"stripe_break_ratio","label":"stripe-break ratio","contribution":0.7994,"direction":"raises priority"},{"feature":"occlusion_penalty","label":"ortho occlusion","contribution":-0.2087,"direction":"lowers priority"}],"matched_311_complaints":[{"unique_key":"66055466","created_date":"2025-09-05T09:00:54.000","descriptor":"Line/Marking - After Repaving","incident_address":"5 AVENUE","url":"https://data.cityofnewyork.us/resource/erm2-nwe9.json?$select=unique_key,created_date,closed_date,agency,agency_name,complaint_type,descriptor,location_type,incident_address,status,resolution_description&$where=unique_key=%2766055466%27"},{"unique_key":"57105955","created_date":"2023-03-21T11:44:54.000","descriptor":"Line/Marking - Faded","incident_address":"1035 5 AVENUE","url":"https://data.cityofnewyork.us/resource/erm2-nwe9.json?$select=unique_key,created_date,closed_date,agency,agency_name,complaint_type,descriptor,location_type,incident_address,status,resolution_description&$where=unique_key=%2757105955%27"}],"google_maps_url":"https://www.google.com/maps?q=40.780857035610005,-73.96091016133158","image_url":"/images/nyc-23539.jpg","thumbnail_url":"/images/nyc-23539-thumb.jpg"}},{"type":"Feature","id":"nyc-9004943","geometry":{"type":"Point","coordinates":[-73.9075627110035,40.816608897367104]},"properties":{"id":"nyc-9004943","intersection_label":"Westchester Avenue & St Marys Park Houses Ped Path","borough":"Bronx","neighborhood":"Melrose","neighborhood_id":"BX0102","model_score":0.8509,"heuristic_score":59.0,"severity_score":85,"school_zone":true,"pavement_marking_311_count_since_2020":0,"pedestrian_crash_count":1,"image_paint_score":0.6888,"paint_missing_ratio":0.7639,"stripe_break_ratio":0.789,"contrast_score":0.6556,"priority_reason":"Why flagged for remaking in Melrose: ortho paint-missing ratio, stripe-break ratio, ortho occlusion.","top_features":[{"feature":"paint_missing_ratio","label":"ortho paint-missing ratio","contribution":0.888,"direction":"raises priority"},{"feature":"stripe_break_ratio","label":"stripe-break ratio","contribution":0.8763,"direction":"raises priority"},{"feature":"occlusion_penalty","label":"ortho occlusion","contribution":0.0629,"direction":"raises priority"}],"matched_311_complaints":[],"google_maps_url":"https://www.google.com/maps?q=40.816608897367104,-73.9075627110035","image_url":"/images/nyc-9004943.jpg","thumbnail_url":"/images/nyc-9004943-thumb.jpg"}},{"type":"Feature","id":"nyc-406","geometry":{"type":"Point","coordinates":[-74.23139406056842,40.511600733465684]},"properties":{"id":"nyc-406","intersection_label":"Page Avenue & Estelle Place","borough":"Staten Island","neighborhood":"Tottenville-Charleston","neighborhood_id":"SI0305","model_score":0.8482,"heuristic_score":67.0,"severity_score":85,"school_zone":true,"pavement_marking_311_count_since_2020":1,"pedestrian_crash_count":0,"image_paint_score":0.7108,"paint_missing_ratio":0.8005,"stripe_break_ratio":0.5515,"contrast_score":0.2124,"priority_reason":"Why flagged for remaking in Tottenville-Charleston: ortho paint-missing ratio, stripe-break ratio, marking contrast.","top_features":[{"feature":"paint_missing_ratio","label":"ortho paint-missing ratio","contribution":0.9479,"direction":"raises priority"},{"feature":"stripe_break_ratio","label":"stripe-break ratio","contribution":0.56,"direction":"raises priority"},{"feature":"contrast_score","label":"marking contrast","contribution":0.1475,"direction":"raises priority"}],"matched_311_complaints":[{"unique_key":"50707169","created_date":"2021-05-28T06:08:44.000","descriptor":"Line/Marking - Faded","incident_address":"JEFFREY PLACE","url":"https://data.cityofnewyork.us/resource/erm2-nwe9.json?$select=unique_key,created_date,closed_date,agency,agency_name,complaint_type,descriptor,location_type,incident_address,status,resolution_description&$where=unique_key=%2750707169%27"}],"google_maps_url":"https://www.google.com/maps?q=40.511600733465684,-74.23139406056842","image_url":"/images/nyc-406.jpg","thumbnail_url":"/images/nyc-406-thumb.jpg"}},{"type":"Feature","id":"nyc-36328","geometry":{"type":"Point","coordinates":[-73.79079819701715,40.67341926335078]},"properties":{"id":"nyc-36328","intersection_label":"Rockaway Boulevard & 147 Street","borough":"Queens","neighborhood":"Baisley Park","neighborhood_id":"QN1203","model_score":0.8452,"heuristic_score":63.0,"severity_score":85,"school_zone":true,"pavement_marking_311_count_since_2020":0,"pedestrian_crash_count":0,"image_paint_score":0.7003,"paint_missing_ratio":0.8233,"stripe_break_ratio":0.5693,"contrast_score":0.3472,"priority_reason":"Why flagged for remaking in Baisley Park: ortho paint-missing ratio, stripe-break ratio, marking contrast.","top_features":[{"feature":"paint_missing_ratio","label":"ortho paint-missing ratio","contribution":0.9852,"direction":"raises priority"},{"feature":"stripe_break_ratio","label":"stripe-break ratio","contribution":0.5837,"direction":"raises priority"},{"feature":"contrast_score","label":"marking contrast","contribution":0.1013,"direction":"raises priority"}],"matched_311_complaints":[],"google_maps_url":"https://www.google.com/maps?q=40.67341926335078,-73.79079819701715","image_url":"/images/nyc-36328.jpg","thumbnail_url":"/images/nyc-36328-thumb.jpg"}},{"type":"Feature","id":"nyc-4781","geometry":{"type":"Point","coordinates":[-74.14790142173312,40.57088958097161]},"properties":{"id":"nyc-4781","intersection_label":"Arthur Kill Road & Clarke Avenue","borough":"Staten Island","neighborhood":"Great Kills-Eltingville","neighborhood_id":"SI0302","model_score":0.8445,"heuristic_score":89.0,"severity_score":84,"school_zone":false,"pavement_marking_311_count_since_2020":6,"pedestrian_crash_count":0,"image_paint_score":0.8265,"paint_missing_ratio":0.9452,"stripe_break_ratio":0.6866,"contrast_score":0.1956,"priority_reason":"Why flagged for remaking in Great Kills-Eltingville: ortho paint-missing ratio, stripe-break ratio, marking contrast.","top_features":[{"feature":"paint_missing_ratio","label":"ortho paint-missing ratio","contribution":1.1848,"direction":"raises priority"},{"feature":"stripe_break_ratio","label":"stripe-break ratio","contribution":0.7399,"direction":"raises priority"},{"feature":"contrast_score","label":"marking contrast","contribution":0.1533,"direction":"raises priority"}],"matched_311_complaints":[{"unique_key":"55543478","created_date":"2022-09-27T10:20:08.000","descriptor":"Line/Marking - Faded","incident_address":"ARTHUR KILL ROAD","url":"https://data.cityofnewyork.us/resource/erm2-nwe9.json?$select=unique_key,created_date,closed_date,agency,agency_name,complaint_type,descriptor,location_type,incident_address,status,resolution_description&$where=unique_key=%2755543478%27"},{"unique_key":"55219145","created_date":"2022-08-26T10:28:19.000","descriptor":"Line/Marking - Faded","incident_address":"ARTHUR KILL ROAD","url":"https://data.cityofnewyork.us/resource/erm2-nwe9.json?$select=unique_key,created_date,closed_date,agency,agency_name,complaint_type,descriptor,location_type,incident_address,status,resolution_description&$where=unique_key=%2755219145%27"},{"unique_key":"53746894","created_date":"2022-03-25T07:00:40.000","descriptor":"Line/Marking - Faded","incident_address":"ARTHUR KILL ROAD","url":"https://data.cityofnewyork.us/resource/erm2-nwe9.json?$select=unique_key,created_date,closed_date,agency,agency_name,complaint_type,descriptor,location_type,incident_address,status,resolution_description&$where=unique_key=%2753746894%27"}],"google_maps_url":"https://www.google.com/maps?q=40.57088958097161,-74.14790142173312","image_url":"/images/nyc-4781.jpg","thumbnail_url":"/images/nyc-4781-thumb.jpg"}},{"type":"Feature","id":"nyc-15478","geometry":{"type":"Point","coordinates":[-74.00360280447829,40.71364543046678]},"properties":{"id":"nyc-15478","intersection_label":"Centre Street & Lafayette Street","borough":"Manhattan","neighborhood":"Tribeca-Civic Center","neighborhood_id":"MN0102","model_score":0.8393,"heuristic_score":80.0,"severity_score":84,"school_zone":false,"pavement_marking_311_count_since_2020":2,"pedestrian_crash_count":0,"image_paint_score":0.8247,"paint_missing_ratio":0.9573,"stripe_break_ratio":0.726,"contrast_score":0.301,"priority_reason":"Why flagged for remaking in Tribeca-Civic Center: ortho paint-missing ratio, stripe-break ratio.","top_features":[{"feature":"paint_missing_ratio","label":"ortho paint-missing ratio","contribution":1.2046,"direction":"raises priority"},{"feature":"stripe_break_ratio","label":"stripe-break ratio","contribution":0.7924,"direction":"raises priority"},{"feature":"occlusion_penalty","label":"ortho occlusion","contribution":-0.2075,"direction":"lowers priority"}],"matched_311_complaints":[{"unique_key":"55605007","created_date":"2022-10-04T11:10:48.000","descriptor":"Line/Marking - After Repaving","incident_address":"4 LAFAYETTE STREET","url":"https://data.cityofnewyork.us/resource/erm2-nwe9.json?$select=unique_key,created_date,closed_date,agency,agency_name,complaint_type,descriptor,location_type,incident_address,status,resolution_description&$where=unique_key=%2755605007%27"},{"unique_key":"55604994","created_date":"2022-10-04T11:07:10.000","descriptor":"Line/Marking - After Repaving","incident_address":"1 LAFAYETTE STREET","url":"https://data.cityofnewyork.us/resource/erm2-nwe9.json?$select=unique_key,created_date,closed_date,agency,agency_name,complaint_type,descriptor,location_type,incident_address,status,resolution_description&$where=unique_key=%2755604994%27"}],"google_maps_url":"https://www.google.com/maps?q=40.71364543046678,-74.00360280447829","image_url":"/images/nyc-15478.jpg","thumbnail_url":"/images/nyc-15478-thumb.jpg"}},{"type":"Feature","id":"nyc-37346","geometry":{"type":"Point","coordinates":[-73.78535272193501,40.712283616513325]},"properties":{"id":"nyc-37346","intersection_label":"Hillside Avenue & Edgerton Boulevard","borough":"Queens","neighborhood":"Jamaica","neighborhood_id":"QN1201","model_score":0.8391,"heuristic_score":59.0,"severity_score":84,"school_zone":true,"pavement_marking_311_count_since_2020":0,"pedestrian_crash_count":12,"image_paint_score":0.6245,"paint_missing_ratio":0.8304,"stripe_break_ratio":0.3165,"contrast_score":0.3,"priority_reason":"Why flagged for remaking in Jamaica: ortho paint-missing ratio, stripe-break ratio, marking contrast.","top_features":[{"feature":"paint_missing_ratio","label":"ortho paint-missing ratio","contribution":0.9969,"direction":"raises priority"},{"feature":"stripe_break_ratio","label":"stripe-break ratio","contribution":0.2471,"direction":"raises priority"},{"feature":"contrast_score","label":"marking contrast","contribution":0.1175,"direction":"raises priority"}],"matched_311_complaints":[],"google_maps_url":"https://www.google.com/maps?q=40.712283616513325,-73.78535272193501","image_url":"/images/nyc-37346.jpg","thumbnail_url":"/images/nyc-37346-thumb.jpg"}},{"type":"Feature","id":"nyc-21358","geometry":{"type":"Point","coordinates":[-73.99123062416089,40.76035414699366]},"properties":{"id":"nyc-21358","intersection_label":"9 Avenue & West 45 Street","borough":"Manhattan","neighborhood":"Hell's Kitchen","neighborhood_id":"MN0402","model_score":0.8389,"heuristic_score":59.0,"severity_score":84,"school_zone":true,"pavement_marking_311_count_since_2020":0,"pedestrian_crash_count":16,"image_paint_score":0.6375,"paint_missing_ratio":0.8185,"stripe_break_ratio":0.4184,"contrast_score":0.3865,"priority_reason":"Why flagged for remaking in Hell's Kitchen: ortho paint-missing ratio, stripe-break ratio.","top_features":[{"feature":"paint_missing_ratio","label":"ortho paint-missing ratio","contribution":0.9774,"direction":"raises priority"},{"feature":"stripe_break_ratio","label":"stripe-break ratio","contribution":0.3828,"direction":"raises priority"},{"feature":"occlusion_penalty","label":"ortho occlusion","contribution":-0.2087,"direction":"lowers priority"}],"matched_311_complaints":[],"google_maps_url":"https://www.google.com/maps?q=40.76035414699366,-73.99123062416089","image_url":"/images/nyc-21358.jpg","thumbnail_url":"/images/nyc-21358-thumb.jpg"}},{"type":"Feature","id":"nyc-44927","geometry":{"type":"Point","coordinates":[-73.91199676075303,40.89223838714479]},"properties":{"id":"nyc-44927","intersection_label":"West 246 Street & Independence Avenue","borough":"Bronx","neighborhood":"Riverdale-Spuyten Duyvil","neighborhood_id":"BX0803","model_score":0.8377,"heuristic_score":76.0,"severity_score":84,"school_zone":false,"pavement_marking_311_count_since_2020":1,"pedestrian_crash_count":0,"image_paint_score":0.8221,"paint_missing_ratio":0.9462,"stripe_break_ratio":0.7452,"contrast_score":0.3224,"priority_reason":"Why flagged for remaking in Riverdale-Spuyten Duyvil: ortho paint-missing ratio, stripe-break ratio.","top_features":[{"feature":"paint_missing_ratio","label":"ortho paint-missing ratio","contribution":1.1864,"direction":"raises priority"},{"feature":"stripe_break_ratio","label":"stripe-break ratio","contribution":0.818,"direction":"raises priority"},{"feature":"occlusion_penalty","label":"ortho occlusion","contribution":-0.2012,"direction":"lowers priority"}],"matched_311_complaints":[{"unique_key":"47433700","created_date":"2020-09-01T15:23:45.000","descriptor":"Line/Marking - After Repaving","incident_address":"INDEPENDENCE AVENUE","url":"https://data.cityofnewyork.us/resource/erm2-nwe9.json?$select=unique_key,created_date,closed_date,agency,agency_name,complaint_type,descriptor,location_type,incident_address,status,resolution_description&$where=unique_key=%2747433700%27"}],"google_maps_url":"https://www.google.com/maps?q=40.89223838714479,-73.91199676075303","image_url":"/images/nyc-44927.jpg","thumbnail_url":"/images/nyc-44927-thumb.jpg"}},{"type":"Feature","id":"nyc-20746","geometry":{"type":"Point","coordinates":[-73.99179768781165,40.7385036538109]},"properties":{"id":"nyc-20746","intersection_label":"5 Avenue & West 18 Street","borough":"Manhattan","neighborhood":"Midtown South-Flatiron-Union Square","neighborhood_id":"MN0501","model_score":0.8368,"heuristic_score":62.0,"severity_score":84,"school_zone":true,"pavement_marking_311_count_since_2020":0,"pedestrian_crash_count":1,"image_paint_score":0.6891,"paint_missing_ratio":0.8274,"stripe_break_ratio":0.5535,"contrast_score":0.385,"priority_reason":"Why flagged for remaking in Midtown South-Flatiron-Union Square: ortho paint-missing ratio, stripe-break ratio.","top_features":[{"feature":"paint_missing_ratio","label":"ortho paint-missing ratio","contribution":0.9919,"direction":"raises priority"},{"feature":"stripe_break_ratio","label":"stripe-break ratio","contribution":0.5627,"direction":"raises priority"},{"feature":"occlusion_penalty","label":"ortho occlusion","contribution":-0.2069,"direction":"lowers priority"}],"matched_311_complaints":[],"google_maps_url":"https://www.google.com/maps?q=40.7385036538109,-73.99179768781165","image_url":"/images/nyc-20746.jpg","thumbnail_url":"/images/nyc-20746-thumb.jpg"}},{"type":"Feature","id":"nyc-78819","geometry":{"type":"Point","coordinates":[-74.01303586661814,40.717254759246416]},"properties":{"id":"nyc-78819","intersection_label":"West Street & Chambers Street","borough":"Manhattan","neighborhood":"Financial District-Battery Park City","neighborhood_id":"MN0101","model_score":0.8359,"heuristic_score":66.0,"severity_score":84,"school_zone":true,"pavement_marking_311_count_since_2020":0,"pedestrian_crash_count":0,"image_paint_score":0.7034,"paint_missing_ratio":0.9403,"stripe_break_ratio":0.4136,"contrast_score":0.3224,"priority_reason":"Why flagged for remaking in Financial District-Battery Park City: ortho paint-missing ratio, stripe-break ratio.","top_features":[{"feature":"paint_missing_ratio","label":"ortho paint-missing ratio","contribution":1.1767,"direction":"raises priority"},{"feature":"stripe_break_ratio","label":"stripe-break ratio","contribution":0.3764,"direction":"raises priority"},{"feature":"occlusion_penalty","label":"ortho occlusion","contribution":-0.2085,"direction":"lowers priority"}],"matched_311_complaints":[],"google_maps_url":"https://www.google.com/maps?q=40.717254759246416,-74.01303586661814","image_url":"/images/nyc-78819.jpg","thumbnail_url":"/images/nyc-78819-thumb.jpg"}},{"type":"Feature","id":"nyc-44103","geometry":{"type":"Point","coordinates":[-73.91474419459185,40.84434250297019]},"properties":{"id":"nyc-44103","intersection_label":"Jerome Avenue & West Mount Eden Avenue","borough":"Bronx","neighborhood":"Mount Eden-Claremont (West)","neighborhood_id":"BX0403","model_score":0.8335,"heuristic_score":62.0,"severity_score":83,"school_zone":true,"pavement_marking_311_count_since_2020":1,"pedestrian_crash_count":9,"image_paint_score":0.6305,"paint_missing_ratio":0.8442,"stripe_break_ratio":0.3593,"contrast_score":0.3758,"priority_reason":"Why flagged for remaking in Mount Eden-Claremont (West): ortho paint-missing ratio, stripe-break ratio.","top_features":[{"feature":"paint_missing_ratio","label":"ortho paint-missing ratio","contribution":1.0194,"direction":"raises priority"},{"feature":"stripe_break_ratio","label":"stripe-break ratio","contribution":0.3041,"direction":"raises priority"},{"feature":"occlusion_penalty","label":"ortho occlusion","contribution":-0.1837,"direction":"lowers priority"}],"matched_311_complaints":[{"unique_key":"53854994","created_date":"2022-04-07T17:06:18.000","descriptor":"Line/Marking - Faded","incident_address":"2 WEST MT EDEN AVENUE","url":"https://data.cityofnewyork.us/resource/erm2-nwe9.json?$select=unique_key,created_date,closed_date,agency,agency_name,complaint_type,descriptor,location_type,incident_address,status,resolution_description&$where=unique_key=%2753854994%27"}],"google_maps_url":"https://www.google.com/maps?q=40.84434250297019,-73.91474419459185","image_url":"/images/nyc-44103.jpg","thumbnail_url":"/images/nyc-44103-thumb.jpg"}},{"type":"Feature","id":"nyc-78611","geometry":{"type":"Point","coordinates":[-74.01321811623042,40.715208216597695]},"properties":{"id":"nyc-78611","intersection_label":"West Street & Murray Street","borough":"Manhattan","neighborhood":"Tribeca-Civic Center","neighborhood_id":"MN0102","model_score":0.829,"heuristic_score":66.0,"severity_score":83,"school_zone":true,"pavement_marking_311_count_since_2020":0,"pedestrian_crash_count":0,"image_paint_score":0.6959,"paint_missing_ratio":0.9363,"stripe_break_ratio":0.3727,"contrast_score":0.2796,"priority_reason":"Why flagged for remaking in Tribeca-Civic Center: ortho paint-missing ratio, stripe-break ratio.","top_features":[{"feature":"paint_missing_ratio","label":"ortho paint-missing ratio","contribution":1.1702,"direction":"raises priority"},{"feature":"stripe_break_ratio","label":"stripe-break ratio","contribution":0.322,"direction":"raises priority"},{"feature":"occlusion_penalty","label":"ortho occlusion","contribution":-0.1974,"direction":"lowers priority"}],"matched_311_complaints":[],"google_maps_url":"https://www.google.com/maps?q=40.715208216597695,-74.01321811623042","image_url":"/images/nyc-78611.jpg","thumbnail_url":"/images/nyc-78611-thumb.jpg"}},{"type":"Feature","id":"nyc-37048","geometry":{"type":"Point","coordinates":[-73.79731400697648,40.70927019915842]},"properties":{"id":"nyc-37048","intersection_label":"Hillside Avenue & 165 Street","borough":"Queens","neighborhood":"Jamaica","neighborhood_id":"QN1201","model_score":0.8252,"heuristic_score":60.0,"severity_score":83,"school_zone":true,"pavement_marking_311_count_since_2020":0,"pedestrian_crash_count":3,"image_paint_score":0.6466,"paint_missing_ratio":0.8481,"stripe_break_ratio":0.4727,"contrast_score":0.5026,"priority_reason":"Why flagged for remaking in Jamaica: ortho paint-missing ratio, stripe-break ratio.","top_features":[{"feature":"paint_missing_ratio","label":"ortho paint-missing ratio","contribution":1.0258,"direction":"raises priority"},{"feature":"stripe_break_ratio","label":"stripe-break ratio","contribution":0.4551,"direction":"raises priority"},{"feature":"occlusion_penalty","label":"ortho occlusion","contribution":-0.2084,"direction":"lowers priority"}],"matched_311_complaints":[],"google_maps_url":"https://www.google.com/maps?q=40.70927019915842,-73.79731400697648","image_url":"/images/nyc-37048.jpg","thumbnail_url":"/images/nyc-37048-thumb.jpg"}},{"type":"Feature","id":"nyc-2099","geometry":{"type":"Point","coordinates":[-74.18442199844397,40.524597918682886]},"properties":{"id":"nyc-2099","intersection_label":"Hylan Boulevard & Kingdom Avenue","borough":"Staten Island","neighborhood":"Annadale-Huguenot-Prince's Bay-Woodrow","neighborhood_id":"SI0304","model_score":0.8249,"heuristic_score":74.0,"severity_score":82,"school_zone":false,"pavement_marking_311_count_since_2020":1,"pedestrian_crash_count":0,"image_paint_score":0.7997,"paint_missing_ratio":0.9132,"stripe_break_ratio":0.665,"contrast_score":0.22,"priority_reason":"Why flagged for remaking in Annadale-Huguenot-Prince's Bay-Woodrow: ortho paint-missing ratio, stripe-break ratio, marking contrast.","top_features":[{"feature":"paint_missing_ratio","label":"ortho paint-missing ratio","contribution":1.1324,"direction":"raises priority"},{"feature":"stripe_break_ratio","label":"stripe-break ratio","contribution":0.7112,"direction":"raises priority"},{"feature":"contrast_score","label":"marking contrast","contribution":0.1449,"direction":"raises priority"}],"matched_311_complaints":[{"unique_key":"50101346","created_date":"2021-03-24T07:34:45.000","descriptor":"Line/Marking - Faded","incident_address":"HYLAN BOULEVARD","url":"https://data.cityofnewyork.us/resource/erm2-nwe9.json?$select=unique_key,created_date,closed_date,agency,agency_name,complaint_type,descriptor,location_type,incident_address,status,resolution_description&$where=unique_key=%2750101346%27"}],"google_maps_url":"https://www.google.com/maps?q=40.524597918682886,-74.18442199844397","image_url":"/images/nyc-2099.jpg","thumbnail_url":"/images/nyc-2099-thumb.jpg"}},{"type":"Feature","id":"nyc-12380","geometry":{"type":"Point","coordinates":[-74.01757436949147,40.7068398672783]},"properties":{"id":"nyc-12380","intersection_label":"Battery Place & 2 Place","borough":"Manhattan","neighborhood":"Financial District-Battery Park City","neighborhood_id":"MN0101","model_score":0.8244,"heuristic_score":70.0,"severity_score":82,"school_zone":true,"pavement_marking_311_count_since_2020":3,"pedestrian_crash_count":2,"image_paint_score":0.6613,"paint_missing_ratio":0.8266,"stripe_break_ratio":0.4823,"contrast_score":0.3972,"priority_reason":"Why flagged for remaking in Financial District-Battery Park City: ortho paint-missing ratio, stripe-break ratio.","top_features":[{"feature":"paint_missing_ratio","label":"ortho paint-missing ratio","contribution":0.9906,"direction":"raises priority"},{"feature":"stripe_break_ratio","label":"stripe-break ratio","contribution":0.4679,"direction":"raises priority"},{"feature":"occlusion_penalty","label":"ortho occlusion","contribution":-0.2079,"direction":"lowers priority"}],"matched_311_complaints":[{"unique_key":"61794770","created_date":"2024-07-14T21:04:57.000","descriptor":"Line/Marking - Faded","incident_address":"2 PLACE","url":"https://data.cityofnewyork.us/resource/erm2-nwe9.json?$select=unique_key,created_date,closed_date,agency,agency_name,complaint_type,descriptor,location_type,incident_address,status,resolution_description&$where=unique_key=%2761794770%27"},{"unique_key":"61375782","created_date":"2024-06-04T09:27:21.000","descriptor":"Line/Marking - Faded","incident_address":"2 PLACE","url":"https://data.cityofnewyork.us/resource/erm2-nwe9.json?$select=unique_key,created_date,closed_date,agency,agency_name,complaint_type,descriptor,location_type,incident_address,status,resolution_description&$where=unique_key=%2761375782%27"},{"unique_key":"61354750","created_date":"2024-06-03T16:21:11.000","descriptor":"Line/Marking - Faded","incident_address":"2 PLACE","url":"https://data.cityofnewyork.us/resource/erm2-nwe9.json?$select=unique_key,created_date,closed_date,agency,agency_name,complaint_type,descriptor,location_type,incident_address,status,resolution_description&$where=unique_key=%2761354750%27"}],"google_maps_url":"https://www.google.com/maps?q=40.7068398672783,-74.01757436949147","image_url":"/images/nyc-12380.jpg","thumbnail_url":"/images/nyc-12380-thumb.jpg"}},{"type":"Feature","id":"nyc-22465","geometry":{"type":"Point","coordinates":[-73.9786071328715,40.745057830055266]},"properties":{"id":"nyc-22465","intersection_label":"3 Avenue & East 33 Street","borough":"Manhattan","neighborhood":"Murray Hill-Kips Bay","neighborhood_id":"MN0603","model_score":0.8238,"heuristic_score":62.0,"severity_score":82,"school_zone":true,"pavement_marking_311_count_since_2020":0,"pedestrian_crash_count":3,"image_paint_score":0.6484,"paint_missing_ratio":0.9229,"stripe_break_ratio":0.3006,"contrast_score":0.3606,"priority_reason":"Why flagged for remaking in Murray Hill-Kips Bay: ortho paint-missing ratio, stripe-break ratio.","top_features":[{"feature":"paint_missing_ratio","label":"ortho paint-missing ratio","contribution":1.1483,"direction":"raises priority"},{"feature":"stripe_break_ratio","label":"stripe-break ratio","contribution":0.226,"direction":"raises priority"},{"feature":"occlusion_penalty","label":"ortho occlusion","contribution":-0.2086,"direction":"lowers priority"}],"matched_311_complaints":[],"google_maps_url":"https://www.google.com/maps?q=40.745057830055266,-73.9786071328715","image_url":"/images/nyc-22465.jpg","thumbnail_url":"/images/nyc-22465-thumb.jpg"}},{"type":"Feature","id":"nyc-22540","geometry":{"type":"Point","coordinates":[-73.97539303571081,40.74544275901989]},"properties":{"id":"nyc-22540","intersection_label":"2 Avenue & East 35 Street","borough":"Manhattan","neighborhood":"Murray Hill-Kips Bay","neighborhood_id":"MN0603","model_score":0.8232,"heuristic_score":64.0,"severity_score":82,"school_zone":true,"pavement_marking_311_count_since_2020":1,"pedestrian_crash_count":2,"image_paint_score":0.6612,"paint_missing_ratio":0.8415,"stripe_break_ratio":0.4251,"contrast_score":0.3315,"priority_reason":"Why flagged for remaking in Murray Hill-Kips Bay: ortho paint-missing ratio, stripe-break ratio.","top_features":[{"feature":"paint_missing_ratio","label":"ortho paint-missing ratio","contribution":1.015,"direction":"raises priority"},{"feature":"stripe_break_ratio","label":"stripe-break ratio","contribution":0.3917,"direction":"raises priority"},{"feature":"occlusion_penalty","label":"ortho occlusion","contribution":-0.2043,"direction":"lowers priority"}],"matched_311_complaints":[{"unique_key":"54859343","created_date":"2022-07-21T18:44:33.000","descriptor":"Line/Marking - Faded","incident_address":"2 AVENUE","url":"https://data.cityofnewyork.us/resource/erm2-nwe9.json?$select=unique_key,created_date,closed_date,agency,agency_name,complaint_type,descriptor,location_type,incident_address,status,resolution_description&$where=unique_key=%2754859343%27"}],"google_maps_url":"https://www.google.com/maps?q=40.74544275901989,-73.97539303571081","image_url":"/images/nyc-22540.jpg","thumbnail_url":"/images/nyc-22540-thumb.jpg"}},{"type":"Feature","id":"nyc-52471","geometry":{"type":"Point","coordinates":[-73.86546044852868,40.832131642361965]},"properties":{"id":"nyc-52471","intersection_label":"Westchester Avenue & Taylor Avenue","borough":"Bronx","neighborhood":"Soundview-Bruckner-Bronx River","neighborhood_id":"BX0901","model_score":0.8225,"heuristic_score":58.0,"severity_score":82,"school_zone":true,"pavement_marking_311_count_since_2020":0,"pedestrian_crash_count":2,"image_paint_score":0.6431,"paint_missing_ratio":0.8223,"stripe_break_ratio":0.5722,"contrast_score":0.6361,"priority_reason":"Why flagged for remaking in Soundview-Bruckner-Bronx River: ortho paint-missing ratio, stripe-break ratio, ortho occlusion.","top_features":[{"feature":"paint_missing_ratio","label":"ortho paint-missing ratio","contribution":0.9836,"direction":"raises priority"},{"feature":"stripe_break_ratio","label":"stripe-break ratio","contribution":0.5876,"direction":"raises priority"},{"feature":"occlusion_penalty","label":"ortho occlusion","contribution":0.0341,"direction":"raises priority"}],"matched_311_complaints":[],"google_maps_url":"https://www.google.com/maps?q=40.832131642361965,-73.86546044852868","image_url":"/images/nyc-52471.jpg","thumbnail_url":"/images/nyc-52471-thumb.jpg"}},{"type":"Feature","id":"nyc-36165","geometry":{"type":"Point","coordinates":[-73.79836519991495,40.67408681066563]},"properties":{"id":"nyc-36165","intersection_label":"Rockaway Boulevard & 142 Street","borough":"Queens","neighborhood":"Baisley Park","neighborhood_id":"QN1203","model_score":0.8198,"heuristic_score":53.0,"severity_score":82,"school_zone":true,"pavement_marking_311_count_since_2020":0,"pedestrian_crash_count":7,"image_paint_score":0.601,"paint_missing_ratio":0.6729,"stripe_break_ratio":0.5424,"contrast_score":0.4583,"priority_reason":"Why flagged for remaking in Baisley Park: ortho paint-missing ratio, stripe-break ratio, marking contrast.","top_features":[{"feature":"paint_missing_ratio","label":"ortho paint-missing ratio","contribution":0.7391,"direction":"raises priority"},{"feature":"stripe_break_ratio","label":"stripe-break ratio","contribution":0.5479,"direction":"raises priority"},{"feature":"contrast_score","label":"marking contrast","contribution":0.0632,"direction":"raises priority"}],"matched_311_complaints":[],"google_maps_url":"https://www.google.com/maps?q=40.67408681066563,-73.79836519991495","image_url":"/images/nyc-36165.jpg","thumbnail_url":"/images/nyc-36165-thumb.jpg"}},{"type":"Feature","id":"nyc-37435","geometry":{"type":"Point","coordinates":[-73.78446144539842,40.71249390502921]},"properties":{"id":"nyc-37435","intersection_label":"Hillside Avenue & 179 Street","borough":"Queens","neighborhood":"Jamaica","neighborhood_id":"QN1201","model_score":0.8162,"heuristic_score":61.0,"severity_score":82,"school_zone":true,"pavement_marking_311_count_since_2020":0,"pedestrian_crash_count":3,"image_paint_score":0.6413,"paint_missing_ratio":0.8675,"stripe_break_ratio":0.3035,"contrast_score":0.2765,"priority_reason":"Why flagged for remaking in Jamaica: ortho paint-missing ratio, stripe-break ratio.","top_features":[{"feature":"paint_missing_ratio","label":"ortho paint-missing ratio","contribution":1.0576,"direction":"raises priority"},{"feature":"stripe_break_ratio","label":"stripe-break ratio","contribution":0.2298,"direction":"raises priority"},{"feature":"occlusion_penalty","label":"ortho occlusion","contribution":-0.2041,"direction":"lowers priority"}],"matched_311_complaints":[],"google_maps_url":"https://www.google.com/maps?q=40.71249390502921,-73.78446144539842","image_url":"/images/nyc-37435.jpg","thumbnail_url":"/images/nyc-37435-thumb.jpg"}},{"type":"Feature","id":"nyc-23584","geometry":{"type":"Point","coordinates":[-73.95586933688568,40.776236226096124]},"properties":{"id":"nyc-23584","intersection_label":"3 Avenue & East 82 Street","borough":"Manhattan","neighborhood":"Upper East Side-Yorkville","neighborhood_id":"MN0803","model_score":0.8137,"heuristic_score":73.0,"severity_score":81,"school_zone":false,"pavement_marking_311_count_since_2020":2,"pedestrian_crash_count":4,"image_paint_score":0.7365,"paint_missing_ratio":0.9023,"stripe_break_ratio":0.59,"contrast_score":0.3804,"priority_reason":"Why flagged for remaking in Upper East Side-Yorkville: ortho paint-missing ratio, stripe-break ratio.","top_features":[{"feature":"paint_missing_ratio","label":"ortho paint-missing ratio","contribution":1.1145,"direction":"raises priority"},{"feature":"stripe_break_ratio","label":"stripe-break ratio","contribution":0.6113,"direction":"raises priority"},{"feature":"occlusion_penalty","label":"ortho occlusion","contribution":-0.2085,"direction":"lowers priority"}],"matched_311_complaints":[{"unique_key":"60766848","created_date":"2024-04-03T17:04:40.000","descriptor":"Line/Marking - Faded","incident_address":"3 AVENUE","url":"https://data.cityofnewyork.us/resource/erm2-nwe9.json?$select=unique_key,created_date,closed_date,agency,agency_name,complaint_type,descriptor,location_type,incident_address,status,resolution_description&$where=unique_key=%2760766848%27"},{"unique_key":"59811869","created_date":"2023-12-21T09:00:34.000","descriptor":"Line/Marking - After Repaving","incident_address":"3 AVENUE","url":"https://data.cityofnewyork.us/resource/erm2-nwe9.json?$select=unique_key,created_date,closed_date,agency,agency_name,complaint_type,descriptor,location_type,incident_address,status,resolution_description&$where=unique_key=%2759811869%27"}],"google_maps_url":"https://www.google.com/maps?q=40.776236226096124,-73.95586933688568","image_url":"/images/nyc-23584.jpg","thumbnail_url":"/images/nyc-23584-thumb.jpg"}},{"type":"Feature","id":"nyc-8403","geometry":{"type":"Point","coordinates":[-74.08755376249121,40.5858052874907]},"properties":{"id":"nyc-8403","intersection_label":"Mason Avenue & Cromwell Avenue","borough":"Staten Island","neighborhood":"Grasmere-Arrochar-South Beach-Dongan Hills","neighborhood_id":"SI0201","model_score":0.8125,"heuristic_score":68.0,"severity_score":81,"school_zone":false,"pavement_marking_311_count_since_2020":0,"pedestrian_crash_count":2,"image_paint_score":0.7588,"paint_missing_ratio":0.8225,"stripe_break_ratio":0.5765,"contrast_score":0.0657,"priority_reason":"Why flagged for remaking in Grasmere-Arrochar-South Beach-Dongan Hills: ortho paint-missing ratio, stripe-break ratio, marking contrast.","top_features":[{"feature":"paint_missing_ratio","label":"ortho paint-missing ratio","contribution":0.9839,"direction":"raises priority"},{"feature":"stripe_break_ratio","label":"stripe-break ratio","contribution":0.5933,"direction":"raises priority"},{"feature":"contrast_score","label":"marking contrast","contribution":0.1978,"direction":"raises priority"}],"matched_311_complaints":[],"google_maps_url":"https://www.google.com/maps?q=40.5858052874907,-74.08755376249121","image_url":"/images/nyc-8403.jpg","thumbnail_url":"/images/nyc-8403-thumb.jpg"}},{"type":"Feature","id":"nyc-34351","geometry":{"type":"Point","coordinates":[-73.79984755392513,40.67422450362991]},"properties":{"id":"nyc-34351","intersection_label":"Rockaway Boulevard & 141 Street","borough":"Queens","neighborhood":"Baisley Park","neighborhood_id":"QN1203","model_score":0.8125,"heuristic_score":58.0,"severity_score":81,"school_zone":true,"pavement_marking_311_count_since_2020":0,"pedestrian_crash_count":2,"image_paint_score":0.6349,"paint_missing_ratio":0.7821,"stripe_break_ratio":0.4799,"contrast_score":0.425,"priority_reason":"Why flagged for remaking in Baisley Park: ortho paint-missing ratio, stripe-break ratio, marking contrast.","top_features":[{"feature":"paint_missing_ratio","label":"ortho paint-missing ratio","contribution":0.9178,"direction":"raises priority"},{"feature":"stripe_break_ratio","label":"stripe-break ratio","contribution":0.4647,"direction":"raises priority"},{"feature":"contrast_score","label":"marking contrast","contribution":0.0746,"direction":"raises priority"}],"matched_311_complaints":[],"google_maps_url":"https://www.google.com/maps?q=40.67422450362991,-73.79984755392513","image_url":"/images/nyc-34351.jpg","thumbnail_url":"/images/nyc-34351-thumb.jpg"}},{"type":"Feature","id":"nyc-43271","geometry":{"type":"Point","coordinates":[-73.90912668238335,40.815939226029315]},"properties":{"id":"nyc-43271","intersection_label":"Westchester Avenue & Trinity Avenue","borough":"Bronx","neighborhood":"Melrose","neighborhood_id":"BX0102","model_score":0.8117,"heuristic_score":55.0,"severity_score":81,"school_zone":true,"pavement_marking_311_count_since_2020":0,"pedestrian_crash_count":3,"image_paint_score":0.6164,"paint_missing_ratio":0.7367,"stripe_break_ratio":0.5679,"contrast_score":0.5694,"priority_reason":"Why flagged for remaking in Melrose: ortho paint-missing ratio, stripe-break ratio, ortho occlusion.","top_features":[{"feature":"paint_missing_ratio","label":"ortho paint-missing ratio","contribution":0.8435,"direction":"raises priority"},{"feature":"stripe_break_ratio","label":"stripe-break ratio","contribution":0.5819,"direction":"raises priority"},{"feature":"occlusion_penalty","label":"ortho occlusion","contribution":0.0641,"direction":"raises priority"}],"matched_311_complaints":[],"google_maps_url":"https://www.google.com/maps?q=40.815939226029315,-73.90912668238335","image_url":"/images/nyc-43271.jpg","thumbnail_url":"/images/nyc-43271-thumb.jpg"}},{"type":"Feature","id":"nyc-9090","geometry":{"type":"Point","coordinates":[-74.09799063011516,40.63176409627307]},"properties":{"id":"nyc-9090","intersection_label":"Forest Avenue & Ridgewood Place","borough":"Staten Island","neighborhood":"West New Brighton-Silver Lake-Grymes Hill","neighborhood_id":"SI0104","model_score":0.8095,"heuristic_score":68.0,"severity_score":81,"school_zone":false,"pavement_marking_311_count_since_2020":0,"pedestrian_crash_count":1,"image_paint_score":0.7651,"paint_missing_ratio":0.8306,"stripe_break_ratio":0.6472,"contrast_score":0.1757,"priority_reason":"Why flagged for remaking in West New Brighton-Silver Lake-Grymes Hill: ortho paint-missing ratio, stripe-break ratio, marking contrast.","top_features":[{"feature":"paint_missing_ratio","label":"ortho paint-missing ratio","contribution":0.9972,"direction":"raises priority"},{"feature":"stripe_break_ratio","label":"stripe-break ratio","contribution":0.6875,"direction":"raises priority"},{"feature":"contrast_score","label":"marking contrast","contribution":0.1601,"direction":"raises priority"}],"matched_311_complaints":[],"google_maps_url":"https://www.google.com/maps?q=40.63176409627307,-74.09799063011516","image_url":"/images/nyc-9090.jpg","thumbnail_url":"/images/nyc-9090-thumb.jpg"}},{"type":"Feature","id":"nyc-55807","geometry":{"type":"Point","coordinates":[-73.8165291192421,40.76533716239588]},"properties":{"id":"nyc-55807","intersection_label":"Northern Boulevard & 149 Place","borough":"Queens","neighborhood":"Murray Hill-Broadway Flushing","neighborhood_id":"QN0704","model_score":0.808,"heuristic_score":60.0,"severity_score":81,"school_zone":true,"pavement_marking_311_count_since_2020":0,"pedestrian_crash_count":0,"image_paint_score":0.6685,"paint_missing_ratio":0.782,"stripe_break_ratio":0.5881,"contrast_score":0.4461,"priority_reason":"Why flagged for remaking in Murray Hill-Broadway Flushing: ortho paint-missing ratio, stripe-break ratio.","top_features":[{"feature":"paint_missing_ratio","label":"ortho paint-missing ratio","contribution":0.9176,"direction":"raises priority"},{"feature":"stripe_break_ratio","label":"stripe-break ratio","contribution":0.6088,"direction":"raises priority"},{"feature":"occlusion_penalty","label":"ortho occlusion","contribution":-0.2048,"direction":"lowers priority"}],"matched_311_complaints":[],"google_maps_url":"https://www.google.com/maps?q=40.76533716239588,-73.8165291192421","image_url":"/images/nyc-55807.jpg","thumbnail_url":"/images/nyc-55807-thumb.jpg"}},{"type":"Feature","id":"nyc-15711","geometry":{"type":"Point","coordinates":[-73.9939445631542,40.71374403253267]},"properties":{"id":"nyc-15711","intersection_label":"East Broadway & Forsyth Street","borough":"Manhattan","neighborhood":"Chinatown-Two Bridges","neighborhood_id":"MN0301","model_score":0.8057,"heuristic_score":58.0,"severity_score":81,"school_zone":true,"pavement_marking_311_count_since_2020":0,"pedestrian_crash_count":8,"image_paint_score":0.6001,"paint_missing_ratio":0.8618,"stripe_break_ratio":0.2795,"contrast_score":0.4278,"priority_reason":"Why flagged for remaking in Chinatown-Two Bridges: ortho paint-missing ratio, stripe-break ratio.","top_features":[{"feature":"paint_missing_ratio","label":"ortho paint-missing ratio","contribution":1.0483,"direction":"raises priority"},{"feature":"occlusion_penalty","label":"ortho occlusion","contribution":-0.2076,"direction":"lowers priority"},{"feature":"stripe_break_ratio","label":"stripe-break ratio","contribution":0.1979,"direction":"raises priority"}],"matched_311_complaints":[],"google_maps_url":"https://www.google.com/maps?q=40.71374403253267,-73.9939445631542","image_url":"/images/nyc-15711.jpg","thumbnail_url":"/images/nyc-15711-thumb.jpg"}},{"type":"Feature","id":"nyc-22862","geometry":{"type":"Point","coordinates":[-73.95785444566309,40.74487247272242]},"properties":{"id":"nyc-22862","intersection_label":"Center Boulevard & 48 Avenue","borough":"Queens","neighborhood":"Long Island City-Hunters Point","neighborhood_id":"QN0201","model_score":0.8026,"heuristic_score":63.0,"severity_score":80,"school_zone":true,"pavement_marking_311_count_since_2020":1,"pedestrian_crash_count":1,"image_paint_score":0.6407,"paint_missing_ratio":0.8096,"stripe_break_ratio":0.3151,"contrast_score":0.1694,"priority_reason":"Why flagged for remaking in Long Island City-Hunters Point: ortho paint-missing ratio, stripe-break ratio, marking contrast.","top_features":[{"feature":"paint_missing_ratio","label":"ortho paint-missing ratio","contribution":0.9628,"direction":"raises priority"},{"feature":"stripe_break_ratio","label":"stripe-break ratio","contribution":0.2453,"direction":"raises priority"},{"feature":"contrast_score","label":"marking contrast","contribution":0.1622,"direction":"raises priority"}],"matched_311_complaints":[{"unique_key":"59916180","created_date":"2024-01-03T12:47:39.000","descriptor":"Line/Marking - Faded","incident_address":"48 AVENUE","url":"https://data.cityofnewyork.us/resource/erm2-nwe9.json?$select=unique_key,created_date,closed_date,agency,agency_name,complaint_type,descriptor,location_type,incident_address,status,resolution_description&$where=unique_key=%2759916180%27"}],"google_maps_url":"https://www.google.com/maps?q=40.74487247272242,-73.95785444566309","image_url":"/images/nyc-22862.jpg","thumbnail_url":"/images/nyc-22862-thumb.jpg"}},{"type":"Feature","id":"nyc-36330","geometry":{"type":"Point","coordinates":[-73.79047361881784,40.67339142303615]},"properties":{"id":"nyc-36330","intersection_label":"Rockaway Boulevard & 147 Street","borough":"Queens","neighborhood":"Baisley Park","neighborhood_id":"QN1203","model_score":0.798,"heuristic_score":50.0,"severity_score":80,"school_zone":true,"pavement_marking_311_count_since_2020":0,"pedestrian_crash_count":8,"image_paint_score":0.5755,"paint_missing_ratio":0.6175,"stripe_break_ratio":0.5251,"contrast_score":0.4306,"priority_reason":"Why flagged for remaking in Baisley Park: ortho paint-missing ratio, stripe-break ratio, ortho occlusion.","top_features":[{"feature":"paint_missing_ratio","label":"ortho paint-missing ratio","contribution":0.6484,"direction":"raises priority"},{"feature":"stripe_break_ratio","label":"stripe-break ratio","contribution":0.5249,"direction":"raises priority"},{"feature":"occlusion_penalty","label":"ortho occlusion","contribution":0.0743,"direction":"raises priority"}],"matched_311_complaints":[],"google_maps_url":"https://www.google.com/maps?q=40.67339142303615,-73.79047361881784","image_url":"/images/nyc-36330.jpg","thumbnail_url":"/images/nyc-36330-thumb.jpg"}},{"type":"Feature","id":"nyc-49385","geometry":{"type":"Point","coordinates":[-73.90064701035953,40.88509924480507]},"properties":{"id":"nyc-49385","intersection_label":"West 238 Street & Broadway","borough":"Bronx","neighborhood":"Kingsbridge-Marble Hill","neighborhood_id":"BX0802","model_score":0.7974,"heuristic_score":65.0,"severity_score":80,"school_zone":false,"pavement_marking_311_count_since_2020":0,"pedestrian_crash_count":7,"image_paint_score":0.7033,"paint_missing_ratio":0.8833,"stripe_break_ratio":0.4804,"contrast_score":0.3117,"priority_reason":"Why flagged for remaking in Kingsbridge-Marble Hill: ortho paint-missing ratio, stripe-break ratio.","top_features":[{"feature":"paint_missing_ratio","label":"ortho paint-missing ratio","contribution":1.0834,"direction":"raises priority"},{"feature":"stripe_break_ratio","label":"stripe-break ratio","contribution":0.4654,"direction":"raises priority"},{"feature":"occlusion_penalty","label":"ortho occlusion","contribution":-0.1694,"direction":"lowers priority"}],"matched_311_complaints":[],"google_maps_url":"https://www.google.com/maps?q=40.88509924480507,-73.90064701035953","image_url":"/images/nyc-49385.jpg","thumbnail_url":"/images/nyc-49385-thumb.jpg"}},{"type":"Feature","id":"nyc-23577","geometry":{"type":"Point","coordinates":[-73.95633492293774,40.77560078370534]},"properties":{"id":"nyc-23577","intersection_label":"3 Avenue & East 81 Street","borough":"Manhattan","neighborhood":"Upper East Side-Yorkville","neighborhood_id":"MN0803","model_score":0.7967,"heuristic_score":76.0,"severity_score":80,"school_zone":false,"pavement_marking_311_count_since_2020":2,"pedestrian_crash_count":0,"image_paint_score":0.7753,"paint_missing_ratio":0.9051,"stripe_break_ratio":0.6083,"contrast_score":0.2246,"priority_reason":"Why flagged for remaking in Upper East Side-Yorkville: ortho paint-missing ratio, stripe-break ratio.","top_features":[{"feature":"paint_missing_ratio","label":"ortho paint-missing ratio","contribution":1.1191,"direction":"raises priority"},{"feature":"stripe_break_ratio","label":"stripe-break ratio","contribution":0.6357,"direction":"raises priority"},{"feature":"occlusion_penalty","label":"ortho occlusion","contribution":-0.2082,"direction":"lowers priority"}],"matched_311_complaints":[{"unique_key":"69782601","created_date":"2026-07-21T00:34:10.000","descriptor":"Line/Marking - After Repaving","incident_address":"THIRD AVENUE","url":"https://data.cityofnewyork.us/resource/erm2-nwe9.json?$select=unique_key,created_date,closed_date,agency,agency_name,complaint_type,descriptor,location_type,incident_address,status,resolution_description&$where=unique_key=%2769782601%27"},{"unique_key":"68543461","created_date":"2026-04-02T12:40:06.000","descriptor":"Line/Marking - After Repaving","incident_address":"1441 3 AVENUE","url":"https://data.cityofnewyork.us/resource/erm2-nwe9.json?$select=unique_key,created_date,closed_date,agency,agency_name,complaint_type,descriptor,location_type,incident_address,status,resolution_description&$where=unique_key=%2768543461%27"}],"google_maps_url":"https://www.google.com/maps?q=40.77560078370534,-73.95633492293774","image_url":"/images/nyc-23577.jpg","thumbnail_url":"/images/nyc-23577-thumb.jpg"}},{"type":"Feature","id":"nyc-20951","geometry":{"type":"Point","coordinates":[-73.98074453004891,40.716184252098486]},"properties":{"id":"nyc-20951","intersection_label":"Columbia Street & Delancey Street","borough":"Manhattan","neighborhood":"Lower East Side","neighborhood_id":"MN0302","model_score":0.7947,"heuristic_score":53.0,"severity_score":79,"school_zone":true,"pavement_marking_311_count_since_2020":0,"pedestrian_crash_count":4,"image_paint_score":0.5954,"paint_missing_ratio":0.6959,"stripe_break_ratio":0.5525,"contrast_score":0.5556,"priority_reason":"Why flagged for remaking in Lower East Side: ortho paint-missing ratio, stripe-break ratio.","top_features":[{"feature":"paint_missing_ratio","label":"ortho paint-missing ratio","contribution":0.7767,"direction":"raises priority"},{"feature":"stripe_break_ratio","label":"stripe-break ratio","contribution":0.5614,"direction":"raises priority"},{"feature":"occlusion_penalty","label":"ortho occlusion","contribution":-0.167,"direction":"lowers priority"}],"matched_311_complaints":[],"google_maps_url":"https://www.google.com/maps?q=40.716184252098486,-73.98074453004891","image_url":"/images/nyc-20951.jpg","thumbnail_url":"/images/nyc-20951-thumb.jpg"}},{"type":"Feature","id":"nyc-46393","geometry":{"type":"Point","coordinates":[-73.89957348503218,40.75406353236348]},"properties":{"id":"nyc-46393","intersection_label":"Northern Boulevard & 64 Street","borough":"Queens","neighborhood":"Woodside","neighborhood_id":"QN0203","model_score":0.7946,"heuristic_score":59.0,"severity_score":79,"school_zone":true,"pavement_marking_311_count_since_2020":0,"pedestrian_crash_count":0,"image_paint_score":0.6434,"paint_missing_ratio":0.759,"stripe_break_ratio":0.4011,"contrast_score":0.1925,"priority_reason":"Why flagged for remaking in Woodside: ortho paint-missing ratio, stripe-break ratio, marking contrast.","top_features":[{"feature":"paint_missing_ratio","label":"ortho paint-missing ratio","contribution":0.88,"direction":"raises priority"},{"feature":"stripe_break_ratio","label":"stripe-break ratio","contribution":0.3598,"direction":"raises priority"},{"feature":"contrast_score","label":"marking contrast","contribution":0.1543,"direction":"raises priority"}],"matched_311_complaints":[],"google_maps_url":"https://www.google.com/maps?q=40.75406353236348,-73.89957348503218","image_url":"/images/nyc-46393.jpg","thumbnail_url":"/images/nyc-46393-thumb.jpg"}},{"type":"Feature","id":"nyc-22746","geometry":{"type":"Point","coordinates":[-73.96670187611099,40.75738080403027]},"properties":{"id":"nyc-22746","intersection_label":"2 Avenue & East 54 Street","borough":"Manhattan","neighborhood":"East Midtown-Turtle Bay","neighborhood_id":"MN0604","model_score":0.7943,"heuristic_score":57.0,"severity_score":79,"school_zone":true,"pavement_marking_311_count_since_2020":0,"pedestrian_crash_count":5,"image_paint_score":0.5873,"paint_missing_ratio":0.8668,"stripe_break_ratio":0.2305,"contrast_score":0.4171,"priority_reason":"Why flagged for remaking in East Midtown-Turtle Bay: ortho paint-missing ratio, stripe-break ratio.","top_features":[{"feature":"paint_missing_ratio","label":"ortho paint-missing ratio","contribution":1.0564,"direction":"raises priority"},{"feature":"occlusion_penalty","label":"ortho occlusion","contribution":-0.1975,"direction":"lowers priority"},{"feature":"stripe_break_ratio","label":"stripe-break ratio","contribution":0.1326,"direction":"raises priority"}],"matched_311_complaints":[],"google_maps_url":"https://www.google.com/maps?q=40.75738080403027,-73.96670187611099","image_url":"/images/nyc-22746.jpg","thumbnail_url":"/images/nyc-22746-thumb.jpg"}},{"type":"Feature","id":"nyc-9059238","geometry":{"type":"Point","coordinates":[-73.83025444526783,40.87237102257216]},"properties":{"id":"nyc-9059238","intersection_label":"Alcott Place & Co-op City Sect 3 Ped Path","borough":"Bronx","neighborhood":"Co-op City","neighborhood_id":"BX1004","model_score":0.7939,"heuristic_score":60.0,"severity_score":79,"school_zone":true,"pavement_marking_311_count_since_2020":1,"pedestrian_crash_count":1,"image_paint_score":0.6251,"paint_missing_ratio":0.7604,"stripe_break_ratio":0.4958,"contrast_score":0.4528,"priority_reason":"Why flagged for remaking in Co-op City: ortho paint-missing ratio, stripe-break ratio, ortho occlusion.","top_features":[{"feature":"paint_missing_ratio","label":"ortho paint-missing ratio","contribution":0.8823,"direction":"raises priority"},{"feature":"stripe_break_ratio","label":"stripe-break ratio","contribution":0.4859,"direction":"raises priority"},{"feature":"occlusion_penalty","label":"ortho occlusion","contribution":0.0798,"direction":"raises priority"}],"matched_311_complaints":[{"unique_key":"55196852","created_date":"2022-08-24T11:02:57.000","descriptor":"Line/Marking - After Repaving","incident_address":"120 ALCOTT PLACE","url":"https://data.cityofnewyork.us/resource/erm2-nwe9.json?$select=unique_key,created_date,closed_date,agency,agency_name,complaint_type,descriptor,location_type,incident_address,status,resolution_description&$where=unique_key=%2755196852%27"}],"google_maps_url":"https://www.google.com/maps?q=40.87237102257216,-73.83025444526783","image_url":"/images/nyc-9059238.jpg","thumbnail_url":"/images/nyc-9059238-thumb.jpg"}},{"type":"Feature","id":"nyc-33593","geometry":{"type":"Point","coordinates":[-73.82724314826874,40.65028717147694]},"properties":{"id":"nyc-33593","intersection_label":"104 Street & Driveway","borough":"Queens","neighborhood":"Howard Beach-Lindenwood","neighborhood_id":"QN1003","model_score":0.7866,"heuristic_score":72.0,"severity_score":79,"school_zone":false,"pavement_marking_311_count_since_2020":0,"pedestrian_crash_count":0,"image_paint_score":0.7561,"paint_missing_ratio":0.9931,"stripe_break_ratio":0.3357,"contrast_score":0.0413,"priority_reason":"Why flagged for remaking in Howard Beach-Lindenwood: ortho paint-missing ratio, stripe-break ratio, marking contrast.","top_features":[{"feature":"paint_missing_ratio","label":"ortho paint-missing ratio","contribution":1.2632,"direction":"raises priority"},{"feature":"stripe_break_ratio","label":"stripe-break ratio","contribution":0.2727,"direction":"raises priority"},{"feature":"contrast_score","label":"marking contrast","contribution":0.2062,"direction":"raises priority"}],"matched_311_complaints":[],"google_maps_url":"https://www.google.com/maps?q=40.65028717147694,-73.82724314826874","image_url":"/images/nyc-33593.jpg","thumbnail_url":"/images/nyc-33593-thumb.jpg"}},{"type":"Feature","id":"nyc-537","geometry":{"type":"Point","coordinates":[-74.23055752460739,40.50916606325864]},"properties":{"id":"nyc-537","intersection_label":"Page Avenue & Bartow Avenue","borough":"Staten Island","neighborhood":"Tottenville-Charleston","neighborhood_id":"SI0305","model_score":0.7863,"heuristic_score":57.0,"severity_score":79,"school_zone":true,"pavement_marking_311_count_since_2020":0,"pedestrian_crash_count":0,"image_paint_score":0.6325,"paint_missing_ratio":0.7132,"stripe_break_ratio":0.4919,"contrast_score":0.3028,"priority_reason":"Why flagged for remaking in Tottenville-Charleston: ortho paint-missing ratio, stripe-break ratio, marking contrast.","top_features":[{"feature":"paint_missing_ratio","label":"ortho paint-missing ratio","contribution":0.805,"direction":"raises priority"},{"feature":"stripe_break_ratio","label":"stripe-break ratio","contribution":0.4807,"direction":"raises priority"},{"feature":"contrast_score","label":"marking contrast","contribution":0.1165,"direction":"raises priority"}],"matched_311_complaints":[],"google_maps_url":"https://www.google.com/maps?q=40.50916606325864,-74.23055752460739","image_url":"/images/nyc-537.jpg","thumbnail_url":"/images/nyc-537-thumb.jpg"}},{"type":"Feature","id":"nyc-52010","geometry":{"type":"Point","coordinates":[-73.86019854257864,40.82175579052693]},"properties":{"id":"nyc-52010","intersection_label":"Lafayette Avenue & Underhill Avenue","borough":"Bronx","neighborhood":"Soundview-Clason Point","neighborhood_id":"BX0902","model_score":0.7854,"heuristic_score":59.0,"severity_score":79,"school_zone":true,"pavement_marking_311_count_since_2020":0,"pedestrian_crash_count":0,"image_paint_score":0.63,"paint_missing_ratio":0.8074,"stripe_break_ratio":0.3968,"contrast_score":0.3611,"priority_reason":"Why flagged for remaking in Soundview-Clason Point: ortho paint-missing ratio, stripe-break ratio, ortho occlusion.","top_features":[{"feature":"paint_missing_ratio","label":"ortho paint-missing ratio","contribution":0.9592,"direction":"raises priority"},{"feature":"stripe_break_ratio","label":"stripe-break ratio","contribution":0.3541,"direction":"raises priority"},{"feature":"occlusion_penalty","label":"ortho occlusion","contribution":0.104,"direction":"raises priority"}],"matched_311_complaints":[],"google_maps_url":"https://www.google.com/maps?q=40.82175579052693,-73.86019854257864","image_url":"/images/nyc-52010.jpg","thumbnail_url":"/images/nyc-52010-thumb.jpg"}},{"type":"Feature","id":"nyc-22455","geometry":{"type":"Point","coordinates":[-73.94642134451526,40.74198155183849]},"properties":{"id":"nyc-22455","intersection_label":"49 Avenue & Skillman Avenue","borough":"Queens","neighborhood":"Long Island City-Hunters Point","neighborhood_id":"QN0201","model_score":0.7816,"heuristic_score":80.0,"severity_score":78,"school_zone":false,"pavement_marking_311_count_since_2020":8,"pedestrian_crash_count":1,"image_paint_score":0.7408,"paint_missing_ratio":0.8139,"stripe_break_ratio":0.7092,"contrast_score":0.3682,"priority_reason":"Why flagged for remaking in Long Island City-Hunters Point: ortho paint-missing ratio, stripe-break ratio.","top_features":[{"feature":"paint_missing_ratio","label":"ortho paint-missing ratio","contribution":0.9698,"direction":"raises priority"},{"feature":"stripe_break_ratio","label":"stripe-break ratio","contribution":0.77,"direction":"raises priority"},{"feature":"occlusion_penalty","label":"ortho occlusion","contribution":-0.2053,"direction":"lowers priority"}],"matched_311_complaints":[{"unique_key":"69715508","created_date":"2026-07-14T08:28:51.000","descriptor":"Line/Marking - After Repaving","incident_address":"21-66 49 AVENUE","url":"https://data.cityofnewyork.us/resource/erm2-nwe9.json?$select=unique_key,created_date,closed_date,agency,agency_name,complaint_type,descriptor,location_type,incident_address,status,resolution_description&$where=unique_key=%2769715508%27"},{"unique_key":"69299353","created_date":"2026-06-09T07:13:18.000","descriptor":"Line/Marking - After Repaving","incident_address":"24-02 49 AVENUE","url":"https://data.cityofnewyork.us/resource/erm2-nwe9.json?$select=unique_key,created_date,closed_date,agency,agency_name,complaint_type,descriptor,location_type,incident_address,status,resolution_description&$where=unique_key=%2769299353%27"},{"unique_key":"68904194","created_date":"2026-05-06T15:34:24.000","descriptor":"Line/Marking - After Repaving","incident_address":"24-02 49 AVENUE","url":"https://data.cityofnewyork.us/resource/erm2-nwe9.json?$select=unique_key,created_date,closed_date,agency,agency_name,complaint_type,descriptor,location_type,incident_address,status,resolution_description&$where=unique_key=%2768904194%27"}],"google_maps_url":"https://www.google.com/maps?q=40.74198155183849,-73.94642134451526","image_url":"/images/nyc-22455.jpg","thumbnail_url":"/images/nyc-22455-thumb.jpg"}},{"type":"Feature","id":"nyc-25714","geometry":{"type":"Point","coordinates":[-73.92249750875173,40.60980907944878]},"properties":{"id":"nyc-25714","intersection_label":"Flatbush Avenue & Avenue U","borough":"Brooklyn","neighborhood":"Marine Park-Mill Basin-Bergen Beach","neighborhood_id":"BK1802","model_score":0.7815,"heuristic_score":75.0,"severity_score":78,"school_zone":false,"pavement_marking_311_count_since_2020":7,"pedestrian_crash_count":20,"image_paint_score":0.6741,"paint_missing_ratio":0.7446,"stripe_break_ratio":0.529,"contrast_score":0.2306,"priority_reason":"Why flagged for remaking in Marine Park-Mill Basin-Bergen Beach: ortho paint-missing ratio, stripe-break ratio, marking contrast.","top_features":[{"feature":"paint_missing_ratio","label":"ortho paint-missing ratio","contribution":0.8564,"direction":"raises priority"},{"feature":"stripe_break_ratio","label":"stripe-break ratio","contribution":0.5301,"direction":"raises priority"},{"feature":"contrast_score","label":"marking contrast","contribution":0.1413,"direction":"raises priority"}],"matched_311_complaints":[{"unique_key":"53757996","created_date":"2022-03-27T21:41:58.000","descriptor":"Line/Marking - Faded","incident_address":"AVENUE U","url":"https://data.cityofnewyork.us/resource/erm2-nwe9.json?$select=unique_key,created_date,closed_date,agency,agency_name,complaint_type,descriptor,location_type,incident_address,status,resolution_description&$where=unique_key=%2753757996%27"},{"unique_key":"47561244","created_date":"2020-09-14T07:04:16.000","descriptor":"Line/Marking - After Repaving","incident_address":"AVENUE U","url":"https://data.cityofnewyork.us/resource/erm2-nwe9.json?$select=unique_key,created_date,closed_date,agency,agency_name,complaint_type,descriptor,location_type,incident_address,status,resolution_description&$where=unique_key=%2747561244%27"},{"unique_key":"47526252","created_date":"2020-09-10T12:08:24.000","descriptor":"Line/Marking - Faded","incident_address":"AVENUE U","url":"https://data.cityofnewyork.us/resource/erm2-nwe9.json?$select=unique_key,created_date,closed_date,agency,agency_name,complaint_type,descriptor,location_type,incident_address,status,resolution_description&$where=unique_key=%2747526252%27"}],"google_maps_url":"https://www.google.com/maps?q=40.60980907944878,-73.92249750875173","image_url":"/images/nyc-25714.jpg","thumbnail_url":"/images/nyc-25714-thumb.jpg"}},{"type":"Feature","id":"nyc-54886","geometry":{"type":"Point","coordinates":[-73.82135216732777,40.72214769655714]},"properties":{"id":"nyc-54886","intersection_label":"76 Avenue & 141 Place","borough":"Queens","neighborhood":"Kew Gardens Hills","neighborhood_id":"QN0801","model_score":0.7799,"heuristic_score":60.0,"severity_score":78,"school_zone":true,"pavement_marking_311_count_since_2020":0,"pedestrian_crash_count":0,"image_paint_score":0.6295,"paint_missing_ratio":0.8331,"stripe_break_ratio":0.2338,"contrast_score":0.136,"priority_reason":"Why flagged for remaking in Kew Gardens Hills: ortho paint-missing ratio, marking contrast, stripe-break ratio.","top_features":[{"feature":"paint_missing_ratio","label":"ortho paint-missing ratio","contribution":1.0013,"direction":"raises priority"},{"feature":"contrast_score","label":"marking contrast","contribution":0.1737,"direction":"raises priority"},{"feature":"stripe_break_ratio","label":"stripe-break ratio","contribution":0.137,"direction":"raises priority"}],"matched_311_complaints":[],"google_maps_url":"https://www.google.com/maps?q=40.72214769655714,-73.82135216732777","image_url":"/images/nyc-54886.jpg","thumbnail_url":"/images/nyc-54886-thumb.jpg"}},{"type":"Feature","id":"nyc-9030956","geometry":{"type":"Point","coordinates":[-74.087052501599,40.58635719961351]},"properties":{"id":"nyc-9030956","intersection_label":"Mason Avenue & Dea Court","borough":"Staten Island","neighborhood":"Grasmere-Arrochar-South Beach-Dongan Hills","neighborhood_id":"SI0201","model_score":0.7777,"heuristic_score":67.0,"severity_score":78,"school_zone":false,"pavement_marking_311_count_since_2020":0,"pedestrian_crash_count":0,"image_paint_score":0.7434,"paint_missing_ratio":0.8337,"stripe_break_ratio":0.5434,"contrast_score":0.11,"priority_reason":"Why flagged for remaking in Grasmere-Arrochar-South Beach-Dongan Hills: ortho paint-missing ratio, stripe-break ratio, marking contrast.","top_features":[{"feature":"paint_missing_ratio","label":"ortho paint-missing ratio","contribution":1.0023,"direction":"raises priority"},{"feature":"stripe_break_ratio","label":"stripe-break ratio","contribution":0.5493,"direction":"raises priority"},{"feature":"contrast_score","label":"marking contrast","contribution":0.1826,"direction":"raises priority"}],"matched_311_complaints":[],"google_maps_url":"https://www.google.com/maps?q=40.58635719961351,-74.087052501599","image_url":"/images/nyc-9030956.jpg","thumbnail_url":"/images/nyc-9030956-thumb.jpg"}},{"type":"Feature","id":"nyc-2771","geometry":{"type":"Point","coordinates":[-74.19258646344285,40.562640054704055]},"properties":{"id":"nyc-2771","intersection_label":"Arthur Kill Road & Muldoon Avenue","borough":"Staten Island","neighborhood":"Arden Heights-Rossville","neighborhood_id":"SI0303","model_score":0.7753,"heuristic_score":84.0,"severity_score":78,"school_zone":false,"pavement_marking_311_count_since_2020":5,"pedestrian_crash_count":0,"image_paint_score":0.7402,"paint_missing_ratio":0.9491,"stripe_break_ratio":0.4453,"contrast_score":0.2139,"priority_reason":"Why flagged for remaking in Arden Heights-Rossville: ortho paint-missing ratio, stripe-break ratio, marking contrast.","top_features":[{"feature":"paint_missing_ratio","label":"ortho paint-missing ratio","contribution":1.1911,"direction":"raises priority"},{"feature":"stripe_break_ratio","label":"stripe-break ratio","contribution":0.4186,"direction":"raises priority"},{"feature":"contrast_score","label":"marking contrast","contribution":0.147,"direction":"raises priority"}],"matched_311_complaints":[{"unique_key":"69718749","created_date":"2026-07-14T20:47:40.000","descriptor":"Line/Marking - After Repaving","incident_address":"ARTHUR KILL ROAD","url":"https://data.cityofnewyork.us/resource/erm2-nwe9.json?$select=unique_key,created_date,closed_date,agency,agency_name,complaint_type,descriptor,location_type,incident_address,status,resolution_description&$where=unique_key=%2769718749%27"},{"unique_key":"69264849","created_date":"2026-06-06T09:43:06.000","descriptor":"Line/Marking - After Repaving","incident_address":"ARTHUR KILL ROAD","url":"https://data.cityofnewyork.us/resource/erm2-nwe9.json?$select=unique_key,created_date,closed_date,agency,agency_name,complaint_type,descriptor,location_type,incident_address,status,resolution_description&$where=unique_key=%2769264849%27"},{"unique_key":"68861923","created_date":"2026-05-02T06:24:32.000","descriptor":"Line/Marking - After Repaving","incident_address":"ARTHUR KILL ROAD","url":"https://data.cityofnewyork.us/resource/erm2-nwe9.json?$select=unique_key,created_date,closed_date,agency,agency_name,complaint_type,descriptor,location_type,incident_address,status,resolution_description&$where=unique_key=%2768861923%27"}],"google_maps_url":"https://www.google.com/maps?q=40.562640054704055,-74.19258646344285","image_url":"/images/nyc-2771.jpg","thumbnail_url":"/images/nyc-2771-thumb.jpg"}},{"type":"Feature","id":"nyc-18995","geometry":{"type":"Point","coordinates":[-73.94940638924356,40.664005308522604]},"properties":{"id":"nyc-18995","intersection_label":"Empire Boulevard & Clove Road","borough":"Brooklyn","neighborhood":"Prospect Lefferts Gardens-Wingate","neighborhood_id":"BK0902","model_score":0.7745,"heuristic_score":58.0,"severity_score":77,"school_zone":true,"pavement_marking_311_count_since_2020":1,"pedestrian_crash_count":0,"image_paint_score":0.6147,"paint_missing_ratio":0.7066,"stripe_break_ratio":0.5669,"contrast_score":0.5083,"priority_reason":"Why flagged for remaking in Prospect Lefferts Gardens-Wingate: ortho paint-missing ratio, stripe-break ratio, ortho occlusion.","top_features":[{"feature":"paint_missing_ratio","label":"ortho paint-missing ratio","contribution":0.7942,"direction":"raises priority"},{"feature":"stripe_break_ratio","label":"stripe-break ratio","contribution":0.5806,"direction":"raises priority"},{"feature":"occlusion_penalty","label":"ortho occlusion","contribution":0.096,"direction":"raises priority"}],"matched_311_complaints":[{"unique_key":"45574817","created_date":"2020-02-08T17:18:23.000","descriptor":"Line/Marking - Faded","incident_address":"379 EMPIRE BOULEVARD","url":"https://data.cityofnewyork.us/resource/erm2-nwe9.json?$select=unique_key,created_date,closed_date,agency,agency_name,complaint_type,descriptor,location_type,incident_address,status,resolution_description&$where=unique_key=%2745574817%27"}],"google_maps_url":"https://www.google.com/maps?q=40.664005308522604,-73.94940638924356","image_url":"/images/nyc-18995.jpg","thumbnail_url":"/images/nyc-18995-thumb.jpg"}},{"type":"Feature","id":"nyc-48624","geometry":{"type":"Point","coordinates":[-73.90394666996785,40.87625812848598]},"properties":{"id":"nyc-48624","intersection_label":"Bailey Avenue & West 230 Street","borough":"Bronx","neighborhood":"Kingsbridge Heights-Van Cortlandt Village","neighborhood_id":"BX0801","model_score":0.7739,"heuristic_score":53.0,"severity_score":77,"school_zone":true,"pavement_marking_311_count_since_2020":0,"pedestrian_crash_count":9,"image_paint_score":0.5645,"paint_missing_ratio":0.7636,"stripe_break_ratio":0.3155,"contrast_score":0.4476,"priority_reason":"Why flagged for remaking in Kingsbridge Heights-Van Cortlandt Village: ortho paint-missing ratio, stripe-break ratio.","top_features":[{"feature":"paint_missing_ratio","label":"ortho paint-missing ratio","contribution":0.8875,"direction":"raises priority"},{"feature":"stripe_break_ratio","label":"stripe-break ratio","contribution":0.2458,"direction":"raises priority"},{"feature":"occlusion_penalty","label":"ortho occlusion","contribution":-0.2079,"direction":"lowers priority"}],"matched_311_complaints":[],"google_maps_url":"https://www.google.com/maps?q=40.87625812848598,-73.90394666996785","image_url":"/images/nyc-48624.jpg","thumbnail_url":"/images/nyc-48624-thumb.jpg"}},{"type":"Feature","id":"nyc-104630","geometry":{"type":"Point","coordinates":[-73.88837131140072,40.797560754883555]},"properties":{"id":"nyc-104630","intersection_label":"Rikers Island Access Road & Rikers Island Connector Road","borough":"Bronx","neighborhood":"Rikers Island","neighborhood_id":"QN0151","model_score":0.7722,"heuristic_score":69.0,"severity_score":77,"school_zone":false,"pavement_marking_311_count_since_2020":0,"pedestrian_crash_count":0,"image_paint_score":0.7426,"paint_missing_ratio":0.9201,"stripe_break_ratio":0.466,"contrast_score":0.1726,"priority_reason":"Why flagged for remaking in Rikers Island: ortho paint-missing ratio, stripe-break ratio, marking contrast.","top_features":[{"feature":"paint_missing_ratio","label":"ortho paint-missing ratio","contribution":1.1437,"direction":"raises priority"},{"feature":"stripe_break_ratio","label":"stripe-break ratio","contribution":0.4462,"direction":"raises priority"},{"feature":"contrast_score","label":"marking contrast","contribution":0.1611,"direction":"raises priority"}],"matched_311_complaints":[],"google_maps_url":"https://www.google.com/maps?q=40.797560754883555,-73.88837131140072","image_url":"/images/nyc-104630.jpg","thumbnail_url":"/images/nyc-104630-thumb.jpg"}},{"type":"Feature","id":"nyc-9152","geometry":{"type":"Point","coordinates":[-74.09268940723342,40.63202013778523]},"properties":{"id":"nyc-9152","intersection_label":"Haven Esplanade & Silver Lake Road","borough":"Staten Island","neighborhood":"West New Brighton-Silver Lake-Grymes Hill","neighborhood_id":"SI0104","model_score":0.7713,"heuristic_score":67.0,"severity_score":77,"school_zone":false,"pavement_marking_311_count_since_2020":0,"pedestrian_crash_count":0,"image_paint_score":0.7418,"paint_missing_ratio":0.8463,"stripe_break_ratio":0.4905,"contrast_score":0.0535,"priority_reason":"Why flagged for remaking in West New Brighton-Silver Lake-Grymes Hill: ortho paint-missing ratio, stripe-break ratio, marking contrast.","top_features":[{"feature":"paint_missing_ratio","label":"ortho paint-missing ratio","contribution":1.0229,"direction":"raises priority"},{"feature":"stripe_break_ratio","label":"stripe-break ratio","contribution":0.4788,"direction":"raises priority"},{"feature":"contrast_score","label":"marking contrast","contribution":0.202,"direction":"raises priority"}],"matched_311_complaints":[],"google_maps_url":"https://www.google.com/maps?q=40.63202013778523,-74.09268940723342","image_url":"/images/nyc-9152.jpg","thumbnail_url":"/images/nyc-9152-thumb.jpg"}},{"type":"Feature","id":"nyc-20919","geometry":{"type":"Point","coordinates":[-73.98536080132371,40.735789930217976]},"properties":{"id":"nyc-20919","intersection_label":"3 Avenue & East 18 Street","borough":"Manhattan","neighborhood":"Gramercy","neighborhood_id":"MN0602","model_score":0.7643,"heuristic_score":59.0,"severity_score":76,"school_zone":true,"pavement_marking_311_count_since_2020":0,"pedestrian_crash_count":0,"image_paint_score":0.6223,"paint_missing_ratio":0.8615,"stripe_break_ratio":0.3006,"contrast_score":0.3529,"priority_reason":"Why flagged for remaking in Gramercy: ortho paint-missing ratio, stripe-break ratio.","top_features":[{"feature":"paint_missing_ratio","label":"ortho paint-missing ratio","contribution":1.0478,"direction":"raises priority"},{"feature":"stripe_break_ratio","label":"stripe-break ratio","contribution":0.226,"direction":"raises priority"},{"feature":"occlusion_penalty","label":"ortho occlusion","contribution":-0.2087,"direction":"lowers priority"}],"matched_311_complaints":[],"google_maps_url":"https://www.google.com/maps?q=40.735789930217976,-73.98536080132371","image_url":"/images/nyc-20919.jpg","thumbnail_url":"/images/nyc-20919-thumb.jpg"}},{"type":"Feature","id":"nyc-20948","geometry":{"type":"Point","coordinates":[-73.98158396735674,40.71643570381069]},"properties":{"id":"nyc-20948","intersection_label":"Sheriff Street & Delancey Street","borough":"Manhattan","neighborhood":"Lower East Side","neighborhood_id":"MN0302","model_score":0.7618,"heuristic_score":69.0,"severity_score":76,"school_zone":true,"pavement_marking_311_count_since_2020":5,"pedestrian_crash_count":1,"image_paint_score":0.5999,"paint_missing_ratio":0.709,"stripe_break_ratio":0.515,"contrast_score":0.4972,"priority_reason":"Why flagged for remaking in Lower East Side: ortho paint-missing ratio, stripe-break ratio.","top_features":[{"feature":"paint_missing_ratio","label":"ortho paint-missing ratio","contribution":0.7981,"direction":"raises priority"},{"feature":"stripe_break_ratio","label":"stripe-break ratio","contribution":0.5114,"direction":"raises priority"},{"feature":"occlusion_penalty","label":"ortho occlusion","contribution":-0.162,"direction":"lowers priority"}],"matched_311_complaints":[{"unique_key":"63348143","created_date":"2024-12-09T20:35:19.000","descriptor":"Line/Marking - Faded","incident_address":"DELANCEY STREET","url":"https://data.cityofnewyork.us/resource/erm2-nwe9.json?$select=unique_key,created_date,closed_date,agency,agency_name,complaint_type,descriptor,location_type,incident_address,status,resolution_description&$where=unique_key=%2763348143%27"},{"unique_key":"59402805","created_date":"2023-11-11T14:35:33.000","descriptor":"Line/Marking - Faded","incident_address":"DELANCEY STREET","url":"https://data.cityofnewyork.us/resource/erm2-nwe9.json?$select=unique_key,created_date,closed_date,agency,agency_name,complaint_type,descriptor,location_type,incident_address,status,resolution_description&$where=unique_key=%2759402805%27"},{"unique_key":"56261486","created_date":"2022-12-15T09:18:53.000","descriptor":"Line/Marking - Faded","incident_address":"DELANCY STREET","url":"https://data.cityofnewyork.us/resource/erm2-nwe9.json?$select=unique_key,created_date,closed_date,agency,agency_name,complaint_type,descriptor,location_type,incident_address,status,resolution_description&$where=unique_key=%2756261486%27"}],"google_maps_url":"https://www.google.com/maps?q=40.71643570381069,-73.98158396735674","image_url":"/images/nyc-20948.jpg","thumbnail_url":"/images/nyc-20948-thumb.jpg"}},{"type":"Feature","id":"nyc-52009","geometry":{"type":"Point","coordinates":[-73.86111376167185,40.82163188859785]},"properties":{"id":"nyc-52009","intersection_label":"Lafayette Avenue & Leland Avenue","borough":"Bronx","neighborhood":"Soundview-Clason Point","neighborhood_id":"BX0902","model_score":0.7606,"heuristic_score":55.0,"severity_score":76,"school_zone":true,"pavement_marking_311_count_since_2020":0,"pedestrian_crash_count":0,"image_paint_score":0.6017,"paint_missing_ratio":0.7219,"stripe_break_ratio":0.4338,"contrast_score":0.375,"priority_reason":"Why flagged for remaking in Soundview-Clason Point: ortho paint-missing ratio, stripe-break ratio, marking contrast.","top_features":[{"feature":"paint_missing_ratio","label":"ortho paint-missing ratio","contribution":0.8193,"direction":"raises priority"},{"feature":"stripe_break_ratio","label":"stripe-break ratio","contribution":0.4033,"direction":"raises priority"},{"feature":"contrast_score","label":"marking contrast","contribution":0.0917,"direction":"raises priority"}],"matched_311_complaints":[],"google_maps_url":"https://www.google.com/maps?q=40.82163188859785,-73.86111376167185","image_url":"/images/nyc-52009.jpg","thumbnail_url":"/images/nyc-52009-thumb.jpg"}},{"type":"Feature","id":"nyc-15680","geometry":{"type":"Point","coordinates":[-73.99470923385356,40.70299388612858]},"properties":{"id":"nyc-15680","intersection_label":"Old Fulton Street & Furman Street","borough":"Brooklyn","neighborhood":"Brooklyn Heights","neighborhood_id":"BK0201","model_score":0.7605,"heuristic_score":67.0,"severity_score":76,"school_zone":false,"pavement_marking_311_count_since_2020":0,"pedestrian_crash_count":0,"image_paint_score":0.7325,"paint_missing_ratio":0.9078,"stripe_break_ratio":0.4842,"contrast_score":0.2276,"priority_reason":"Why flagged for remaking in Brooklyn Heights: ortho paint-missing ratio, stripe-break ratio.","top_features":[{"feature":"paint_missing_ratio","label":"ortho paint-missing ratio","contribution":1.1235,"direction":"raises priority"},{"feature":"stripe_break_ratio","label":"stripe-break ratio","contribution":0.4704,"direction":"raises priority"},{"feature":"occlusion_penalty","label":"ortho occlusion","contribution":-0.1916,"direction":"lowers priority"}],"matched_311_complaints":[],"google_maps_url":"https://www.google.com/maps?q=40.70299388612858,-73.99470923385356","image_url":"/images/nyc-15680.jpg","thumbnail_url":"/images/nyc-15680-thumb.jpg"}},{"type":"Feature","id":"nyc-37935","geometry":{"type":"Point","coordinates":[-73.75965472869497,40.60110329891857]},"properties":{"id":"nyc-37935","intersection_label":"Ocean Crest Boulevard & Gipson Street","borough":"Queens","neighborhood":"Far Rockaway-Bayswater","neighborhood_id":"QN1401","model_score":0.7602,"heuristic_score":62.0,"severity_score":76,"school_zone":true,"pavement_marking_311_count_since_2020":0,"pedestrian_crash_count":0,"image_paint_score":0.6083,"paint_missing_ratio":0.9603,"stripe_break_ratio":0.0,"contrast_score":0.1192,"priority_reason":"Why flagged for remaking in Far Rockaway-Bayswater: ortho paint-missing ratio, marking contrast.","top_features":[{"feature":"paint_missing_ratio","label":"ortho paint-missing ratio","contribution":1.2095,"direction":"raises priority"},{"feature":"contrast_score","label":"marking contrast","contribution":0.1795,"direction":"raises priority"},{"feature":"stripe_break_ratio","label":"stripe-break ratio","contribution":-0.1743,"direction":"lowers priority"}],"matched_311_complaints":[],"google_maps_url":"https://www.google.com/maps?q=40.60110329891857,-73.75965472869497","image_url":"/images/nyc-37935.jpg","thumbnail_url":"/images/nyc-37935-thumb.jpg"}},{"type":"Feature","id":"nyc-9006224","geometry":{"type":"Point","coordinates":[-73.87032856649176,40.81962422797618]},"properties":{"id":"nyc-9006224","intersection_label":"Metcalf Avenue & Clason Pnt Grdns Houses Ped Path","borough":"Bronx","neighborhood":"Soundview Park","neighborhood_id":"BX0991","model_score":0.7599,"heuristic_score":61.0,"severity_score":76,"school_zone":true,"pavement_marking_311_count_since_2020":1,"pedestrian_crash_count":0,"image_paint_score":0.6036,"paint_missing_ratio":0.8077,"stripe_break_ratio":0.2535,"contrast_score":0.2429,"priority_reason":"Why flagged for remaking in Soundview Park: ortho paint-missing ratio, stripe-break ratio, marking contrast.","top_features":[{"feature":"paint_missing_ratio","label":"ortho paint-missing ratio","contribution":0.9597,"direction":"raises priority"},{"feature":"stripe_break_ratio","label":"stripe-break ratio","contribution":0.1633,"direction":"raises priority"},{"feature":"contrast_score","label":"marking contrast","contribution":0.137,"direction":"raises priority"}],"matched_311_complaints":[{"unique_key":"57427030","created_date":"2023-04-26T10:11:58.000","descriptor":"Line/Marking - Faded","incident_address":"750 METCALF AVENUE","url":"https://data.cityofnewyork.us/resource/erm2-nwe9.json?$select=unique_key,created_date,closed_date,agency,agency_name,complaint_type,descriptor,location_type,incident_address,status,resolution_description&$where=unique_key=%2757427030%27"}],"google_maps_url":"https://www.google.com/maps?q=40.81962422797618,-73.87032856649176","image_url":"/images/nyc-9006224.jpg","thumbnail_url":"/images/nyc-9006224-thumb.jpg"}},{"type":"Feature","id":"nyc-87774","geometry":{"type":"Point","coordinates":[-73.97228410392029,40.63374452681785]},"properties":{"id":"nyc-87774","intersection_label":"Ocean Parkway & Avenue F","borough":"Brooklyn","neighborhood":"Kensington","neighborhood_id":"BK1203","model_score":0.7582,"heuristic_score":56.0,"severity_score":76,"school_zone":true,"pavement_marking_311_count_since_2020":0,"pedestrian_crash_count":2,"image_paint_score":0.5759,"paint_missing_ratio":0.7806,"stripe_break_ratio":0.1785,"contrast_score":0.1894,"priority_reason":"Why flagged for remaking in Kensington: ortho paint-missing ratio, marking contrast, ortho occlusion.","top_features":[{"feature":"paint_missing_ratio","label":"ortho paint-missing ratio","contribution":0.9153,"direction":"raises priority"},{"feature":"contrast_score","label":"marking contrast","contribution":0.1554,"direction":"raises priority"},{"feature":"occlusion_penalty","label":"ortho occlusion","contribution":0.0982,"direction":"raises priority"}],"matched_311_complaints":[],"google_maps_url":"https://www.google.com/maps?q=40.63374452681785,-73.97228410392029","image_url":"/images/nyc-87774.jpg","thumbnail_url":"/images/nyc-87774-thumb.jpg"}},{"type":"Feature","id":"nyc-36937","geometry":{"type":"Point","coordinates":[-73.76618486562809,40.67948323077028]},"properties":{"id":"nyc-36937","intersection_label":"176 Place & 130 Avenue","borough":"Queens","neighborhood":"Springfield Gardens (North)-Rochdale Village","neighborhood_id":"QN1204","model_score":0.7557,"heuristic_score":64.0,"severity_score":76,"school_zone":false,"pavement_marking_311_count_since_2020":0,"pedestrian_crash_count":0,"image_paint_score":0.7154,"paint_missing_ratio":0.7941,"stripe_break_ratio":0.5799,"contrast_score":0.2246,"priority_reason":"Why flagged for remaking in Springfield Gardens (North)-Rochdale Village: ortho paint-missing ratio, stripe-break ratio, marking contrast.","top_features":[{"feature":"paint_missing_ratio","label":"ortho paint-missing ratio","contribution":0.9374,"direction":"raises priority"},{"feature":"stripe_break_ratio","label":"stripe-break ratio","contribution":0.5979,"direction":"raises priority"},{"feature":"contrast_score","label":"marking contrast","contribution":0.1433,"direction":"raises priority"}],"matched_311_complaints":[],"google_maps_url":"https://www.google.com/maps?q=40.67948323077028,-73.76618486562809","image_url":"/images/nyc-36937.jpg","thumbnail_url":"/images/nyc-36937-thumb.jpg"}},{"type":"Feature","id":"nyc-20613","geometry":{"type":"Point","coordinates":[-73.99711792470255,40.72892580153564]},"properties":{"id":"nyc-20613","intersection_label":"West 3 Street & Driveway","borough":"Manhattan","neighborhood":"Greenwich Village","neighborhood_id":"MN0202","model_score":0.7537,"heuristic_score":82.0,"severity_score":75,"school_zone":false,"pavement_marking_311_count_since_2020":8,"pedestrian_crash_count":0,"image_paint_score":0.7266,"paint_missing_ratio":0.8832,"stripe_break_ratio":0.465,"contrast_score":0.1681,"priority_reason":"Why flagged for remaking in Greenwich Village: ortho paint-missing ratio, stripe-break ratio.","top_features":[{"feature":"paint_missing_ratio","label":"ortho paint-missing ratio","contribution":1.0833,"direction":"raises priority"},{"feature":"stripe_break_ratio","label":"stripe-break ratio","contribution":0.4449,"direction":"raises priority"},{"feature":"occlusion_penalty","label":"ortho occlusion","contribution":-0.2087,"direction":"lowers priority"}],"matched_311_complaints":[{"unique_key":"45789311","created_date":"2020-03-11T18:41:34.000","descriptor":"Line/Marking - Faded","incident_address":"45 WEST    3 STREET","url":"https://data.cityofnewyork.us/resource/erm2-nwe9.json?$select=unique_key,created_date,closed_date,agency,agency_name,complaint_type,descriptor,location_type,incident_address,status,resolution_description&$where=unique_key=%2745789311%27"},{"unique_key":"45814369","created_date":"2020-03-07T15:07:57.000","descriptor":"Line/Marking - Faded","incident_address":"45 WEST    3 STREET","url":"https://data.cityofnewyork.us/resource/erm2-nwe9.json?$select=unique_key,created_date,closed_date,agency,agency_name,complaint_type,descriptor,location_type,incident_address,status,resolution_description&$where=unique_key=%2745814369%27"},{"unique_key":"45736485","created_date":"2020-03-02T13:38:40.000","descriptor":"Line/Marking - Faded","incident_address":"45 WEST    3 STREET","url":"https://data.cityofnewyork.us/resource/erm2-nwe9.json?$select=unique_key,created_date,closed_date,agency,agency_name,complaint_type,descriptor,location_type,incident_address,status,resolution_description&$where=unique_key=%2745736485%27"}],"google_maps_url":"https://www.google.com/maps?q=40.72892580153564,-73.99711792470255","image_url":"/images/nyc-20613.jpg","thumbnail_url":"/images/nyc-20613-thumb.jpg"}},{"type":"Feature","id":"nyc-36331","geometry":{"type":"Point","coordinates":[-73.78988615979003,40.67329790453817]},"properties":{"id":"nyc-36331","intersection_label":"Rockaway Boulevard & 148 Street","borough":"Queens","neighborhood":"Baisley Park","neighborhood_id":"QN1203","model_score":0.7533,"heuristic_score":50.0,"severity_score":75,"school_zone":true,"pavement_marking_311_count_since_2020":0,"pedestrian_crash_count":2,"image_paint_score":0.567,"paint_missing_ratio":0.6087,"stripe_break_ratio":0.504,"contrast_score":0.4167,"priority_reason":"Why flagged for remaking in Baisley Park: ortho paint-missing ratio, stripe-break ratio, marking contrast.","top_features":[{"feature":"paint_missing_ratio","label":"ortho paint-missing ratio","contribution":0.634,"direction":"raises priority"},{"feature":"stripe_break_ratio","label":"stripe-break ratio","contribution":0.4968,"direction":"raises priority"},{"feature":"contrast_score","label":"marking contrast","contribution":0.0774,"direction":"raises priority"}],"matched_311_complaints":[],"google_maps_url":"https://www.google.com/maps?q=40.67329790453817,-73.78988615979003","image_url":"/images/nyc-36331.jpg","thumbnail_url":"/images/nyc-36331-thumb.jpg"}},{"type":"Feature","id":"nyc-44471","geometry":{"type":"Point","coordinates":[-73.9229585413191,40.85891389307148]},"properties":{"id":"nyc-44471","intersection_label":"10 Avenue & Harlem River Drive Greenway","borough":"Manhattan","neighborhood":"Highbridge Park","neighborhood_id":"MN1291","model_score":0.7523,"heuristic_score":53.0,"severity_score":75,"school_zone":true,"pavement_marking_311_count_since_2020":0,"pedestrian_crash_count":4,"image_paint_score":0.5389,"paint_missing_ratio":0.7886,"stripe_break_ratio":0.1829,"contrast_score":0.4,"priority_reason":"Why flagged for remaking in Highbridge Park: ortho paint-missing ratio, marking contrast, ortho occlusion.","top_features":[{"feature":"paint_missing_ratio","label":"ortho paint-missing ratio","contribution":0.9284,"direction":"raises priority"},{"feature":"contrast_score","label":"marking contrast","contribution":0.0832,"direction":"raises priority"},{"feature":"occlusion_penalty","label":"ortho occlusion","contribution":0.0829,"direction":"raises priority"}],"matched_311_complaints":[],"google_maps_url":"https://www.google.com/maps?q=40.85891389307148,-73.9229585413191","image_url":"/images/nyc-44471.jpg","thumbnail_url":"/images/nyc-44471-thumb.jpg"}},{"type":"Feature","id":"nyc-37441","geometry":{"type":"Point","coordinates":[-73.78356075826099,40.712710787729364]},"properties":{"id":"nyc-37441","intersection_label":"Hillside Avenue & 179 Place","borough":"Queens","neighborhood":"Jamaica","neighborhood_id":"QN1201","model_score":0.7516,"heuristic_score":57.0,"severity_score":75,"school_zone":true,"pavement_marking_311_count_since_2020":0,"pedestrian_crash_count":0,"image_paint_score":0.5929,"paint_missing_ratio":0.8275,"stripe_break_ratio":0.23,"contrast_score":0.3,"priority_reason":"Why flagged for remaking in Jamaica: ortho paint-missing ratio, stripe-break ratio, marking contrast.","top_features":[{"feature":"paint_missing_ratio","label":"ortho paint-missing ratio","contribution":0.9921,"direction":"raises priority"},{"feature":"stripe_break_ratio","label":"stripe-break ratio","contribution":0.132,"direction":"raises priority"},{"feature":"contrast_score","label":"marking contrast","contribution":0.1175,"direction":"raises priority"}],"matched_311_complaints":[],"google_maps_url":"https://www.google.com/maps?q=40.712710787729364,-73.78356075826099","image_url":"/images/nyc-37441.jpg","thumbnail_url":"/images/nyc-37441-thumb.jpg"}},{"type":"Feature","id":"nyc-54187","geometry":{"type":"Point","coordinates":[-73.86045233902112,40.887803456604615]},"properties":{"id":"nyc-54187","intersection_label":"White Plains Road & East 225 Street","borough":"Bronx","neighborhood":"Williamsbridge-Olinville","neighborhood_id":"BX1201","model_score":0.7497,"heuristic_score":53.0,"severity_score":75,"school_zone":true,"pavement_marking_311_count_since_2020":0,"pedestrian_crash_count":8,"image_paint_score":0.5362,"paint_missing_ratio":0.7862,"stripe_break_ratio":0.1103,"contrast_score":0.2811,"priority_reason":"Why flagged for remaking in Williamsbridge-Olinville: ortho paint-missing ratio, marking contrast.","top_features":[{"feature":"paint_missing_ratio","label":"ortho paint-missing ratio","contribution":0.9245,"direction":"raises priority"},{"feature":"contrast_score","label":"marking contrast","contribution":0.1239,"direction":"raises priority"},{"feature":"occlusion_penalty","label":"ortho occlusion","contribution":-0.098,"direction":"lowers priority"}],"matched_311_complaints":[],"google_maps_url":"https://www.google.com/maps?q=40.887803456604615,-73.86045233902112","image_url":"/images/nyc-54187.jpg","thumbnail_url":"/images/nyc-54187-thumb.jpg"}},{"type":"Feature","id":"nyc-15921","geometry":{"type":"Point","coordinates":[-73.98973389805658,40.71124288106698]},"properties":{"id":"nyc-15921","intersection_label":"Cherry Street & Rutgers Street","borough":"Manhattan","neighborhood":"Chinatown-Two Bridges","neighborhood_id":"MN0301","model_score":0.749,"heuristic_score":51.0,"severity_score":75,"school_zone":true,"pavement_marking_311_count_since_2020":0,"pedestrian_crash_count":4,"image_paint_score":0.5512,"paint_missing_ratio":0.6925,"stripe_break_ratio":0.3497,"contrast_score":0.414,"priority_reason":"Why flagged for remaking in Chinatown-Two Bridges: ortho paint-missing ratio, stripe-break ratio.","top_features":[{"feature":"paint_missing_ratio","label":"ortho paint-missing ratio","contribution":0.7711,"direction":"raises priority"},{"feature":"stripe_break_ratio","label":"stripe-break ratio","contribution":0.2914,"direction":"raises priority"},{"feature":"occlusion_penalty","label":"ortho occlusion","contribution":-0.2087,"direction":"lowers priority"}],"matched_311_complaints":[],"google_maps_url":"https://www.google.com/maps?q=40.71124288106698,-73.98973389805658","image_url":"/images/nyc-15921.jpg","thumbnail_url":"/images/nyc-15921-thumb.jpg"}},{"type":"Feature","id":"nyc-23635","geometry":{"type":"Point","coordinates":[-73.95218621930842,40.773019844631456]},"properties":{"id":"nyc-23635","intersection_label":"1 Avenue & East 80 Street","borough":"Manhattan","neighborhood":"Upper East Side-Yorkville","neighborhood_id":"MN0803","model_score":0.7475,"heuristic_score":74.0,"severity_score":75,"school_zone":false,"pavement_marking_311_count_since_2020":4,"pedestrian_crash_count":3,"image_paint_score":0.674,"paint_missing_ratio":0.8679,"stripe_break_ratio":0.4645,"contrast_score":0.3957,"priority_reason":"Why flagged for remaking in Upper East Side-Yorkville: ortho paint-missing ratio, stripe-break ratio.","top_features":[{"feature":"paint_missing_ratio","label":"ortho paint-missing ratio","contribution":1.0582,"direction":"raises priority"},{"feature":"stripe_break_ratio","label":"stripe-break ratio","contribution":0.4442,"direction":"raises priority"},{"feature":"occlusion_penalty","label":"ortho occlusion","contribution":-0.2086,"direction":"lowers priority"}],"matched_311_complaints":[{"unique_key":"67112538","created_date":"2025-12-09T16:15:57.000","descriptor":"Line/Marking - Faded","incident_address":"1 AVENUE","url":"https://data.cityofnewyork.us/resource/erm2-nwe9.json?$select=unique_key,created_date,closed_date,agency,agency_name,complaint_type,descriptor,location_type,incident_address,status,resolution_description&$where=unique_key=%2767112538%27"},{"unique_key":"66177985","created_date":"2025-09-16T13:53:24.000","descriptor":"Line/Marking - After Repaving","incident_address":"FIRST AVENUE","url":"https://data.cityofnewyork.us/resource/erm2-nwe9.json?$select=unique_key,created_date,closed_date,agency,agency_name,complaint_type,descriptor,location_type,incident_address,status,resolution_description&$where=unique_key=%2766177985%27"},{"unique_key":"65789895","created_date":"2025-08-07T14:28:51.000","descriptor":"Line/Marking - After Repaving","incident_address":"1 AVENUE","url":"https://data.cityofnewyork.us/resource/erm2-nwe9.json?$select=unique_key,created_date,closed_date,agency,agency_name,complaint_type,descriptor,location_type,incident_address,status,resolution_description&$where=unique_key=%2765789895%27"}],"google_maps_url":"https://www.google.com/maps?q=40.773019844631456,-73.95218621930842","image_url":"/images/nyc-23635.jpg","thumbnail_url":"/images/nyc-23635-thumb.jpg"}},{"type":"Feature","id":"nyc-30986","geometry":{"type":"Point","coordinates":[-73.8667207164344,40.65290231908646]},"properties":{"id":"nyc-30986","intersection_label":"Erskine Street & Gateway Drive","borough":"Brooklyn","neighborhood":"Spring Creek-Starrett City","neighborhood_id":"BK0504","model_score":0.7473,"heuristic_score":59.0,"severity_score":75,"school_zone":false,"pavement_marking_311_count_since_2020":0,"pedestrian_crash_count":5,"image_paint_score":0.6363,"paint_missing_ratio":0.7591,"stripe_break_ratio":0.3578,"contrast_score":0.1528,"priority_reason":"Why flagged for remaking in Spring Creek-Starrett City: ortho paint-missing ratio, stripe-break ratio, marking contrast.","top_features":[{"feature":"paint_missing_ratio","label":"ortho paint-missing ratio","contribution":0.8801,"direction":"raises priority"},{"feature":"stripe_break_ratio","label":"stripe-break ratio","contribution":0.3021,"direction":"raises priority"},{"feature":"contrast_score","label":"marking contrast","contribution":0.1679,"direction":"raises priority"}],"matched_311_complaints":[],"google_maps_url":"https://www.google.com/maps?q=40.65290231908646,-73.8667207164344","image_url":"/images/nyc-30986.jpg","thumbnail_url":"/images/nyc-30986-thumb.jpg"}},{"type":"Feature","id":"nyc-9033149","geometry":{"type":"Point","coordinates":[-73.92093582370502,40.79124074749475]},"properties":{"id":"nyc-9033149","intersection_label":"K Road & 4 Drive","borough":"Manhattan","neighborhood":"Randall's Island","neighborhood_id":"MN1191","model_score":0.7406,"heuristic_score":67.0,"severity_score":74,"school_zone":false,"pavement_marking_311_count_since_2020":0,"pedestrian_crash_count":0,"image_paint_score":0.7007,"paint_missing_ratio":0.9268,"stripe_break_ratio":0.2905,"contrast_score":0.0901,"priority_reason":"Why flagged for remaking in Randall's Island: ortho paint-missing ratio, stripe-break ratio, marking contrast.","top_features":[{"feature":"paint_missing_ratio","label":"ortho paint-missing ratio","contribution":1.1546,"direction":"raises priority"},{"feature":"stripe_break_ratio","label":"stripe-break ratio","contribution":0.2125,"direction":"raises priority"},{"feature":"contrast_score","label":"marking contrast","contribution":0.1894,"direction":"raises priority"}],"matched_311_complaints":[],"google_maps_url":"https://www.google.com/maps?q=40.79124074749475,-73.92093582370502","image_url":"/images/nyc-9033149.jpg","thumbnail_url":"/images/nyc-9033149-thumb.jpg"}},{"type":"Feature","id":"nyc-22470","geometry":{"type":"Point","coordinates":[-73.97588117663996,40.744779224037366]},"properties":{"id":"nyc-22470","intersection_label":"2 Avenue & East 34 Street","borough":"Manhattan","neighborhood":"Murray Hill-Kips Bay","neighborhood_id":"MN0603","model_score":0.74,"heuristic_score":51.0,"severity_score":74,"school_zone":true,"pavement_marking_311_count_since_2020":0,"pedestrian_crash_count":11,"image_paint_score":0.5283,"paint_missing_ratio":0.7324,"stripe_break_ratio":0.2468,"contrast_score":0.4385,"priority_reason":"Why flagged for remaking in Murray Hill-Kips Bay: ortho paint-missing ratio, stripe-break ratio.","top_features":[{"feature":"paint_missing_ratio","label":"ortho paint-missing ratio","contribution":0.8364,"direction":"raises priority"},{"feature":"occlusion_penalty","label":"ortho occlusion","contribution":-0.2086,"direction":"lowers priority"},{"feature":"stripe_break_ratio","label":"stripe-break ratio","contribution":0.1543,"direction":"raises priority"}],"matched_311_complaints":[],"google_maps_url":"https://www.google.com/maps?q=40.744779224037366,-73.97588117663996","image_url":"/images/nyc-22470.jpg","thumbnail_url":"/images/nyc-22470-thumb.jpg"}},{"type":"Feature","id":"nyc-21491","geometry":{"type":"Point","coordinates":[-73.98385516733397,40.77047959796675]},"properties":{"id":"nyc-21491","intersection_label":"Columbus Avenue & West 61 Street","borough":"Manhattan","neighborhood":"Upper West Side-Lincoln Square","neighborhood_id":"MN0701","model_score":0.7396,"heuristic_score":71.0,"severity_score":74,"school_zone":false,"pavement_marking_311_count_since_2020":2,"pedestrian_crash_count":1,"image_paint_score":0.6956,"paint_missing_ratio":0.9161,"stripe_break_ratio":0.3751,"contrast_score":0.2399,"priority_reason":"Why flagged for remaking in Upper West Side-Lincoln Square: ortho paint-missing ratio, stripe-break ratio.","top_features":[{"feature":"paint_missing_ratio","label":"ortho paint-missing ratio","contribution":1.1371,"direction":"raises priority"},{"feature":"stripe_break_ratio","label":"stripe-break ratio","contribution":0.3252,"direction":"raises priority"},{"feature":"occlusion_penalty","label":"ortho occlusion","contribution":-0.2087,"direction":"lowers priority"}],"matched_311_complaints":[{"unique_key":"60424097","created_date":"2024-02-26T10:42:29.000","descriptor":"Line/Marking - After Repaving","incident_address":"COLUMBUS AVENUE","url":"https://data.cityofnewyork.us/resource/erm2-nwe9.json?$select=unique_key,created_date,closed_date,agency,agency_name,complaint_type,descriptor,location_type,incident_address,status,resolution_description&$where=unique_key=%2760424097%27"},{"unique_key":"58796862","created_date":"2023-09-12T18:09:28.000","descriptor":"Line/Marking - After Repaving","incident_address":"COLUMBUS AVENUE","url":"https://data.cityofnewyork.us/resource/erm2-nwe9.json?$select=unique_key,created_date,closed_date,agency,agency_name,complaint_type,descriptor,location_type,incident_address,status,resolution_description&$where=unique_key=%2758796862%27"}],"google_maps_url":"https://www.google.com/maps?q=40.77047959796675,-73.98385516733397","image_url":"/images/nyc-21491.jpg","thumbnail_url":"/images/nyc-21491-thumb.jpg"}},{"type":"Feature","id":"nyc-43170","geometry":{"type":"Point","coordinates":[-73.9110130748957,40.815976312022705]},"properties":{"id":"nyc-43170","intersection_label":"Westchester Avenue & Eagle Avenue","borough":"Bronx","neighborhood":"Melrose","neighborhood_id":"BX0102","model_score":0.7389,"heuristic_score":48.0,"severity_score":74,"school_zone":true,"pavement_marking_311_count_since_2020":0,"pedestrian_crash_count":2,"image_paint_score":0.5574,"paint_missing_ratio":0.6081,"stripe_break_ratio":0.6217,"contrast_score":0.6694,"priority_reason":"Why flagged for remaking in Melrose: stripe-break ratio, ortho paint-missing ratio.","top_features":[{"feature":"stripe_break_ratio","label":"stripe-break ratio","contribution":0.6535,"direction":"raises priority"},{"feature":"paint_missing_ratio","label":"ortho paint-missing ratio","contribution":0.633,"direction":"raises priority"},{"feature":"occlusion_penalty","label":"ortho occlusion","contribution":-0.1669,"direction":"lowers priority"}],"matched_311_complaints":[],"google_maps_url":"https://www.google.com/maps?q=40.815976312022705,-73.9110130748957","image_url":"/images/nyc-43170.jpg","thumbnail_url":"/images/nyc-43170-thumb.jpg"}},{"type":"Feature","id":"nyc-50032","geometry":{"type":"Point","coordinates":[-73.85988699481324,40.733002051675975]},"properties":{"id":"nyc-50032","intersection_label":"62 Drive & 98 Street","borough":"Queens","neighborhood":"Rego Park","neighborhood_id":"QN0601","model_score":0.7382,"heuristic_score":68.0,"severity_score":74,"school_zone":true,"pavement_marking_311_count_since_2020":8,"pedestrian_crash_count":1,"image_paint_score":0.5759,"paint_missing_ratio":0.7485,"stripe_break_ratio":0.3814,"contrast_score":0.4721,"priority_reason":"Why flagged for remaking in Rego Park: ortho paint-missing ratio, stripe-break ratio.","top_features":[{"feature":"paint_missing_ratio","label":"ortho paint-missing ratio","contribution":0.8628,"direction":"raises priority"},{"feature":"stripe_break_ratio","label":"stripe-break ratio","contribution":0.3336,"direction":"raises priority"},{"feature":"occlusion_penalty","label":"ortho occlusion","contribution":-0.1848,"direction":"lowers priority"}],"matched_311_complaints":[{"unique_key":"68472264","created_date":"2026-03-27T13:31:45.000","descriptor":"Line/Marking - After Repaving","incident_address":"62 DRIVE","url":"https://data.cityofnewyork.us/resource/erm2-nwe9.json?$select=unique_key,created_date,closed_date,agency,agency_name,complaint_type,descriptor,location_type,incident_address,status,resolution_description&$where=unique_key=%2768472264%27"},{"unique_key":"60035852","created_date":"2024-01-15T14:46:54.000","descriptor":"Line/Marking - After Repaving","incident_address":"62 DRIVE","url":"https://data.cityofnewyork.us/resource/erm2-nwe9.json?$select=unique_key,created_date,closed_date,agency,agency_name,complaint_type,descriptor,location_type,incident_address,status,resolution_description&$where=unique_key=%2760035852%27"},{"unique_key":"57993066","created_date":"2023-06-24T09:31:39.000","descriptor":"Line/Marking - After Repaving","incident_address":"98-02 62 DRIVE","url":"https://data.cityofnewyork.us/resource/erm2-nwe9.json?$select=unique_key,created_date,closed_date,agency,agency_name,complaint_type,descriptor,location_type,incident_address,status,resolution_description&$where=unique_key=%2757993066%27"}],"google_maps_url":"https://www.google.com/maps?q=40.733002051675975,-73.85988699481324","image_url":"/images/nyc-50032.jpg","thumbnail_url":"/images/nyc-50032-thumb.jpg"}},{"type":"Feature","id":"nyc-22670","geometry":{"type":"Point","coordinates":[-73.96988589838986,40.75299884901146]},"properties":{"id":"nyc-22670","intersection_label":"2 Avenue & East 47 Street","borough":"Manhattan","neighborhood":"East Midtown-Turtle Bay","neighborhood_id":"MN0604","model_score":0.7366,"heuristic_score":73.0,"severity_score":74,"school_zone":false,"pavement_marking_311_count_since_2020":4,"pedestrian_crash_count":6,"image_paint_score":0.634,"paint_missing_ratio":0.8902,"stripe_break_ratio":0.3319,"contrast_score":0.414,"priority_reason":"Why flagged for remaking in East Midtown-Turtle Bay: ortho paint-missing ratio, stripe-break ratio.","top_features":[{"feature":"paint_missing_ratio","label":"ortho paint-missing ratio","contribution":1.0947,"direction":"raises priority"},{"feature":"stripe_break_ratio","label":"stripe-break ratio","contribution":0.2677,"direction":"raises priority"},{"feature":"occlusion_penalty","label":"ortho occlusion","contribution":-0.1956,"direction":"lowers priority"}],"matched_311_complaints":[{"unique_key":"66664058","created_date":"2025-10-30T07:29:10.000","descriptor":"Line/Marking - Faded","incident_address":"2 AVENUE","url":"https://data.cityofnewyork.us/resource/erm2-nwe9.json?$select=unique_key,created_date,closed_date,agency,agency_name,complaint_type,descriptor,location_type,incident_address,status,resolution_description&$where=unique_key=%2766664058%27"},{"unique_key":"55778556","created_date":"2022-10-22T10:40:49.000","descriptor":"Line/Marking - Faded","incident_address":"2 AVENUE","url":"https://data.cityofnewyork.us/resource/erm2-nwe9.json?$select=unique_key,created_date,closed_date,agency,agency_name,complaint_type,descriptor,location_type,incident_address,status,resolution_description&$where=unique_key=%2755778556%27"},{"unique_key":"55767148","created_date":"2022-10-21T11:04:45.000","descriptor":"Line/Marking - Faded","incident_address":"2 AVENUE","url":"https://data.cityofnewyork.us/resource/erm2-nwe9.json?$select=unique_key,created_date,closed_date,agency,agency_name,complaint_type,descriptor,location_type,incident_address,status,resolution_description&$where=unique_key=%2755767148%27"}],"google_maps_url":"https://www.google.com/maps?q=40.75299884901146,-73.96988589838986","image_url":"/images/nyc-22670.jpg","thumbnail_url":"/images/nyc-22670-thumb.jpg"}},{"type":"Feature","id":"nyc-48414","geometry":{"type":"Point","coordinates":[-73.87640134527425,40.82897729431829]},"properties":{"id":"nyc-48414","intersection_label":"Westchester Avenue & Manor Avenue","borough":"Bronx","neighborhood":"Soundview-Bruckner-Bronx River","neighborhood_id":"BX0901","model_score":0.7343,"heuristic_score":45.0,"severity_score":73,"school_zone":true,"pavement_marking_311_count_since_2020":0,"pedestrian_crash_count":5,"image_paint_score":0.5013,"paint_missing_ratio":0.6376,"stripe_break_ratio":0.4713,"contrast_score":0.7528,"priority_reason":"Why flagged for remaking in Soundview-Bruckner-Bronx River: ortho paint-missing ratio, stripe-break ratio.","top_features":[{"feature":"paint_missing_ratio","label":"ortho paint-missing ratio","contribution":0.6813,"direction":"raises priority"},{"feature":"stripe_break_ratio","label":"stripe-break ratio","contribution":0.4533,"direction":"raises priority"},{"feature":"contrast_score","label":"marking contrast","contribution":-0.0378,"direction":"lowers priority"}],"matched_311_complaints":[],"google_maps_url":"https://www.google.com/maps?q=40.82897729431829,-73.87640134527425","image_url":"/images/nyc-48414.jpg","thumbnail_url":"/images/nyc-48414-thumb.jpg"}},{"type":"Feature","id":"nyc-61493","geometry":{"type":"Point","coordinates":[-73.7342607970645,40.733296945634855]},"properties":{"id":"nyc-61493","intersection_label":"Hillside Avenue & Musket Street","borough":"Queens","neighborhood":"Bellerose","neighborhood_id":"QN1302","model_score":0.7342,"heuristic_score":51.0,"severity_score":73,"school_zone":true,"pavement_marking_311_count_since_2020":0,"pedestrian_crash_count":0,"image_paint_score":0.5679,"paint_missing_ratio":0.6642,"stripe_break_ratio":0.5131,"contrast_score":0.5528,"priority_reason":"Why flagged for remaking in Bellerose: ortho paint-missing ratio, stripe-break ratio, ortho occlusion.","top_features":[{"feature":"paint_missing_ratio","label":"ortho paint-missing ratio","contribution":0.7248,"direction":"raises priority"},{"feature":"stripe_break_ratio","label":"stripe-break ratio","contribution":0.5089,"direction":"raises priority"},{"feature":"occlusion_penalty","label":"ortho occlusion","contribution":0.0944,"direction":"raises priority"}],"matched_311_complaints":[],"google_maps_url":"https://www.google.com/maps?q=40.733296945634855,-73.7342607970645","image_url":"/images/nyc-61493.jpg","thumbnail_url":"/images/nyc-61493-thumb.jpg"}},{"type":"Feature","id":"nyc-22584","geometry":{"type":"Point","coordinates":[-73.97213617362006,40.75394323426028]},"properties":{"id":"nyc-22584","intersection_label":"3 Avenue & East 47 Street","borough":"Manhattan","neighborhood":"East Midtown-Turtle Bay","neighborhood_id":"MN0604","model_score":0.7338,"heuristic_score":62.0,"severity_score":73,"school_zone":false,"pavement_marking_311_count_since_2020":1,"pedestrian_crash_count":5,"image_paint_score":0.6315,"paint_missing_ratio":0.833,"stripe_break_ratio":0.3881,"contrast_score":0.3957,"priority_reason":"Why flagged for remaking in East Midtown-Turtle Bay: ortho paint-missing ratio, stripe-break ratio.","top_features":[{"feature":"paint_missing_ratio","label":"ortho paint-missing ratio","contribution":1.0011,"direction":"raises priority"},{"feature":"stripe_break_ratio","label":"stripe-break ratio","contribution":0.3425,"direction":"raises priority"},{"feature":"occlusion_penalty","label":"ortho occlusion","contribution":-0.2059,"direction":"lowers priority"}],"matched_311_complaints":[{"unique_key":"63037875","created_date":"2024-11-10T10:54:22.000","descriptor":"Line/Marking - Faded","incident_address":"3 AVENUE","url":"https://data.cityofnewyork.us/resource/erm2-nwe9.json?$select=unique_key,created_date,closed_date,agency,agency_name,complaint_type,descriptor,location_type,incident_address,status,resolution_description&$where=unique_key=%2763037875%27"}],"google_maps_url":"https://www.google.com/maps?q=40.75394323426028,-73.97213617362006","image_url":"/images/nyc-22584.jpg","thumbnail_url":"/images/nyc-22584-thumb.jpg"}},{"type":"Feature","id":"nyc-58019","geometry":{"type":"Point","coordinates":[-73.8215152796264,40.8636336772115]},"properties":{"id":"nyc-58019","intersection_label":"Elgar Place & Co-op City Sect 5 Ped Path","borough":"Bronx","neighborhood":"Co-op City","neighborhood_id":"BX1004","model_score":0.7313,"heuristic_score":53.0,"severity_score":73,"school_zone":true,"pavement_marking_311_count_since_2020":0,"pedestrian_crash_count":0,"image_paint_score":0.5706,"paint_missing_ratio":0.7269,"stripe_break_ratio":0.3559,"contrast_score":0.4056,"priority_reason":"Why flagged for remaking in Co-op City: ortho paint-missing ratio, stripe-break ratio, marking contrast.","top_features":[{"feature":"paint_missing_ratio","label":"ortho paint-missing ratio","contribution":0.8274,"direction":"raises priority"},{"feature":"stripe_break_ratio","label":"stripe-break ratio","contribution":0.2996,"direction":"raises priority"},{"feature":"contrast_score","label":"marking contrast","contribution":0.0812,"direction":"raises priority"}],"matched_311_complaints":[],"google_maps_url":"https://www.google.com/maps?q=40.8636336772115,-73.8215152796264","image_url":"/images/nyc-58019.jpg","thumbnail_url":"/images/nyc-58019-thumb.jpg"}},{"type":"Feature","id":"nyc-37443","geometry":{"type":"Point","coordinates":[-73.78262547510424,40.7129375487386]},"properties":{"id":"nyc-37443","intersection_label":"Hillside Avenue & 180 Street","borough":"Queens","neighborhood":"Jamaica","neighborhood_id":"QN1201","model_score":0.7299,"heuristic_score":53.0,"severity_score":73,"school_zone":true,"pavement_marking_311_count_since_2020":0,"pedestrian_crash_count":0,"image_paint_score":0.5686,"paint_missing_ratio":0.7251,"stripe_break_ratio":0.2939,"contrast_score":0.3028,"priority_reason":"Why flagged for remaking in Jamaica: ortho paint-missing ratio, stripe-break ratio, marking contrast.","top_features":[{"feature":"paint_missing_ratio","label":"ortho paint-missing ratio","contribution":0.8245,"direction":"raises priority"},{"feature":"stripe_break_ratio","label":"stripe-break ratio","contribution":0.2171,"direction":"raises priority"},{"feature":"contrast_score","label":"marking contrast","contribution":0.1165,"direction":"raises priority"}],"matched_311_complaints":[],"google_maps_url":"https://www.google.com/maps?q=40.7129375487386,-73.78262547510424","image_url":"/images/nyc-37443.jpg","thumbnail_url":"/images/nyc-37443-thumb.jpg"}},{"type":"Feature","id":"nyc-33601","geometry":{"type":"Point","coordinates":[-73.82722229940349,40.6508339444065]},"properties":{"id":"nyc-33601","intersection_label":"104 Street & 165 Avenue","borough":"Queens","neighborhood":"Howard Beach-Lindenwood","neighborhood_id":"QN1003","model_score":0.7292,"heuristic_score":64.0,"severity_score":73,"school_zone":false,"pavement_marking_311_count_since_2020":0,"pedestrian_crash_count":0,"image_paint_score":0.6905,"paint_missing_ratio":0.8595,"stripe_break_ratio":0.4343,"contrast_score":0.2414,"priority_reason":"Why flagged for remaking in Howard Beach-Lindenwood: ortho paint-missing ratio, stripe-break ratio, marking contrast.","top_features":[{"feature":"paint_missing_ratio","label":"ortho paint-missing ratio","contribution":1.0445,"direction":"raises priority"},{"feature":"stripe_break_ratio","label":"stripe-break ratio","contribution":0.404,"direction":"raises priority"},{"feature":"contrast_score","label":"marking contrast","contribution":0.1376,"direction":"raises priority"}],"matched_311_complaints":[],"google_maps_url":"https://www.google.com/maps?q=40.6508339444065,-73.82722229940349","image_url":"/images/nyc-33601.jpg","thumbnail_url":"/images/nyc-33601-thumb.jpg"}},{"type":"Feature","id":"nyc-20439","geometry":{"type":"Point","coordinates":[-74.00165395479239,40.73370592996623]},"properties":{"id":"nyc-20439","intersection_label":"Grove Street & Waverly Place","borough":"Manhattan","neighborhood":"West Village","neighborhood_id":"MN0203","model_score":0.7284,"heuristic_score":78.0,"severity_score":73,"school_zone":false,"pavement_marking_311_count_since_2020":7,"pedestrian_crash_count":0,"image_paint_score":0.6936,"paint_missing_ratio":0.841,"stripe_break_ratio":0.5386,"contrast_score":0.3667,"priority_reason":"Why flagged for remaking in West Village: ortho paint-missing ratio, stripe-break ratio.","top_features":[{"feature":"paint_missing_ratio","label":"ortho paint-missing ratio","contribution":1.0142,"direction":"raises priority"},{"feature":"stripe_break_ratio","label":"stripe-break ratio","contribution":0.5429,"direction":"raises priority"},{"feature":"occlusion_penalty","label":"ortho occlusion","contribution":-0.2067,"direction":"lowers priority"}],"matched_311_complaints":[{"unique_key":"61670126","created_date":"2024-07-01T11:34:19.000","descriptor":"Line/Marking - Faded","incident_address":"170 WAVERLY PLACE","url":"https://data.cityofnewyork.us/resource/erm2-nwe9.json?$select=unique_key,created_date,closed_date,agency,agency_name,complaint_type,descriptor,location_type,incident_address,status,resolution_description&$where=unique_key=%2761670126%27"},{"unique_key":"61638896","created_date":"2024-06-28T14:23:49.000","descriptor":"Line/Marking - Faded","incident_address":"170 WAVERLY PLACE","url":"https://data.cityofnewyork.us/resource/erm2-nwe9.json?$select=unique_key,created_date,closed_date,agency,agency_name,complaint_type,descriptor,location_type,incident_address,status,resolution_description&$where=unique_key=%2761638896%27"},{"unique_key":"57878254","created_date":"2023-06-12T16:39:52.000","descriptor":"Line/Marking - Faded","incident_address":"170 WAVERLY PLACE","url":"https://data.cityofnewyork.us/resource/erm2-nwe9.json?$select=unique_key,created_date,closed_date,agency,agency_name,complaint_type,descriptor,location_type,incident_address,status,resolution_description&$where=unique_key=%2757878254%27"}],"google_maps_url":"https://www.google.com/maps?q=40.73370592996623,-74.00165395479239","image_url":"/images/nyc-20439.jpg","thumbnail_url":"/images/nyc-20439-thumb.jpg"}},{"type":"Feature","id":"nyc-22475","geometry":{"type":"Point","coordinates":[-73.97763647910188,40.746391656914916]},"properties":{"id":"nyc-22475","intersection_label":"3 Avenue & East 35 Street","borough":"Manhattan","neighborhood":"Murray Hill-Kips Bay","neighborhood_id":"MN0603","model_score":0.727,"heuristic_score":54.0,"severity_score":73,"school_zone":true,"pavement_marking_311_count_since_2020":0,"pedestrian_crash_count":2,"image_paint_score":0.5541,"paint_missing_ratio":0.8143,"stripe_break_ratio":0.1944,"contrast_score":0.4018,"priority_reason":"Why flagged for remaking in Murray Hill-Kips Bay: ortho paint-missing ratio, stripe-break ratio.","top_features":[{"feature":"paint_missing_ratio","label":"ortho paint-missing ratio","contribution":0.9705,"direction":"raises priority"},{"feature":"occlusion_penalty","label":"ortho occlusion","contribution":-0.2069,"direction":"lowers priority"},{"feature":"stripe_break_ratio","label":"stripe-break ratio","contribution":0.0846,"direction":"raises priority"}],"matched_311_complaints":[],"google_maps_url":"https://www.google.com/maps?q=40.746391656914916,-73.97763647910188","image_url":"/images/nyc-22475.jpg","thumbnail_url":"/images/nyc-22475-thumb.jpg"}},{"type":"Feature","id":"nyc-12377","geometry":{"type":"Point","coordinates":[-74.01793061207633,40.70617486578304]},"properties":{"id":"nyc-12377","intersection_label":"Battery Place & 1 Place","borough":"Manhattan","neighborhood":"Financial District-Battery Park City","neighborhood_id":"MN0101","model_score":0.7243,"heuristic_score":66.0,"severity_score":72,"school_zone":true,"pavement_marking_311_count_since_2020":4,"pedestrian_crash_count":0,"image_paint_score":0.5778,"paint_missing_ratio":0.7239,"stripe_break_ratio":0.3415,"contrast_score":0.3376,"priority_reason":"Why flagged for remaking in Financial District-Battery Park City: ortho paint-missing ratio, stripe-break ratio.","top_features":[{"feature":"paint_missing_ratio","label":"ortho paint-missing ratio","contribution":0.8225,"direction":"raises priority"},{"feature":"stripe_break_ratio","label":"stripe-break ratio","contribution":0.2804,"direction":"raises priority"},{"feature":"occlusion_penalty","label":"ortho occlusion","contribution":-0.1983,"direction":"lowers priority"}],"matched_311_complaints":[{"unique_key":"60781043","created_date":"2024-04-05T15:46:51.000","descriptor":"Line/Marking - Faded","incident_address":"55 BATTERY PLACE","url":"https://data.cityofnewyork.us/resource/erm2-nwe9.json?$select=unique_key,created_date,closed_date,agency,agency_name,complaint_type,descriptor,location_type,incident_address,status,resolution_description&$where=unique_key=%2760781043%27"},{"unique_key":"60783405","created_date":"2024-04-05T11:54:07.000","descriptor":"Line/Marking - Faded","incident_address":"55 BATTERY PLACE","url":"https://data.cityofnewyork.us/resource/erm2-nwe9.json?$select=unique_key,created_date,closed_date,agency,agency_name,complaint_type,descriptor,location_type,incident_address,status,resolution_description&$where=unique_key=%2760783405%27"},{"unique_key":"60777350","created_date":"2024-04-04T10:39:35.000","descriptor":"Line/Marking - Faded","incident_address":"55 BATTERY PLACE","url":"https://data.cityofnewyork.us/resource/erm2-nwe9.json?$select=unique_key,created_date,closed_date,agency,agency_name,complaint_type,descriptor,location_type,incident_address,status,resolution_description&$where=unique_key=%2760777350%27"}],"google_maps_url":"https://www.google.com/maps?q=40.70617486578304,-74.01793061207633","image_url":"/images/nyc-12377.jpg","thumbnail_url":"/images/nyc-12377-thumb.jpg"}},{"type":"Feature","id":"nyc-26323","geometry":{"type":"Point","coordinates":[-73.92261514064113,40.64273290607222]},"properties":{"id":"nyc-26323","intersection_label":"East 57 Street & Avenue D","borough":"Brooklyn","neighborhood":"East Flatbush-Rugby","neighborhood_id":"BK1703","model_score":0.7243,"heuristic_score":53.0,"severity_score":72,"school_zone":true,"pavement_marking_311_count_since_2020":0,"pedestrian_crash_count":0,"image_paint_score":0.5637,"paint_missing_ratio":0.7249,"stripe_break_ratio":0.2516,"contrast_score":0.2528,"priority_reason":"Why flagged for remaking in East Flatbush-Rugby: ortho paint-missing ratio, stripe-break ratio, marking contrast.","top_features":[{"feature":"paint_missing_ratio","label":"ortho paint-missing ratio","contribution":0.8242,"direction":"raises priority"},{"feature":"stripe_break_ratio","label":"stripe-break ratio","contribution":0.1607,"direction":"raises priority"},{"feature":"contrast_score","label":"marking contrast","contribution":0.1336,"direction":"raises priority"}],"matched_311_complaints":[],"google_maps_url":"https://www.google.com/maps?q=40.64273290607222,-73.92261514064113","image_url":"/images/nyc-26323.jpg","thumbnail_url":"/images/nyc-26323-thumb.jpg"}},{"type":"Feature","id":"nyc-48297","geometry":{"type":"Point","coordinates":[-73.8843532444037,40.83927764981502]},"properties":{"id":"nyc-48297","intersection_label":"Boston Road & East 176 Street","borough":"Bronx","neighborhood":"Crotona Park East","neighborhood_id":"BX0303","model_score":0.7203,"heuristic_score":47.0,"severity_score":72,"school_zone":true,"pavement_marking_311_count_since_2020":0,"pedestrian_crash_count":1,"image_paint_score":0.5423,"paint_missing_ratio":0.5814,"stripe_break_ratio":0.5924,"contrast_score":0.6333,"priority_reason":"Why flagged for remaking in Crotona Park East: stripe-break ratio, ortho paint-missing ratio.","top_features":[{"feature":"stripe_break_ratio","label":"stripe-break ratio","contribution":0.6145,"direction":"raises priority"},{"feature":"paint_missing_ratio","label":"ortho paint-missing ratio","contribution":0.5893,"direction":"raises priority"},{"feature":"occlusion_penalty","label":"ortho occlusion","contribution":-0.0114,"direction":"lowers priority"}],"matched_311_complaints":[],"google_maps_url":"https://www.google.com/maps?q=40.83927764981502,-73.8843532444037","image_url":"/images/nyc-48297.jpg","thumbnail_url":"/images/nyc-48297-thumb.jpg"}},{"type":"Feature","id":"nyc-102513","geometry":{"type":"Point","coordinates":[-73.78247043292471,40.71297658129184]},"properties":{"id":"nyc-102513","intersection_label":"Hillside Avenue & Midland Parkway","borough":"Queens","neighborhood":"Jamaica","neighborhood_id":"QN1201","model_score":0.7194,"heuristic_score":51.0,"severity_score":72,"school_zone":true,"pavement_marking_311_count_since_2020":0,"pedestrian_crash_count":0,"image_paint_score":0.5562,"paint_missing_ratio":0.6645,"stripe_break_ratio":0.3444,"contrast_score":0.3167,"priority_reason":"Why flagged for remaking in Jamaica: ortho paint-missing ratio, stripe-break ratio, marking contrast.","top_features":[{"feature":"paint_missing_ratio","label":"ortho paint-missing ratio","contribution":0.7253,"direction":"raises priority"},{"feature":"stripe_break_ratio","label":"stripe-break ratio","contribution":0.2843,"direction":"raises priority"},{"feature":"contrast_score","label":"marking contrast","contribution":0.1117,"direction":"raises priority"}],"matched_311_complaints":[],"google_maps_url":"https://www.google.com/maps?q=40.71297658129184,-73.78247043292471","image_url":"/images/nyc-102513.jpg","thumbnail_url":"/images/nyc-102513-thumb.jpg"}},{"type":"Feature","id":"nyc-48611","geometry":{"type":"Point","coordinates":[-73.90470853812654,40.87461670112396]},"properties":{"id":"nyc-48611","intersection_label":"Bailey Avenue & West 229 Street","borough":"Bronx","neighborhood":"Kingsbridge Heights-Van Cortlandt Village","neighborhood_id":"BX0801","model_score":0.717,"heuristic_score":56.0,"severity_score":72,"school_zone":true,"pavement_marking_311_count_since_2020":0,"pedestrian_crash_count":1,"image_paint_score":0.558,"paint_missing_ratio":0.8661,"stripe_break_ratio":0.0935,"contrast_score":0.3224,"priority_reason":"Why flagged for remaking in Kingsbridge Heights-Van Cortlandt Village: ortho paint-missing ratio, marking contrast.","top_features":[{"feature":"paint_missing_ratio","label":"ortho paint-missing ratio","contribution":1.0553,"direction":"raises priority"},{"feature":"occlusion_penalty","label":"ortho occlusion","contribution":-0.2,"direction":"lowers priority"},{"feature":"contrast_score","label":"marking contrast","contribution":0.1098,"direction":"raises priority"}],"matched_311_complaints":[],"google_maps_url":"https://www.google.com/maps?q=40.87461670112396,-73.90470853812654","image_url":"/images/nyc-48611.jpg","thumbnail_url":"/images/nyc-48611-thumb.jpg"}},{"type":"Feature","id":"nyc-36541","geometry":{"type":"Point","coordinates":[-73.7799358553637,40.66675232004494]},"properties":{"id":"nyc-36541","intersection_label":"Rockaway Boulevard & South Conduit Avenue","borough":"Queens","neighborhood":"Springfield Gardens (South)-Brookville","neighborhood_id":"QN1306","model_score":0.7167,"heuristic_score":71.0,"severity_score":72,"school_zone":false,"pavement_marking_311_count_since_2020":6,"pedestrian_crash_count":4,"image_paint_score":0.6113,"paint_missing_ratio":0.7296,"stripe_break_ratio":0.4371,"contrast_score":0.35,"priority_reason":"Why flagged for remaking in Springfield Gardens (South)-Brookville: ortho paint-missing ratio, stripe-break ratio, marking contrast.","top_features":[{"feature":"paint_missing_ratio","label":"ortho paint-missing ratio","contribution":0.8319,"direction":"raises priority"},{"feature":"stripe_break_ratio","label":"stripe-break ratio","contribution":0.4077,"direction":"raises priority"},{"feature":"contrast_score","label":"marking contrast","contribution":0.1003,"direction":"raises priority"}],"matched_311_complaints":[{"unique_key":"65078381","created_date":"2025-05-27T13:07:27.000","descriptor":"Line/Marking - After Repaving","incident_address":"156-05 ROCKAWAY BOULEVARD","url":"https://data.cityofnewyork.us/resource/erm2-nwe9.json?$select=unique_key,created_date,closed_date,agency,agency_name,complaint_type,descriptor,location_type,incident_address,status,resolution_description&$where=unique_key=%2765078381%27"},{"unique_key":"54852840","created_date":"2022-07-20T12:30:10.000","descriptor":"Line/Marking - After Repaving","incident_address":"156-18 ROCKAWAY BOULEVARD","url":"https://data.cityofnewyork.us/resource/erm2-nwe9.json?$select=unique_key,created_date,closed_date,agency,agency_name,complaint_type,descriptor,location_type,incident_address,status,resolution_description&$where=unique_key=%2754852840%27"},{"unique_key":"54337175","created_date":"2022-05-31T12:45:33.000","descriptor":"Line/Marking - Faded","incident_address":"ROCKAWAY BOULEVARD","url":"https://data.cityofnewyork.us/resource/erm2-nwe9.json?$select=unique_key,created_date,closed_date,agency,agency_name,complaint_type,descriptor,location_type,incident_address,status,resolution_description&$where=unique_key=%2754337175%27"}],"google_maps_url":"https://www.google.com/maps?q=40.66675232004494,-73.7799358553637","image_url":"/images/nyc-36541.jpg","thumbnail_url":"/images/nyc-36541-thumb.jpg"}},{"type":"Feature","id":"nyc-49955","geometry":{"type":"Point","coordinates":[-73.86080391571525,40.734798206117176]},"properties":{"id":"nyc-49955","intersection_label":"Horace Harding Expressway & 98 Street","borough":"Queens","neighborhood":"Rego Park","neighborhood_id":"QN0601","model_score":0.7151,"heuristic_score":56.0,"severity_score":72,"school_zone":true,"pavement_marking_311_count_since_2020":2,"pedestrian_crash_count":0,"image_paint_score":0.5604,"paint_missing_ratio":0.6142,"stripe_break_ratio":0.4828,"contrast_score":0.425,"priority_reason":"Why flagged for remaking in Rego Park: ortho paint-missing ratio, stripe-break ratio.","top_features":[{"feature":"paint_missing_ratio","label":"ortho paint-missing ratio","contribution":0.643,"direction":"raises priority"},{"feature":"stripe_break_ratio","label":"stripe-break ratio","contribution":0.4686,"direction":"raises priority"},{"feature":"occlusion_penalty","label":"ortho occlusion","contribution":-0.1137,"direction":"lowers priority"}],"matched_311_complaints":[{"unique_key":"57391690","created_date":"2023-04-22T21:36:14.000","descriptor":"Line/Marking - Faded","incident_address":"98-10 HORACE HARDING EXPRESSWAY","url":"https://data.cityofnewyork.us/resource/erm2-nwe9.json?$select=unique_key,created_date,closed_date,agency,agency_name,complaint_type,descriptor,location_type,incident_address,status,resolution_description&$where=unique_key=%2757391690%27"},{"unique_key":"55544713","created_date":"2022-09-28T08:24:06.000","descriptor":"Line/Marking - Faded","incident_address":"61-15 98 STREET","url":"https://data.cityofnewyork.us/resource/erm2-nwe9.json?$select=unique_key,created_date,closed_date,agency,agency_name,complaint_type,descriptor,location_type,incident_address,status,resolution_description&$where=unique_key=%2755544713%27"}],"google_maps_url":"https://www.google.com/maps?q=40.734798206117176,-73.86080391571525","image_url":"/images/nyc-49955.jpg","thumbnail_url":"/images/nyc-49955-thumb.jpg"}},{"type":"Feature","id":"nyc-29345","geometry":{"type":"Point","coordinates":[-73.89404236484992,40.66475209398339]},"properties":{"id":"nyc-29345","intersection_label":"Pennsylvania Avenue & Livonia Avenue","borough":"Brooklyn","neighborhood":"East New York-New Lots","neighborhood_id":"BK0503","model_score":0.7148,"heuristic_score":51.0,"severity_score":71,"school_zone":true,"pavement_marking_311_count_since_2020":2,"pedestrian_crash_count":18,"image_paint_score":0.4805,"paint_missing_ratio":0.6508,"stripe_break_ratio":0.3473,"contrast_score":0.6694,"priority_reason":"Why flagged for remaking in East New York-New Lots: ortho paint-missing ratio, stripe-break ratio, ortho occlusion.","top_features":[{"feature":"paint_missing_ratio","label":"ortho paint-missing ratio","contribution":0.7029,"direction":"raises priority"},{"feature":"stripe_break_ratio","label":"stripe-break ratio","contribution":0.2882,"direction":"raises priority"},{"feature":"occlusion_penalty","label":"ortho occlusion","contribution":0.0381,"direction":"raises priority"}],"matched_311_complaints":[{"unique_key":"47204147","created_date":"2020-08-11T15:38:35.000","descriptor":"Line/Marking - Faded","incident_address":"LIVONIA AVENUE","url":"https://data.cityofnewyork.us/resource/erm2-nwe9.json?$select=unique_key,created_date,closed_date,agency,agency_name,complaint_type,descriptor,location_type,incident_address,status,resolution_description&$where=unique_key=%2747204147%27"},{"unique_key":"47205465","created_date":"2020-08-10T02:10:48.000","descriptor":"Line/Marking - Faded","incident_address":"LIVONIA AVENUE","url":"https://data.cityofnewyork.us/resource/erm2-nwe9.json?$select=unique_key,created_date,closed_date,agency,agency_name,complaint_type,descriptor,location_type,incident_address,status,resolution_description&$where=unique_key=%2747205465%27"}],"google_maps_url":"https://www.google.com/maps?q=40.66475209398339,-73.89404236484992","image_url":"/images/nyc-29345.jpg","thumbnail_url":"/images/nyc-29345-thumb.jpg"}},{"type":"Feature","id":"nyc-8402","geometry":{"type":"Point","coordinates":[-74.08806918646533,40.58523957166725]},"properties":{"id":"nyc-8402","intersection_label":"Mason Avenue & Garretson Avenue","borough":"Staten Island","neighborhood":"Grasmere-Arrochar-South Beach-Dongan Hills","neighborhood_id":"SI0201","model_score":0.714,"heuristic_score":60.0,"severity_score":71,"school_zone":false,"pavement_marking_311_count_since_2020":0,"pedestrian_crash_count":2,"image_paint_score":0.6413,"paint_missing_ratio":0.7887,"stripe_break_ratio":0.3333,"contrast_score":0.1513,"priority_reason":"Why flagged for remaking in Grasmere-Arrochar-South Beach-Dongan Hills: ortho paint-missing ratio, stripe-break ratio, marking contrast.","top_features":[{"feature":"paint_missing_ratio","label":"ortho paint-missing ratio","contribution":0.9286,"direction":"raises priority"},{"feature":"stripe_break_ratio","label":"stripe-break ratio","contribution":0.2695,"direction":"raises priority"},{"feature":"contrast_score","label":"marking contrast","contribution":0.1684,"direction":"raises priority"}],"matched_311_complaints":[],"google_maps_url":"https://www.google.com/maps?q=40.58523957166725,-74.08806918646533","image_url":"/images/nyc-8402.jpg","thumbnail_url":"/images/nyc-8402-thumb.jpg"}},{"type":"Feature","id":"nyc-86421","geometry":{"type":"Point","coordinates":[-73.73331894386757,40.733119312497344]},"properties":{"id":"nyc-86421","intersection_label":"Hillside Avenue & Range Street","borough":"Queens","neighborhood":"Bellerose","neighborhood_id":"QN1302","model_score":0.7132,"heuristic_score":49.0,"severity_score":71,"school_zone":true,"pavement_marking_311_count_since_2020":0,"pedestrian_crash_count":0,"image_paint_score":0.5506,"paint_missing_ratio":0.6535,"stripe_break_ratio":0.5155,"contrast_score":0.6194,"priority_reason":"Why flagged for remaking in Bellerose: ortho paint-missing ratio, stripe-break ratio.","top_features":[{"feature":"paint_missing_ratio","label":"ortho paint-missing ratio","contribution":0.7073,"direction":"raises priority"},{"feature":"stripe_break_ratio","label":"stripe-break ratio","contribution":0.5121,"direction":"raises priority"},{"feature":"occlusion_penalty","label":"ortho occlusion","contribution":-0.0536,"direction":"lowers priority"}],"matched_311_complaints":[],"google_maps_url":"https://www.google.com/maps?q=40.733119312497344,-73.73331894386757","image_url":"/images/nyc-86421.jpg","thumbnail_url":"/images/nyc-86421-thumb.jpg"}},{"type":"Feature","id":"nyc-20651","geometry":{"type":"Point","coordinates":[-73.99544725867553,40.739268383952265]},"properties":{"id":"nyc-20651","intersection_label":"Avenue Of The Americas & West 17 Street","borough":"Manhattan","neighborhood":"Midtown South-Flatiron-Union Square","neighborhood_id":"MN0501","model_score":0.7131,"heuristic_score":56.0,"severity_score":71,"school_zone":true,"pavement_marking_311_count_since_2020":1,"pedestrian_crash_count":3,"image_paint_score":0.5262,"paint_missing_ratio":0.8244,"stripe_break_ratio":0.1103,"contrast_score":0.4171,"priority_reason":"Why flagged for remaking in Midtown South-Flatiron-Union Square: ortho paint-missing ratio, marking contrast.","top_features":[{"feature":"paint_missing_ratio","label":"ortho paint-missing ratio","contribution":0.987,"direction":"raises priority"},{"feature":"occlusion_penalty","label":"ortho occlusion","contribution":-0.2087,"direction":"lowers priority"},{"feature":"contrast_score","label":"marking contrast","contribution":0.0773,"direction":"raises priority"}],"matched_311_complaints":[{"unique_key":"66336499","created_date":"2025-10-01T15:04:22.000","descriptor":"Line/Marking - After Repaving","incident_address":"SIXTH AVENUE","url":"https://data.cityofnewyork.us/resource/erm2-nwe9.json?$select=unique_key,created_date,closed_date,agency,agency_name,complaint_type,descriptor,location_type,incident_address,status,resolution_description&$where=unique_key=%2766336499%27"}],"google_maps_url":"https://www.google.com/maps?q=40.739268383952265,-73.99544725867553","image_url":"/images/nyc-20651.jpg","thumbnail_url":"/images/nyc-20651-thumb.jpg"}},{"type":"Feature","id":"nyc-34159","geometry":{"type":"Point","coordinates":[-73.8097818476141,40.6751081236127]},"properties":{"id":"nyc-34159","intersection_label":"Rockaway Boulevard & 128 Street","borough":"Queens","neighborhood":"South Ozone Park","neighborhood_id":"QN1001","model_score":0.7128,"heuristic_score":48.0,"severity_score":71,"school_zone":true,"pavement_marking_311_count_since_2020":0,"pedestrian_crash_count":2,"image_paint_score":0.5219,"paint_missing_ratio":0.6271,"stripe_break_ratio":0.304,"contrast_score":0.3333,"priority_reason":"Why flagged for remaking in South Ozone Park: ortho paint-missing ratio, stripe-break ratio, marking contrast.","top_features":[{"feature":"paint_missing_ratio","label":"ortho paint-missing ratio","contribution":0.6641,"direction":"raises priority"},{"feature":"stripe_break_ratio","label":"stripe-break ratio","contribution":0.2305,"direction":"raises priority"},{"feature":"contrast_score","label":"marking contrast","contribution":0.106,"direction":"raises priority"}],"matched_311_complaints":[],"google_maps_url":"https://www.google.com/maps?q=40.6751081236127,-73.8097818476141","image_url":"/images/nyc-34159.jpg","thumbnail_url":"/images/nyc-34159-thumb.jpg"}},{"type":"Feature","id":"nyc-20870","geometry":{"type":"Point","coordinates":[-73.98364574441801,40.71612280242221]},"properties":{"id":"nyc-20870","intersection_label":"Pitt Street & Broome Street","borough":"Manhattan","neighborhood":"Lower East Side","neighborhood_id":"MN0302","model_score":0.7108,"heuristic_score":48.0,"severity_score":71,"school_zone":true,"pavement_marking_311_count_since_2020":0,"pedestrian_crash_count":2,"image_paint_score":0.5229,"paint_missing_ratio":0.6605,"stripe_break_ratio":0.3924,"contrast_score":0.5583,"priority_reason":"Why flagged for remaking in Lower East Side: ortho paint-missing ratio, stripe-break ratio.","top_features":[{"feature":"paint_missing_ratio","label":"ortho paint-missing ratio","contribution":0.7188,"direction":"raises priority"},{"feature":"stripe_break_ratio","label":"stripe-break ratio","contribution":0.3482,"direction":"raises priority"},{"feature":"occlusion_penalty","label":"ortho occlusion","contribution":-0.0487,"direction":"lowers priority"}],"matched_311_complaints":[],"google_maps_url":"https://www.google.com/maps?q=40.71612280242221,-73.98364574441801","image_url":"/images/nyc-20870.jpg","thumbnail_url":"/images/nyc-20870-thumb.jpg"}},{"type":"Feature","id":"nyc-41737","geometry":{"type":"Point","coordinates":[-73.92139210229134,40.76688767063124]},"properties":{"id":"nyc-41737","intersection_label":"31 Street & 30 Avenue","borough":"Queens","neighborhood":"Astoria (Central)","neighborhood_id":"QN0103","model_score":0.7102,"heuristic_score":50.0,"severity_score":71,"school_zone":true,"pavement_marking_311_count_since_2020":1,"pedestrian_crash_count":10,"image_paint_score":0.4863,"paint_missing_ratio":0.7109,"stripe_break_ratio":0.2675,"contrast_score":0.6361,"priority_reason":"Why flagged for remaking in Astoria (Central): ortho paint-missing ratio, stripe-break ratio.","top_features":[{"feature":"paint_missing_ratio","label":"ortho paint-missing ratio","contribution":0.8013,"direction":"raises priority"},{"feature":"stripe_break_ratio","label":"stripe-break ratio","contribution":0.1819,"direction":"raises priority"},{"feature":"occlusion_penalty","label":"ortho occlusion","contribution":-0.1255,"direction":"lowers priority"}],"matched_311_complaints":[{"unique_key":"47818418","created_date":"2020-10-08T14:43:43.000","descriptor":"Line/Marking - After Repaving","incident_address":"30 AVENUE","url":"https://data.cityofnewyork.us/resource/erm2-nwe9.json?$select=unique_key,created_date,closed_date,agency,agency_name,complaint_type,descriptor,location_type,incident_address,status,resolution_description&$where=unique_key=%2747818418%27"}],"google_maps_url":"https://www.google.com/maps?q=40.76688767063124,-73.92139210229134","image_url":"/images/nyc-41737.jpg","thumbnail_url":"/images/nyc-41737-thumb.jpg"}},{"type":"Feature","id":"nyc-20844","geometry":{"type":"Point","coordinates":[-73.99007005829142,40.740880244603275]},"properties":{"id":"nyc-20844","intersection_label":"5 Avenue & West 22 Street","borough":"Manhattan","neighborhood":"Midtown South-Flatiron-Union Square","neighborhood_id":"MN0501","model_score":0.7101,"heuristic_score":63.0,"severity_score":71,"school_zone":false,"pavement_marking_311_count_since_2020":1,"pedestrian_crash_count":0,"image_paint_score":0.6722,"paint_missing_ratio":0.7611,"stripe_break_ratio":0.5871,"contrast_score":0.3789,"priority_reason":"Why flagged for remaking in Midtown South-Flatiron-Union Square: ortho paint-missing ratio, stripe-break ratio.","top_features":[{"feature":"paint_missing_ratio","label":"ortho paint-missing ratio","contribution":0.8834,"direction":"raises priority"},{"feature":"stripe_break_ratio","label":"stripe-break ratio","contribution":0.6074,"direction":"raises priority"},{"feature":"occlusion_penalty","label":"ortho occlusion","contribution":-0.2048,"direction":"lowers priority"}],"matched_311_complaints":[{"unique_key":"50390279","created_date":"2021-04-26T14:51:56.000","descriptor":"Line/Marking - Faded","incident_address":"171 5 AVENUE","url":"https://data.cityofnewyork.us/resource/erm2-nwe9.json?$select=unique_key,created_date,closed_date,agency,agency_name,complaint_type,descriptor,location_type,incident_address,status,resolution_description&$where=unique_key=%2750390279%27"}],"google_maps_url":"https://www.google.com/maps?q=40.740880244603275,-73.99007005829142","image_url":"/images/nyc-20844.jpg","thumbnail_url":"/images/nyc-20844-thumb.jpg"}},{"type":"Feature","id":"nyc-59084","geometry":{"type":"Point","coordinates":[-73.76360774197451,40.719282141391595]},"properties":{"id":"nyc-59084","intersection_label":"Hillside Avenue & 199 Street","borough":"Queens","neighborhood":"Hollis","neighborhood_id":"QN1206","model_score":0.7095,"heuristic_score":65.0,"severity_score":71,"school_zone":false,"pavement_marking_311_count_since_2020":1,"pedestrian_crash_count":0,"image_paint_score":0.6622,"paint_missing_ratio":0.8356,"stripe_break_ratio":0.3309,"contrast_score":0.1482,"priority_reason":"Why flagged for remaking in Hollis: ortho paint-missing ratio, stripe-break ratio, marking contrast.","top_features":[{"feature":"paint_missing_ratio","label":"ortho paint-missing ratio","contribution":1.0054,"direction":"raises priority"},{"feature":"stripe_break_ratio","label":"stripe-break ratio","contribution":0.2663,"direction":"raises priority"},{"feature":"contrast_score","label":"marking contrast","contribution":0.1695,"direction":"raises priority"}],"matched_311_complaints":[{"unique_key":"69458559","created_date":"2026-06-23T09:17:18.000","descriptor":"Line/Marking - Faded","incident_address":"199 STREET","url":"https://data.cityofnewyork.us/resource/erm2-nwe9.json?$select=unique_key,created_date,closed_date,agency,agency_name,complaint_type,descriptor,location_type,incident_address,status,resolution_description&$where=unique_key=%2769458559%27"}],"google_maps_url":"https://www.google.com/maps?q=40.719282141391595,-73.76360774197451","image_url":"/images/nyc-59084.jpg","thumbnail_url":"/images/nyc-59084-thumb.jpg"}},{"type":"Feature","id":"nyc-95399","geometry":{"type":"Point","coordinates":[-73.99320347227062,40.77277981013933]},"properties":{"id":"nyc-95399","intersection_label":"West 59 Street & 12 Avenue","borough":"Manhattan","neighborhood":"Upper West Side-Lincoln Square","neighborhood_id":"MN0701","model_score":0.709,"heuristic_score":57.0,"severity_score":71,"school_zone":true,"pavement_marking_311_count_since_2020":0,"pedestrian_crash_count":0,"image_paint_score":0.5607,"paint_missing_ratio":0.915,"stripe_break_ratio":0.081,"contrast_score":0.3972,"priority_reason":"Why flagged for remaking in Upper West Side-Lincoln Square: ortho paint-missing ratio, marking contrast.","top_features":[{"feature":"paint_missing_ratio","label":"ortho paint-missing ratio","contribution":1.1353,"direction":"raises priority"},{"feature":"occlusion_penalty","label":"ortho occlusion","contribution":-0.2003,"direction":"lowers priority"},{"feature":"contrast_score","label":"marking contrast","contribution":0.0841,"direction":"raises priority"}],"matched_311_complaints":[],"google_maps_url":"https://www.google.com/maps?q=40.77277981013933,-73.99320347227062","image_url":"/images/nyc-95399.jpg","thumbnail_url":"/images/nyc-95399-thumb.jpg"}},{"type":"Feature","id":"nyc-20749","geometry":{"type":"Point","coordinates":[-73.99051784243167,40.74026168796701]},"properties":{"id":"nyc-20749","intersection_label":"5 Avenue & West 21 Street","borough":"Manhattan","neighborhood":"Midtown South-Flatiron-Union Square","neighborhood_id":"MN0501","model_score":0.7079,"heuristic_score":50.0,"severity_score":71,"school_zone":true,"pavement_marking_311_count_since_2020":0,"pedestrian_crash_count":7,"image_paint_score":0.4944,"paint_missing_ratio":0.7758,"stripe_break_ratio":0.0968,"contrast_score":0.4431,"priority_reason":"Why flagged for remaking in Midtown South-Flatiron-Union Square: ortho paint-missing ratio, marking contrast.","top_features":[{"feature":"paint_missing_ratio","label":"ortho paint-missing ratio","contribution":0.9075,"direction":"raises priority"},{"feature":"occlusion_penalty","label":"ortho occlusion","contribution":-0.2085,"direction":"lowers priority"},{"feature":"contrast_score","label":"marking contrast","contribution":0.0684,"direction":"raises priority"}],"matched_311_complaints":[],"google_maps_url":"https://www.google.com/maps?q=40.74026168796701,-73.99051784243167","image_url":"/images/nyc-20749.jpg","thumbnail_url":"/images/nyc-20749-thumb.jpg"}},{"type":"Feature","id":"nyc-47348","geometry":{"type":"Point","coordinates":[-73.89289433147286,40.809197085053]},"properties":{"id":"nyc-47348","intersection_label":"Oak Point Avenue & Truxton Street","borough":"Bronx","neighborhood":"Hunts Point","neighborhood_id":"BX0201","model_score":0.7066,"heuristic_score":62.0,"severity_score":71,"school_zone":false,"pavement_marking_311_count_since_2020":0,"pedestrian_crash_count":0,"image_paint_score":0.6622,"paint_missing_ratio":0.8241,"stripe_break_ratio":0.3107,"contrast_score":0.0871,"priority_reason":"Why flagged for remaking in Hunts Point: ortho paint-missing ratio, stripe-break ratio, marking contrast.","top_features":[{"feature":"paint_missing_ratio","label":"ortho paint-missing ratio","contribution":0.9865,"direction":"raises priority"},{"feature":"stripe_break_ratio","label":"stripe-break ratio","contribution":0.2394,"direction":"raises priority"},{"feature":"contrast_score","label":"marking contrast","contribution":0.1905,"direction":"raises priority"}],"matched_311_complaints":[],"google_maps_url":"https://www.google.com/maps?q=40.809197085053,-73.89289433147286","image_url":"/images/nyc-47348.jpg","thumbnail_url":"/images/nyc-47348-thumb.jpg"}},{"type":"Feature","id":"nyc-46579","geometry":{"type":"Point","coordinates":[-73.8907578090906,40.76448656695567]},"properties":{"id":"nyc-46579","intersection_label":"White Oak Court & 24 Avenue","borough":"Queens","neighborhood":"Jackson Heights","neighborhood_id":"QN0301","model_score":0.7047,"heuristic_score":61.0,"severity_score":70,"school_zone":false,"pavement_marking_311_count_since_2020":0,"pedestrian_crash_count":0,"image_paint_score":0.6547,"paint_missing_ratio":0.8096,"stripe_break_ratio":0.3963,"contrast_score":0.2414,"priority_reason":"Why flagged for remaking in Jackson Heights: ortho paint-missing ratio, stripe-break ratio, marking contrast.","top_features":[{"feature":"paint_missing_ratio","label":"ortho paint-missing ratio","contribution":0.9628,"direction":"raises priority"},{"feature":"stripe_break_ratio","label":"stripe-break ratio","contribution":0.3534,"direction":"raises priority"},{"feature":"contrast_score","label":"marking contrast","contribution":0.1376,"direction":"raises priority"}],"matched_311_complaints":[],"google_maps_url":"https://www.google.com/maps?q=40.76448656695567,-73.8907578090906","image_url":"/images/nyc-46579.jpg","thumbnail_url":"/images/nyc-46579-thumb.jpg"}},{"type":"Feature","id":"nyc-43268","geometry":{"type":"Point","coordinates":[-73.91013370474579,40.815932109849264]},"properties":{"id":"nyc-43268","intersection_label":"Westchester Avenue & Cauldwell Avenue","borough":"Bronx","neighborhood":"Melrose","neighborhood_id":"BX0102","model_score":0.7029,"heuristic_score":49.0,"severity_score":70,"school_zone":true,"pavement_marking_311_count_since_2020":0,"pedestrian_crash_count":0,"image_paint_score":0.5419,"paint_missing_ratio":0.6711,"stripe_break_ratio":0.4679,"contrast_score":0.6194,"priority_reason":"Why flagged for remaking in Melrose: ortho paint-missing ratio, stripe-break ratio.","top_features":[{"feature":"paint_missing_ratio","label":"ortho paint-missing ratio","contribution":0.7361,"direction":"raises priority"},{"feature":"stripe_break_ratio","label":"stripe-break ratio","contribution":0.4487,"direction":"raises priority"},{"feature":"occlusion_penalty","label":"ortho occlusion","contribution":-0.0993,"direction":"lowers priority"}],"matched_311_complaints":[],"google_maps_url":"https://www.google.com/maps?q=40.815932109849264,-73.91013370474579","image_url":"/images/nyc-43268.jpg","thumbnail_url":"/images/nyc-43268-thumb.jpg"}},{"type":"Feature","id":"nyc-62770","geometry":{"type":"Point","coordinates":[-73.71283184334185,40.7363635171155]},"properties":{"id":"nyc-62770","intersection_label":"Hillside Avenue & 255 Street","borough":"Queens","neighborhood":"Glen Oaks-Floral Park-New Hyde Park","neighborhood_id":"QN1301","model_score":0.7021,"heuristic_score":63.0,"severity_score":70,"school_zone":false,"pavement_marking_311_count_since_2020":1,"pedestrian_crash_count":1,"image_paint_score":0.6403,"paint_missing_ratio":0.7821,"stripe_break_ratio":0.2925,"contrast_score":0.0703,"priority_reason":"Why flagged for remaking in Glen Oaks-Floral Park-New Hyde Park: ortho paint-missing ratio, stripe-break ratio, marking contrast.","top_features":[{"feature":"paint_missing_ratio","label":"ortho paint-missing ratio","contribution":0.9178,"direction":"raises priority"},{"feature":"stripe_break_ratio","label":"stripe-break ratio","contribution":0.2152,"direction":"raises priority"},{"feature":"contrast_score","label":"marking contrast","contribution":0.1962,"direction":"raises priority"}],"matched_311_complaints":[{"unique_key":"56463775","created_date":"2023-01-07T09:27:13.000","descriptor":"Line/Marking - Faded","incident_address":"255-33 HILLSIDE AVENUE","url":"https://data.cityofnewyork.us/resource/erm2-nwe9.json?$select=unique_key,created_date,closed_date,agency,agency_name,complaint_type,descriptor,location_type,incident_address,status,resolution_description&$where=unique_key=%2756463775%27"}],"google_maps_url":"https://www.google.com/maps?q=40.7363635171155,-73.71283184334185","image_url":"/images/nyc-62770.jpg","thumbnail_url":"/images/nyc-62770-thumb.jpg"}},{"type":"Feature","id":"nyc-37331","geometry":{"type":"Point","coordinates":[-73.78771036387825,40.70766610271414]},"properties":{"id":"nyc-37331","intersection_label":"Jamaica Avenue & 172 Street","borough":"Queens","neighborhood":"Jamaica","neighborhood_id":"QN1201","model_score":0.7006,"heuristic_score":41.0,"severity_score":70,"school_zone":true,"pavement_marking_311_count_since_2020":0,"pedestrian_crash_count":5,"image_paint_score":0.4646,"paint_missing_ratio":0.4761,"stripe_break_ratio":0.39,"contrast_score":0.4306,"priority_reason":"Why flagged for remaking in Jamaica: ortho paint-missing ratio, stripe-break ratio, ortho occlusion.","top_features":[{"feature":"paint_missing_ratio","label":"ortho paint-missing ratio","contribution":0.4169,"direction":"raises priority"},{"feature":"stripe_break_ratio","label":"stripe-break ratio","contribution":0.345,"direction":"raises priority"},{"feature":"occlusion_penalty","label":"ortho occlusion","contribution":0.1326,"direction":"raises priority"}],"matched_311_complaints":[],"google_maps_url":"https://www.google.com/maps?q=40.70766610271414,-73.78771036387825","image_url":"/images/nyc-37331.jpg","thumbnail_url":"/images/nyc-37331-thumb.jpg"}},{"type":"Feature","id":"nyc-37228","geometry":{"type":"Point","coordinates":[-73.78804031230902,40.70757148140699]},"properties":{"id":"nyc-37228","intersection_label":"Jamaica Avenue & 172 Street","borough":"Queens","neighborhood":"Jamaica","neighborhood_id":"QN1201","model_score":0.6972,"heuristic_score":46.0,"severity_score":70,"school_zone":true,"pavement_marking_311_count_since_2020":0,"pedestrian_crash_count":0,"image_paint_score":0.5277,"paint_missing_ratio":0.5371,"stripe_break_ratio":0.4996,"contrast_score":0.4444,"priority_reason":"Why flagged for remaking in Jamaica: ortho paint-missing ratio, stripe-break ratio, ortho occlusion.","top_features":[{"feature":"paint_missing_ratio","label":"ortho paint-missing ratio","contribution":0.5168,"direction":"raises priority"},{"feature":"stripe_break_ratio","label":"stripe-break ratio","contribution":0.4909,"direction":"raises priority"},{"feature":"occlusion_penalty","label":"ortho occlusion","contribution":0.1081,"direction":"raises priority"}],"matched_311_complaints":[],"google_maps_url":"https://www.google.com/maps?q=40.70757148140699,-73.78804031230902","image_url":"/images/nyc-37228.jpg","thumbnail_url":"/images/nyc-37228-thumb.jpg"}},{"type":"Feature","id":"nyc-4656","geometry":{"type":"Point","coordinates":[-74.15023014022374,40.55356213117498]},"properties":{"id":"nyc-4656","intersection_label":"Sampson Avenue & Katan Avenue","borough":"Staten Island","neighborhood":"Great Kills-Eltingville","neighborhood_id":"SI0302","model_score":0.6961,"heuristic_score":75.0,"severity_score":70,"school_zone":false,"pavement_marking_311_count_since_2020":5,"pedestrian_crash_count":0,"image_paint_score":0.6459,"paint_missing_ratio":0.8234,"stripe_break_ratio":0.3473,"contrast_score":0.2307,"priority_reason":"Why flagged for remaking in Great Kills-Eltingville: ortho paint-missing ratio, stripe-break ratio, marking contrast.","top_features":[{"feature":"paint_missing_ratio","label":"ortho paint-missing ratio","contribution":0.9854,"direction":"raises priority"},{"feature":"stripe_break_ratio","label":"stripe-break ratio","contribution":0.2882,"direction":"raises priority"},{"feature":"contrast_score","label":"marking contrast","contribution":0.1412,"direction":"raises priority"}],"matched_311_complaints":[{"unique_key":"62090874","created_date":"2024-08-11T10:51:38.000","descriptor":"Line/Marking - Faded","incident_address":"KATAN AVENUE","url":"https://data.cityofnewyork.us/resource/erm2-nwe9.json?$select=unique_key,created_date,closed_date,agency,agency_name,complaint_type,descriptor,location_type,incident_address,status,resolution_description&$where=unique_key=%2762090874%27"},{"unique_key":"61519280","created_date":"2024-06-17T06:07:05.000","descriptor":"Line/Marking - Faded","incident_address":"54 SAMPSON AVENUE","url":"https://data.cityofnewyork.us/resource/erm2-nwe9.json?$select=unique_key,created_date,closed_date,agency,agency_name,complaint_type,descriptor,location_type,incident_address,status,resolution_description&$where=unique_key=%2761519280%27"},{"unique_key":"61466931","created_date":"2024-06-13T16:58:18.000","descriptor":"Line/Marking - Faded","incident_address":"KATAN AVENUE","url":"https://data.cityofnewyork.us/resource/erm2-nwe9.json?$select=unique_key,created_date,closed_date,agency,agency_name,complaint_type,descriptor,location_type,incident_address,status,resolution_description&$where=unique_key=%2761466931%27"}],"google_maps_url":"https://www.google.com/maps?q=40.55356213117498,-74.15023014022374","image_url":"/images/nyc-4656.jpg","thumbnail_url":"/images/nyc-4656-thumb.jpg"}},{"type":"Feature","id":"nyc-38973","geometry":{"type":"Point","coordinates":[-73.75323817300588,40.680116885489326]},"properties":{"id":"nyc-38973","intersection_label":"Springfield Boulevard & Merrick Boulevard","borough":"Queens","neighborhood":"Laurelton","neighborhood_id":"QN1305","model_score":0.6959,"heuristic_score":58.0,"severity_score":70,"school_zone":true,"pavement_marking_311_count_since_2020":4,"pedestrian_crash_count":15,"image_paint_score":0.4639,"paint_missing_ratio":0.6865,"stripe_break_ratio":0.0714,"contrast_score":0.35,"priority_reason":"Why flagged for remaking in Laurelton: ortho paint-missing ratio, ortho occlusion, marking contrast.","top_features":[{"feature":"paint_missing_ratio","label":"ortho paint-missing ratio","contribution":0.7613,"direction":"raises priority"},{"feature":"occlusion_penalty","label":"ortho occlusion","contribution":0.1101,"direction":"raises priority"},{"feature":"contrast_score","label":"marking contrast","contribution":0.1003,"direction":"raises priority"}],"matched_311_complaints":[{"unique_key":"70125423","created_date":"2026-08-19T12:02:25.000","descriptor":"Line/Marking - Faded","incident_address":"SPRINGFIELD BOULEVARD","url":"https://data.cityofnewyork.us/resource/erm2-nwe9.json?$select=unique_key,created_date,closed_date,agency,agency_name,complaint_type,descriptor,location_type,incident_address,status,resolution_description&$where=unique_key=%2770125423%27"},{"unique_key":"55339213","created_date":"2022-09-08T13:51:29.000","descriptor":"Line/Marking - After Repaving","incident_address":"MERRICK BOULEVARD","url":"https://data.cityofnewyork.us/resource/erm2-nwe9.json?$select=unique_key,created_date,closed_date,agency,agency_name,complaint_type,descriptor,location_type,incident_address,status,resolution_description&$where=unique_key=%2755339213%27"},{"unique_key":"45745657","created_date":"2020-03-03T11:30:50.000","descriptor":"Line/Marking - After Repaving","incident_address":"MERRICK BOULEVARD","url":"https://data.cityofnewyork.us/resource/erm2-nwe9.json?$select=unique_key,created_date,closed_date,agency,agency_name,complaint_type,descriptor,location_type,incident_address,status,resolution_description&$where=unique_key=%2745745657%27"}],"google_maps_url":"https://www.google.com/maps?q=40.680116885489326,-73.75323817300588","image_url":"/images/nyc-38973.jpg","thumbnail_url":"/images/nyc-38973-thumb.jpg"}},{"type":"Feature","id":"nyc-9007006","geometry":{"type":"Point","coordinates":[-73.83198142676754,40.878006913528125]},"properties":{"id":"nyc-9007006","intersection_label":"Darrow Place & Co-op City Sect 1 Ped Path","borough":"Bronx","neighborhood":"Co-op City","neighborhood_id":"BX1004","model_score":0.6955,"heuristic_score":58.0,"severity_score":70,"school_zone":false,"pavement_marking_311_count_since_2020":0,"pedestrian_crash_count":0,"image_paint_score":0.6517,"paint_missing_ratio":0.7586,"stripe_break_ratio":0.5876,"contrast_score":0.4767,"priority_reason":"Why flagged for remaking in Co-op City: ortho paint-missing ratio, stripe-break ratio.","top_features":[{"feature":"paint_missing_ratio","label":"ortho paint-missing ratio","contribution":0.8793,"direction":"raises priority"},{"feature":"stripe_break_ratio","label":"stripe-break ratio","contribution":0.6081,"direction":"raises priority"},{"feature":"occlusion_penalty","label":"ortho occlusion","contribution":-0.1633,"direction":"lowers priority"}],"matched_311_complaints":[],"google_maps_url":"https://www.google.com/maps?q=40.878006913528125,-73.83198142676754","image_url":"/images/nyc-9007006.jpg","thumbnail_url":"/images/nyc-9007006-thumb.jpg"}},{"type":"Feature","id":"nyc-22931","geometry":{"type":"Point","coordinates":[-73.95786874183932,40.76524232365945]},"properties":{"id":"nyc-22931","intersection_label":"East 68 Street & 1 Avenue","borough":"Manhattan","neighborhood":"Upper East Side-Lenox Hill-Roosevelt Island","neighborhood_id":"MN0801","model_score":0.6907,"heuristic_score":45.0,"severity_score":69,"school_zone":true,"pavement_marking_311_count_since_2020":1,"pedestrian_crash_count":5,"image_paint_score":0.4617,"paint_missing_ratio":0.6354,"stripe_break_ratio":0.4862,"contrast_score":0.9722,"priority_reason":"Why flagged for remaking in Upper East Side-Lenox Hill-Roosevelt Island: ortho paint-missing ratio, stripe-break ratio.","top_features":[{"feature":"paint_missing_ratio","label":"ortho paint-missing ratio","contribution":0.6777,"direction":"raises priority"},{"feature":"stripe_break_ratio","label":"stripe-break ratio","contribution":0.4731,"direction":"raises priority"},{"feature":"occlusion_penalty","label":"ortho occlusion","contribution":-0.2083,"direction":"lowers priority"}],"matched_311_complaints":[{"unique_key":"63460883","created_date":"2024-12-19T07:42:52.000","descriptor":"Line/Marking - After Repaving","incident_address":"1 AVENUE","url":"https://data.cityofnewyork.us/resource/erm2-nwe9.json?$select=unique_key,created_date,closed_date,agency,agency_name,complaint_type,descriptor,location_type,incident_address,status,resolution_description&$where=unique_key=%2763460883%27"}],"google_maps_url":"https://www.google.com/maps?q=40.76524232365945,-73.95786874183932","image_url":"/images/nyc-22931.jpg","thumbnail_url":"/images/nyc-22931-thumb.jpg"}},{"type":"Feature","id":"nyc-27331","geometry":{"type":"Point","coordinates":[-73.94042057876102,40.70107659761096]},"properties":{"id":"nyc-27331","intersection_label":"Flushing Avenue & Humboldt Street","borough":"Brooklyn","neighborhood":"Bushwick (West)","neighborhood_id":"BK0401","model_score":0.6901,"heuristic_score":50.0,"severity_score":69,"school_zone":true,"pavement_marking_311_count_since_2020":1,"pedestrian_crash_count":10,"image_paint_score":0.4694,"paint_missing_ratio":0.7404,"stripe_break_ratio":0.1161,"contrast_score":0.5222,"priority_reason":"Why flagged for remaking in Bushwick (West): ortho paint-missing ratio, marking contrast.","top_features":[{"feature":"paint_missing_ratio","label":"ortho paint-missing ratio","contribution":0.8495,"direction":"raises priority"},{"feature":"occlusion_penalty","label":"ortho occlusion","contribution":-0.1469,"direction":"lowers priority"},{"feature":"contrast_score","label":"marking contrast","contribution":0.0413,"direction":"raises priority"}],"matched_311_complaints":[{"unique_key":"45778949","created_date":"2020-03-13T20:21:02.000","descriptor":"Line/Marking - After Repaving","incident_address":"FLUSHING AVENUE","url":"https://data.cityofnewyork.us/resource/erm2-nwe9.json?$select=unique_key,created_date,closed_date,agency,agency_name,complaint_type,descriptor,location_type,incident_address,status,resolution_description&$where=unique_key=%2745778949%27"}],"google_maps_url":"https://www.google.com/maps?q=40.70107659761096,-73.94042057876102","image_url":"/images/nyc-27331.jpg","thumbnail_url":"/images/nyc-27331-thumb.jpg"}},{"type":"Feature","id":"nyc-20933","geometry":{"type":"Point","coordinates":[-73.98363145012593,40.738165245457736]},"properties":{"id":"nyc-20933","intersection_label":"3 Avenue & East 22 Street","borough":"Manhattan","neighborhood":"Gramercy","neighborhood_id":"MN0602","model_score":0.69,"heuristic_score":47.0,"severity_score":69,"school_zone":true,"pavement_marking_311_count_since_2020":0,"pedestrian_crash_count":5,"image_paint_score":0.4746,"paint_missing_ratio":0.7034,"stripe_break_ratio":0.1439,"contrast_score":0.4614,"priority_reason":"Why flagged for remaking in Gramercy: ortho paint-missing ratio, marking contrast.","top_features":[{"feature":"paint_missing_ratio","label":"ortho paint-missing ratio","contribution":0.789,"direction":"raises priority"},{"feature":"occlusion_penalty","label":"ortho occlusion","contribution":-0.2074,"direction":"lowers priority"},{"feature":"contrast_score","label":"marking contrast","contribution":0.0621,"direction":"raises priority"}],"matched_311_complaints":[],"google_maps_url":"https://www.google.com/maps?q=40.738165245457736,-73.98363145012593","image_url":"/images/nyc-20933.jpg","thumbnail_url":"/images/nyc-20933-thumb.jpg"}},{"type":"Feature","id":"nyc-50974","geometry":{"type":"Point","coordinates":[-73.8588893240647,40.75789947621804]},"properties":{"id":"nyc-50974","intersection_label":"Northern Boulevard & 111 Street","borough":"Queens","neighborhood":"North Corona","neighborhood_id":"QN0303","model_score":0.6894,"heuristic_score":47.0,"severity_score":69,"school_zone":true,"pavement_marking_311_count_since_2020":0,"pedestrian_crash_count":0,"image_paint_score":0.5249,"paint_missing_ratio":0.6997,"stripe_break_ratio":0.5684,"contrast_score":0.9444,"priority_reason":"Why flagged for remaking in North Corona: ortho paint-missing ratio, stripe-break ratio.","top_features":[{"feature":"paint_missing_ratio","label":"ortho paint-missing ratio","contribution":0.7829,"direction":"raises priority"},{"feature":"stripe_break_ratio","label":"stripe-break ratio","contribution":0.5825,"direction":"raises priority"},{"feature":"occlusion_penalty","label":"ortho occlusion","contribution":-0.1926,"direction":"lowers priority"}],"matched_311_complaints":[],"google_maps_url":"https://www.google.com/maps?q=40.75789947621804,-73.8588893240647","image_url":"/images/nyc-50974.jpg","thumbnail_url":"/images/nyc-50974-thumb.jpg"}},{"type":"Feature","id":"nyc-21377","geometry":{"type":"Point","coordinates":[-73.98774683729462,40.74406552800338]},"properties":{"id":"nyc-21377","intersection_label":"5 Avenue & West 27 Street","borough":"Manhattan","neighborhood":"Midtown South-Flatiron-Union Square","neighborhood_id":"MN0501","model_score":0.6893,"heuristic_score":58.0,"severity_score":69,"school_zone":false,"pavement_marking_311_count_since_2020":1,"pedestrian_crash_count":9,"image_paint_score":0.5829,"paint_missing_ratio":0.787,"stripe_break_ratio":0.2968,"contrast_score":0.3758,"priority_reason":"Why flagged for remaking in Midtown South-Flatiron-Union Square: ortho paint-missing ratio, stripe-break ratio.","top_features":[{"feature":"paint_missing_ratio","label":"ortho paint-missing ratio","contribution":0.9258,"direction":"raises priority"},{"feature":"stripe_break_ratio","label":"stripe-break ratio","contribution":0.2209,"direction":"raises priority"},{"feature":"occlusion_penalty","label":"ortho occlusion","contribution":-0.2052,"direction":"lowers priority"}],"matched_311_complaints":[{"unique_key":"48522831","created_date":"2020-12-29T20:09:03.000","descriptor":"Line/Marking - After Repaving","incident_address":"230 5 AVENUE","url":"https://data.cityofnewyork.us/resource/erm2-nwe9.json?$select=unique_key,created_date,closed_date,agency,agency_name,complaint_type,descriptor,location_type,incident_address,status,resolution_description&$where=unique_key=%2748522831%27"}],"google_maps_url":"https://www.google.com/maps?q=40.74406552800338,-73.98774683729462","image_url":"/images/nyc-21377.jpg","thumbnail_url":"/images/nyc-21377-thumb.jpg"}},{"type":"Feature","id":"nyc-22813","geometry":{"type":"Point","coordinates":[-73.96480079489702,40.75998213868682]},"properties":{"id":"nyc-22813","intersection_label":"2 Avenue & East 58 Street","borough":"Manhattan","neighborhood":"East Midtown-Turtle Bay","neighborhood_id":"MN0604","model_score":0.6893,"heuristic_score":49.0,"severity_score":69,"school_zone":true,"pavement_marking_311_count_since_2020":0,"pedestrian_crash_count":20,"image_paint_score":0.4743,"paint_missing_ratio":0.8167,"stripe_break_ratio":0.0,"contrast_score":0.466,"priority_reason":"Why flagged for remaking in East Midtown-Turtle Bay: ortho paint-missing ratio.","top_features":[{"feature":"paint_missing_ratio","label":"ortho paint-missing ratio","contribution":0.9744,"direction":"raises priority"},{"feature":"occlusion_penalty","label":"ortho occlusion","contribution":-0.2072,"direction":"lowers priority"},{"feature":"stripe_break_ratio","label":"stripe-break ratio","contribution":-0.1743,"direction":"lowers priority"}],"matched_311_complaints":[],"google_maps_url":"https://www.google.com/maps?q=40.75998213868682,-73.96480079489702","image_url":"/images/nyc-22813.jpg","thumbnail_url":"/images/nyc-22813-thumb.jpg"}},{"type":"Feature","id":"nyc-35339","geometry":{"type":"Point","coordinates":[-73.80185728135153,40.70797987501939]},"properties":{"id":"nyc-35339","intersection_label":"Hillside Avenue & 160 Street","borough":"Queens","neighborhood":"Jamaica","neighborhood_id":"QN1201","model_score":0.6843,"heuristic_score":44.0,"severity_score":68,"school_zone":true,"pavement_marking_311_count_since_2020":0,"pedestrian_crash_count":3,"image_paint_score":0.4758,"paint_missing_ratio":0.5766,"stripe_break_ratio":0.3165,"contrast_score":0.4722,"priority_reason":"Why flagged for remaking in Jamaica: ortho paint-missing ratio, stripe-break ratio, ortho occlusion.","top_features":[{"feature":"paint_missing_ratio","label":"ortho paint-missing ratio","contribution":0.5814,"direction":"raises priority"},{"feature":"stripe_break_ratio","label":"stripe-break ratio","contribution":0.2471,"direction":"raises priority"},{"feature":"occlusion_penalty","label":"ortho occlusion","contribution":0.0737,"direction":"raises priority"}],"matched_311_complaints":[],"google_maps_url":"https://www.google.com/maps?q=40.70797987501939,-73.80185728135153","image_url":"/images/nyc-35339.jpg","thumbnail_url":"/images/nyc-35339-thumb.jpg"}},{"type":"Feature","id":"nyc-47326","geometry":{"type":"Point","coordinates":[-73.89893339009693,40.82106816724939]},"properties":{"id":"nyc-47326","intersection_label":"Westchester Avenue & Rev James A Polite Avenue","borough":"Bronx","neighborhood":"Longwood","neighborhood_id":"BX0202","model_score":0.6834,"heuristic_score":39.0,"severity_score":68,"school_zone":true,"pavement_marking_311_count_since_2020":0,"pedestrian_crash_count":6,"image_paint_score":0.4552,"paint_missing_ratio":0.4724,"stripe_break_ratio":0.552,"contrast_score":0.7528,"priority_reason":"Why flagged for remaking in Longwood: stripe-break ratio, ortho paint-missing ratio.","top_features":[{"feature":"stripe_break_ratio","label":"stripe-break ratio","contribution":0.5607,"direction":"raises priority"},{"feature":"paint_missing_ratio","label":"ortho paint-missing ratio","contribution":0.4109,"direction":"raises priority"},{"feature":"occlusion_penalty","label":"ortho occlusion","contribution":-0.1494,"direction":"lowers priority"}],"matched_311_complaints":[],"google_maps_url":"https://www.google.com/maps?q=40.82106816724939,-73.89893339009693","image_url":"/images/nyc-47326.jpg","thumbnail_url":"/images/nyc-47326-thumb.jpg"}},{"type":"Feature","id":"nyc-52470","geometry":{"type":"Point","coordinates":[-73.86635554717319,40.831874484030564]},"properties":{"id":"nyc-52470","intersection_label":"Westchester Avenue & Beach Avenue","borough":"Bronx","neighborhood":"Soundview-Bruckner-Bronx River","neighborhood_id":"BX0901","model_score":0.6833,"heuristic_score":43.0,"severity_score":68,"school_zone":true,"pavement_marking_311_count_since_2020":0,"pedestrian_crash_count":6,"image_paint_score":0.4476,"paint_missing_ratio":0.6597,"stripe_break_ratio":0.2497,"contrast_score":0.6833,"priority_reason":"Why flagged for remaking in Soundview-Bruckner-Bronx River: ortho paint-missing ratio, stripe-break ratio, ortho occlusion.","top_features":[{"feature":"paint_missing_ratio","label":"ortho paint-missing ratio","contribution":0.7174,"direction":"raises priority"},{"feature":"stripe_break_ratio","label":"stripe-break ratio","contribution":0.1582,"direction":"raises priority"},{"feature":"occlusion_penalty","label":"ortho occlusion","contribution":0.0158,"direction":"raises priority"}],"matched_311_complaints":[],"google_maps_url":"https://www.google.com/maps?q=40.831874484030564,-73.86635554717319","image_url":"/images/nyc-52470.jpg","thumbnail_url":"/images/nyc-52470-thumb.jpg"}},{"type":"Feature","id":"nyc-45430","geometry":{"type":"Point","coordinates":[-73.8953407013442,40.72592049723134]},"properties":{"id":"nyc-45430","intersection_label":"69 Street & Grand Avenue","borough":"Queens","neighborhood":"Maspeth","neighborhood_id":"QN0501","model_score":0.6832,"heuristic_score":61.0,"severity_score":68,"school_zone":false,"pavement_marking_311_count_since_2020":3,"pedestrian_crash_count":9,"image_paint_score":0.5599,"paint_missing_ratio":0.7064,"stripe_break_ratio":0.2963,"contrast_score":0.3083,"priority_reason":"Why flagged for remaking in Maspeth: ortho paint-missing ratio, stripe-break ratio, marking contrast.","top_features":[{"feature":"paint_missing_ratio","label":"ortho paint-missing ratio","contribution":0.7939,"direction":"raises priority"},{"feature":"stripe_break_ratio","label":"stripe-break ratio","contribution":0.2203,"direction":"raises priority"},{"feature":"contrast_score","label":"marking contrast","contribution":0.1146,"direction":"raises priority"}],"matched_311_complaints":[{"unique_key":"57132124","created_date":"2023-03-24T06:52:31.000","descriptor":"Line/Marking - Faded","incident_address":"69-02 GRAND AVENUE","url":"https://data.cityofnewyork.us/resource/erm2-nwe9.json?$select=unique_key,created_date,closed_date,agency,agency_name,complaint_type,descriptor,location_type,incident_address,status,resolution_description&$where=unique_key=%2757132124%27"},{"unique_key":"57129624","created_date":"2023-03-24T06:47:55.000","descriptor":"Line/Marking - Faded","incident_address":"57-03 69 STREET","url":"https://data.cityofnewyork.us/resource/erm2-nwe9.json?$select=unique_key,created_date,closed_date,agency,agency_name,complaint_type,descriptor,location_type,incident_address,status,resolution_description&$where=unique_key=%2757129624%27"},{"unique_key":"50100636","created_date":"2021-03-24T11:11:08.000","descriptor":"Line/Marking - Faded","incident_address":"69 STREET","url":"https://data.cityofnewyork.us/resource/erm2-nwe9.json?$select=unique_key,created_date,closed_date,agency,agency_name,complaint_type,descriptor,location_type,incident_address,status,resolution_description&$where=unique_key=%2750100636%27"}],"google_maps_url":"https://www.google.com/maps?q=40.72592049723134,-73.8953407013442","image_url":"/images/nyc-45430.jpg","thumbnail_url":"/images/nyc-45430-thumb.jpg"}},{"type":"Feature","id":"nyc-54614","geometry":{"type":"Point","coordinates":[-73.83782792473886,40.881608140252766]},"properties":{"id":"nyc-54614","intersection_label":"Boston Road & De Reimer Avenue","borough":"Bronx","neighborhood":"Eastchester-Edenwald-Baychester","neighborhood_id":"BX1202","model_score":0.6829,"heuristic_score":44.0,"severity_score":68,"school_zone":true,"pavement_marking_311_count_since_2020":0,"pedestrian_crash_count":7,"image_paint_score":0.4496,"paint_missing_ratio":0.6346,"stripe_break_ratio":0.1084,"contrast_score":0.3694,"priority_reason":"Why flagged for remaking in Eastchester-Edenwald-Baychester: ortho paint-missing ratio, ortho occlusion, marking contrast.","top_features":[{"feature":"paint_missing_ratio","label":"ortho paint-missing ratio","contribution":0.6764,"direction":"raises priority"},{"feature":"occlusion_penalty","label":"ortho occlusion","contribution":0.105,"direction":"raises priority"},{"feature":"contrast_score","label":"marking contrast","contribution":0.0937,"direction":"raises priority"}],"matched_311_complaints":[],"google_maps_url":"https://www.google.com/maps?q=40.881608140252766,-73.83782792473886","image_url":"/images/nyc-54614.jpg","thumbnail_url":"/images/nyc-54614-thumb.jpg"}},{"type":"Feature","id":"nyc-51934","geometry":{"type":"Point","coordinates":[-73.8705012557578,40.820364359697116]},"properties":{"id":"nyc-51934","intersection_label":"Metcalf Avenue & Soundview Park Greenway","borough":"Bronx","neighborhood":"Soundview Park","neighborhood_id":"BX0991","model_score":0.6828,"heuristic_score":51.0,"severity_score":68,"school_zone":true,"pavement_marking_311_count_since_2020":1,"pedestrian_crash_count":2,"image_paint_score":0.4872,"paint_missing_ratio":0.7287,"stripe_break_ratio":0.1348,"contrast_score":0.4397,"priority_reason":"Why flagged for remaking in Soundview Park: ortho paint-missing ratio, ortho occlusion, marking contrast.","top_features":[{"feature":"paint_missing_ratio","label":"ortho paint-missing ratio","contribution":0.8304,"direction":"raises priority"},{"feature":"occlusion_penalty","label":"ortho occlusion","contribution":0.0977,"direction":"raises priority"},{"feature":"contrast_score","label":"marking contrast","contribution":0.0696,"direction":"raises priority"}],"matched_311_complaints":[{"unique_key":"55492436","created_date":"2022-09-22T12:02:11.000","descriptor":"Line/Marking - Faded","incident_address":"LAFAYETTE AVENUE","url":"https://data.cityofnewyork.us/resource/erm2-nwe9.json?$select=unique_key,created_date,closed_date,agency,agency_name,complaint_type,descriptor,location_type,incident_address,status,resolution_description&$where=unique_key=%2755492436%27"}],"google_maps_url":"https://www.google.com/maps?q=40.820364359697116,-73.8705012557578","image_url":"/images/nyc-51934.jpg","thumbnail_url":"/images/nyc-51934-thumb.jpg"}},{"type":"Feature","id":"nyc-23575","geometry":{"type":"Point","coordinates":[-73.9572941005705,40.77428355461016]},"properties":{"id":"nyc-23575","intersection_label":"3 Avenue & East 79 Street","borough":"Manhattan","neighborhood":"Upper East Side-Lenox Hill-Roosevelt Island","neighborhood_id":"MN0801","model_score":0.6824,"heuristic_score":60.0,"severity_score":68,"school_zone":false,"pavement_marking_311_count_since_2020":1,"pedestrian_crash_count":4,"image_paint_score":0.5885,"paint_missing_ratio":0.8298,"stripe_break_ratio":0.2665,"contrast_score":0.3911,"priority_reason":"Why flagged for remaking in Upper East Side-Lenox Hill-Roosevelt Island: ortho paint-missing ratio, stripe-break ratio.","top_features":[{"feature":"paint_missing_ratio","label":"ortho paint-missing ratio","contribution":0.9959,"direction":"raises priority"},{"feature":"occlusion_penalty","label":"ortho occlusion","contribution":-0.2079,"direction":"lowers priority"},{"feature":"stripe_break_ratio","label":"stripe-break ratio","contribution":0.1806,"direction":"raises priority"}],"matched_311_complaints":[{"unique_key":"58999236","created_date":"2023-10-02T20:45:50.000","descriptor":"Line/Marking - After Repaving","incident_address":"3 AVENUE","url":"https://data.cityofnewyork.us/resource/erm2-nwe9.json?$select=unique_key,created_date,closed_date,agency,agency_name,complaint_type,descriptor,location_type,incident_address,status,resolution_description&$where=unique_key=%2758999236%27"}],"google_maps_url":"https://www.google.com/maps?q=40.77428355461016,-73.9572941005705","image_url":"/images/nyc-23575.jpg","thumbnail_url":"/images/nyc-23575-thumb.jpg"}},{"type":"Feature","id":"nyc-15607","geometry":{"type":"Point","coordinates":[-73.9985849041744,40.713474926868734]},"properties":{"id":"nyc-15607","intersection_label":"Chatham Square & Mott Street","borough":"Manhattan","neighborhood":"Chinatown-Two Bridges","neighborhood_id":"MN0301","model_score":0.6811,"heuristic_score":48.0,"severity_score":68,"school_zone":true,"pavement_marking_311_count_since_2020":0,"pedestrian_crash_count":2,"image_paint_score":0.4859,"paint_missing_ratio":0.7103,"stripe_break_ratio":0.1305,"contrast_score":0.3972,"priority_reason":"Why flagged for remaking in Chinatown-Two Bridges: ortho paint-missing ratio, ortho occlusion, marking contrast.","top_features":[{"feature":"paint_missing_ratio","label":"ortho paint-missing ratio","contribution":0.8003,"direction":"raises priority"},{"feature":"occlusion_penalty","label":"ortho occlusion","contribution":0.1052,"direction":"raises priority"},{"feature":"contrast_score","label":"marking contrast","contribution":0.0841,"direction":"raises priority"}],"matched_311_complaints":[],"google_maps_url":"https://www.google.com/maps?q=40.713474926868734,-73.9985849041744","image_url":"/images/nyc-15607.jpg","thumbnail_url":"/images/nyc-15607-thumb.jpg"}},{"type":"Feature","id":"nyc-95365","geometry":{"type":"Point","coordinates":[-74.0122679252768,40.7203316696241]},"properties":{"id":"nyc-95365","intersection_label":"West Street & North Moore Street","borough":"Manhattan","neighborhood":"Tribeca-Civic Center","neighborhood_id":"MN0102","model_score":0.6808,"heuristic_score":51.0,"severity_score":68,"school_zone":true,"pavement_marking_311_count_since_2020":0,"pedestrian_crash_count":0,"image_paint_score":0.5179,"paint_missing_ratio":0.7075,"stripe_break_ratio":0.094,"contrast_score":0.1667,"priority_reason":"Why flagged for remaking in Tribeca-Civic Center: ortho paint-missing ratio, marking contrast, ortho occlusion.","top_features":[{"feature":"paint_missing_ratio","label":"ortho paint-missing ratio","contribution":0.7957,"direction":"raises priority"},{"feature":"contrast_score","label":"marking contrast","contribution":0.1632,"direction":"raises priority"},{"feature":"occlusion_penalty","label":"ortho occlusion","contribution":0.0918,"direction":"raises priority"}],"matched_311_complaints":[],"google_maps_url":"https://www.google.com/maps?q=40.7203316696241,-74.0122679252768","image_url":"/images/nyc-95365.jpg","thumbnail_url":"/images/nyc-95365-thumb.jpg"}},{"type":"Feature","id":"nyc-15437","geometry":{"type":"Point","coordinates":[-74.0016646690979,40.709522763072854]},"properties":{"id":"nyc-15437","intersection_label":"Pearl Street & Frankfort Street","borough":"Manhattan","neighborhood":"Financial District-Battery Park City","neighborhood_id":"MN0101","model_score":0.6798,"heuristic_score":51.0,"severity_score":68,"school_zone":true,"pavement_marking_311_count_since_2020":2,"pedestrian_crash_count":6,"image_paint_score":0.4514,"paint_missing_ratio":0.6675,"stripe_break_ratio":0.1189,"contrast_score":0.4528,"priority_reason":"Why flagged for remaking in Financial District-Battery Park City: ortho paint-missing ratio, marking contrast.","top_features":[{"feature":"paint_missing_ratio","label":"ortho paint-missing ratio","contribution":0.7302,"direction":"raises priority"},{"feature":"contrast_score","label":"marking contrast","contribution":0.0651,"direction":"raises priority"},{"feature":"stripe_break_ratio","label":"stripe-break ratio","contribution":-0.016,"direction":"lowers priority"}],"matched_311_complaints":[{"unique_key":"59237191","created_date":"2023-10-26T17:02:57.000","descriptor":"Line/Marking - After Repaving","incident_address":"336 PEARL STREET","url":"https://data.cityofnewyork.us/resource/erm2-nwe9.json?$select=unique_key,created_date,closed_date,agency,agency_name,complaint_type,descriptor,location_type,incident_address,status,resolution_description&$where=unique_key=%2759237191%27"},{"unique_key":"54153360","created_date":"2022-05-12T16:15:35.000","descriptor":"Line/Marking - Faded","incident_address":"DOVER STREET","url":"https://data.cityofnewyork.us/resource/erm2-nwe9.json?$select=unique_key,created_date,closed_date,agency,agency_name,complaint_type,descriptor,location_type,incident_address,status,resolution_description&$where=unique_key=%2754153360%27"}],"google_maps_url":"https://www.google.com/maps?q=40.709522763072854,-74.0016646690979","image_url":"/images/nyc-15437.jpg","thumbnail_url":"/images/nyc-15437-thumb.jpg"}},{"type":"Feature","id":"nyc-59470","geometry":{"type":"Point","coordinates":[-73.78338071519066,40.75775389695767]},"properties":{"id":"nyc-59470","intersection_label":"Northern Boulevard & Francis Lewis Boulevard","borough":"Queens","neighborhood":"Auburndale","neighborhood_id":"QN1101","model_score":0.6767,"heuristic_score":53.0,"severity_score":68,"school_zone":false,"pavement_marking_311_count_since_2020":0,"pedestrian_crash_count":6,"image_paint_score":0.5576,"paint_missing_ratio":0.7128,"stripe_break_ratio":0.2228,"contrast_score":0.2056,"priority_reason":"Why flagged for remaking in Auburndale: ortho paint-missing ratio, marking contrast, stripe-break ratio.","top_features":[{"feature":"paint_missing_ratio","label":"ortho paint-missing ratio","contribution":0.8044,"direction":"raises priority"},{"feature":"contrast_score","label":"marking contrast","contribution":0.1498,"direction":"raises priority"},{"feature":"stripe_break_ratio","label":"stripe-break ratio","contribution":0.1224,"direction":"raises priority"}],"matched_311_complaints":[],"google_maps_url":"https://www.google.com/maps?q=40.75775389695767,-73.78338071519066","image_url":"/images/nyc-59470.jpg","thumbnail_url":"/images/nyc-59470-thumb.jpg"}},{"type":"Feature","id":"nyc-41465","geometry":{"type":"Point","coordinates":[-73.93383269418173,40.75160470171742]},"properties":{"id":"nyc-41465","intersection_label":"Northern Boulevard & 31 Street","borough":"Queens","neighborhood":"Sunnyside Yards (North)","neighborhood_id":"QN0161","model_score":0.6762,"heuristic_score":45.0,"severity_score":68,"school_zone":true,"pavement_marking_311_count_since_2020":1,"pedestrian_crash_count":3,"image_paint_score":0.4715,"paint_missing_ratio":0.6027,"stripe_break_ratio":0.4785,"contrast_score":0.8361,"priority_reason":"Why flagged for remaking in Sunnyside Yards (North): ortho paint-missing ratio, stripe-break ratio.","top_features":[{"feature":"paint_missing_ratio","label":"ortho paint-missing ratio","contribution":0.6241,"direction":"raises priority"},{"feature":"stripe_break_ratio","label":"stripe-break ratio","contribution":0.4628,"direction":"raises priority"},{"feature":"occlusion_penalty","label":"ortho occlusion","contribution":-0.1487,"direction":"lowers priority"}],"matched_311_complaints":[{"unique_key":"51571747","created_date":"2021-08-18T11:12:52.000","descriptor":"Line/Marking - Faded","incident_address":"31 STREET","url":"https://data.cityofnewyork.us/resource/erm2-nwe9.json?$select=unique_key,created_date,closed_date,agency,agency_name,complaint_type,descriptor,location_type,incident_address,status,resolution_description&$where=unique_key=%2751571747%27"}],"google_maps_url":"https://www.google.com/maps?q=40.75160470171742,-73.93383269418173","image_url":"/images/nyc-41465.jpg","thumbnail_url":"/images/nyc-41465-thumb.jpg"}},{"type":"Feature","id":"nyc-75654","geometry":{"type":"Point","coordinates":[-73.82133845317128,40.722556848686736]},"properties":{"id":"nyc-75654","intersection_label":"141 Place & Alley","borough":"Queens","neighborhood":"Kew Gardens Hills","neighborhood_id":"QN0801","model_score":0.6755,"heuristic_score":51.0,"severity_score":68,"school_zone":true,"pavement_marking_311_count_since_2020":0,"pedestrian_crash_count":0,"image_paint_score":0.511,"paint_missing_ratio":0.7701,"stripe_break_ratio":0.0512,"contrast_score":0.2674,"priority_reason":"Why flagged for remaking in Kew Gardens Hills: ortho paint-missing ratio, marking contrast.","top_features":[{"feature":"paint_missing_ratio","label":"ortho paint-missing ratio","contribution":0.8982,"direction":"raises priority"},{"feature":"contrast_score","label":"marking contrast","contribution":0.1286,"direction":"raises priority"},{"feature":"stripe_break_ratio","label":"stripe-break ratio","contribution":-0.1061,"direction":"lowers priority"}],"matched_311_complaints":[],"google_maps_url":"https://www.google.com/maps?q=40.722556848686736,-73.82133845317128","image_url":"/images/nyc-75654.jpg","thumbnail_url":"/images/nyc-75654-thumb.jpg"}},{"type":"Feature","id":"nyc-12917","geometry":{"type":"Point","coordinates":[-73.98839702040972,40.57858052182636]},"properties":{"id":"nyc-12917","intersection_label":"Neptune Avenue & West 21 Street","borough":"Brooklyn","neighborhood":"Coney Island-Sea Gate","neighborhood_id":"BK1302","model_score":0.675,"heuristic_score":52.0,"severity_score":68,"school_zone":false,"pavement_marking_311_count_since_2020":0,"pedestrian_crash_count":2,"image_paint_score":0.5919,"paint_missing_ratio":0.6431,"stripe_break_ratio":0.5025,"contrast_score":0.3667,"priority_reason":"Why flagged for remaking in Coney Island-Sea Gate: ortho paint-missing ratio, stripe-break ratio, marking contrast.","top_features":[{"feature":"paint_missing_ratio","label":"ortho paint-missing ratio","contribution":0.6903,"direction":"raises priority"},{"feature":"stripe_break_ratio","label":"stripe-break ratio","contribution":0.4948,"direction":"raises priority"},{"feature":"contrast_score","label":"marking contrast","contribution":0.0946,"direction":"raises priority"}],"matched_311_complaints":[],"google_maps_url":"https://www.google.com/maps?q=40.57858052182636,-73.98839702040972","image_url":"/images/nyc-12917.jpg","thumbnail_url":"/images/nyc-12917-thumb.jpg"}},{"type":"Feature","id":"nyc-3535","geometry":{"type":"Point","coordinates":[-74.16195721756642,40.58085524447006]},"properties":{"id":"nyc-3535","intersection_label":"Elmwood Park Drive & Donna Court","borough":"Staten Island","neighborhood":"New Springville-Willowbrook-Bulls Head-Travis","neighborhood_id":"SI0204","model_score":0.6738,"heuristic_score":45.0,"severity_score":67,"school_zone":true,"pavement_marking_311_count_since_2020":0,"pedestrian_crash_count":0,"image_paint_score":0.5033,"paint_missing_ratio":0.5862,"stripe_break_ratio":0.3795,"contrast_score":0.4667,"priority_reason":"Why flagged for remaking in New Springville-Willowbrook-Bulls Head-Travis: ortho paint-missing ratio, stripe-break ratio, ortho occlusion.","top_features":[{"feature":"paint_missing_ratio","label":"ortho paint-missing ratio","contribution":0.5971,"direction":"raises priority"},{"feature":"stripe_break_ratio","label":"stripe-break ratio","contribution":0.331,"direction":"raises priority"},{"feature":"occlusion_penalty","label":"ortho occlusion","contribution":0.0806,"direction":"raises priority"}],"matched_311_complaints":[],"google_maps_url":"https://www.google.com/maps?q=40.58085524447006,-74.16195721756642","image_url":"/images/nyc-3535.jpg","thumbnail_url":"/images/nyc-3535-thumb.jpg"}},{"type":"Feature","id":"nyc-9032037","geometry":{"type":"Point","coordinates":[-74.0158924260658,40.70778875621513]},"properties":{"id":"nyc-9032037","intersection_label":"West Thames Street & Hudson River Greenway","borough":"Manhattan","neighborhood":"Financial District-Battery Park City","neighborhood_id":"MN0101","model_score":0.6712,"heuristic_score":47.0,"severity_score":67,"school_zone":true,"pavement_marking_311_count_since_2020":0,"pedestrian_crash_count":0,"image_paint_score":0.508,"paint_missing_ratio":0.6877,"stripe_break_ratio":0.4578,"contrast_score":0.8083,"priority_reason":"Why flagged for remaking in Financial District-Battery Park City: ortho paint-missing ratio, stripe-break ratio.","top_features":[{"feature":"paint_missing_ratio","label":"ortho paint-missing ratio","contribution":0.7633,"direction":"raises priority"},{"feature":"stripe_break_ratio","label":"stripe-break ratio","contribution":0.4353,"direction":"raises priority"},{"feature":"occlusion_penalty","label":"ortho occlusion","contribution":-0.1859,"direction":"lowers priority"}],"matched_311_complaints":[],"google_maps_url":"https://www.google.com/maps?q=40.70778875621513,-74.0158924260658","image_url":"/images/nyc-9032037.jpg","thumbnail_url":"/images/nyc-9032037-thumb.jpg"}},{"type":"Feature","id":"nyc-9033140","geometry":{"type":"Point","coordinates":[-73.91958108396354,40.78893354363091]},"properties":{"id":"nyc-9033140","intersection_label":"7 Drive & H Road","borough":"Manhattan","neighborhood":"Randall's Island","neighborhood_id":"MN1191","model_score":0.6708,"heuristic_score":58.0,"severity_score":67,"school_zone":false,"pavement_marking_311_count_since_2020":0,"pedestrian_crash_count":0,"image_paint_score":0.6216,"paint_missing_ratio":0.7823,"stripe_break_ratio":0.278,"contrast_score":0.1389,"priority_reason":"Why flagged for remaking in Randall's Island: ortho paint-missing ratio, stripe-break ratio, marking contrast.","top_features":[{"feature":"paint_missing_ratio","label":"ortho paint-missing ratio","contribution":0.9181,"direction":"raises priority"},{"feature":"stripe_break_ratio","label":"stripe-break ratio","contribution":0.1959,"direction":"raises priority"},{"feature":"contrast_score","label":"marking contrast","contribution":0.1727,"direction":"raises priority"}],"matched_311_complaints":[],"google_maps_url":"https://www.google.com/maps?q=40.78893354363091,-73.91958108396354","image_url":"/images/nyc-9033140.jpg","thumbnail_url":"/images/nyc-9033140-thumb.jpg"}},{"type":"Feature","id":"nyc-34694","geometry":{"type":"Point","coordinates":[-73.82338938626076,40.703443279454355]},"properties":{"id":"nyc-34694","intersection_label":"Hillside Avenue & Alley","borough":"Queens","neighborhood":"Richmond Hill","neighborhood_id":"QN0902","model_score":0.6701,"heuristic_score":48.0,"severity_score":67,"school_zone":true,"pavement_marking_311_count_since_2020":0,"pedestrian_crash_count":0,"image_paint_score":0.4997,"paint_missing_ratio":0.7074,"stripe_break_ratio":0.2165,"contrast_score":0.4722,"priority_reason":"Why flagged for remaking in Richmond Hill: ortho paint-missing ratio, stripe-break ratio, ortho occlusion.","top_features":[{"feature":"paint_missing_ratio","label":"ortho paint-missing ratio","contribution":0.7955,"direction":"raises priority"},{"feature":"stripe_break_ratio","label":"stripe-break ratio","contribution":0.114,"direction":"raises priority"},{"feature":"occlusion_penalty","label":"ortho occlusion","contribution":0.0795,"direction":"raises priority"}],"matched_311_complaints":[],"google_maps_url":"https://www.google.com/maps?q=40.703443279454355,-73.82338938626076","image_url":"/images/nyc-34694.jpg","thumbnail_url":"/images/nyc-34694-thumb.jpg"}},{"type":"Feature","id":"nyc-41447","geometry":{"type":"Point","coordinates":[-73.93358833038434,40.744733498075085]},"properties":{"id":"nyc-41447","intersection_label":"Van Dam Street & Thomson Avenue","borough":"Queens","neighborhood":"Sunnyside","neighborhood_id":"QN0202","model_score":0.6692,"heuristic_score":65.0,"severity_score":67,"school_zone":false,"pavement_marking_311_count_since_2020":3,"pedestrian_crash_count":2,"image_paint_score":0.5936,"paint_missing_ratio":0.751,"stripe_break_ratio":0.2622,"contrast_score":0.1808,"priority_reason":"Why flagged for remaking in Sunnyside: ortho paint-missing ratio, stripe-break ratio, marking contrast.","top_features":[{"feature":"paint_missing_ratio","label":"ortho paint-missing ratio","contribution":0.8669,"direction":"raises priority"},{"feature":"stripe_break_ratio","label":"stripe-break ratio","contribution":0.1748,"direction":"raises priority"},{"feature":"contrast_score","label":"marking contrast","contribution":0.1583,"direction":"raises priority"}],"matched_311_complaints":[{"unique_key":"68473700","created_date":"2026-03-27T11:54:45.000","descriptor":"Line/Marking - Faded","incident_address":"45-65 VAN DAM STREET","url":"https://data.cityofnewyork.us/resource/erm2-nwe9.json?$select=unique_key,created_date,closed_date,agency,agency_name,complaint_type,descriptor,location_type,incident_address,status,resolution_description&$where=unique_key=%2768473700%27"},{"unique_key":"58929037","created_date":"2023-09-26T13:48:10.000","descriptor":"Line/Marking - Faded","incident_address":"QUEENS BOULEVARD","url":"https://data.cityofnewyork.us/resource/erm2-nwe9.json?$select=unique_key,created_date,closed_date,agency,agency_name,complaint_type,descriptor,location_type,incident_address,status,resolution_description&$where=unique_key=%2758929037%27"},{"unique_key":"54125058","created_date":"2022-05-09T12:38:12.000","descriptor":"Line/Marking - Faded","incident_address":"THOMSON AVENUE","url":"https://data.cityofnewyork.us/resource/erm2-nwe9.json?$select=unique_key,created_date,closed_date,agency,agency_name,complaint_type,descriptor,location_type,incident_address,status,resolution_description&$where=unique_key=%2754125058%27"}],"google_maps_url":"https://www.google.com/maps?q=40.744733498075085,-73.93358833038434","image_url":"/images/nyc-41447.jpg","thumbnail_url":"/images/nyc-41447-thumb.jpg"}},{"type":"Feature","id":"nyc-52879","geometry":{"type":"Point","coordinates":[-73.84999194340355,40.842851627722865]},"properties":{"id":"nyc-52879","intersection_label":"East Tremont Avenue & Lurting Avenue","borough":"Bronx","neighborhood":"Westchester Square","neighborhood_id":"BX1001","model_score":0.6689,"heuristic_score":55.0,"severity_score":67,"school_zone":false,"pavement_marking_311_count_since_2020":1,"pedestrian_crash_count":1,"image_paint_score":0.597,"paint_missing_ratio":0.6309,"stripe_break_ratio":0.5342,"contrast_score":0.3694,"priority_reason":"Why flagged for remaking in Westchester Square: ortho paint-missing ratio, stripe-break ratio, ortho occlusion.","top_features":[{"feature":"paint_missing_ratio","label":"ortho paint-missing ratio","contribution":0.6703,"direction":"raises priority"},{"feature":"stripe_break_ratio","label":"stripe-break ratio","contribution":0.537,"direction":"raises priority"},{"feature":"occlusion_penalty","label":"ortho occlusion","contribution":0.0965,"direction":"raises priority"}],"matched_311_complaints":[{"unique_key":"45942857","created_date":"2020-04-03T13:45:11.000","descriptor":"Line/Marking - After Repaving","incident_address":"2514 EAST TREMONT AVENUE","url":"https://data.cityofnewyork.us/resource/erm2-nwe9.json?$select=unique_key,created_date,closed_date,agency,agency_name,complaint_type,descriptor,location_type,incident_address,status,resolution_description&$where=unique_key=%2745942857%27"}],"google_maps_url":"https://www.google.com/maps?q=40.842851627722865,-73.84999194340355","image_url":"/images/nyc-52879.jpg","thumbnail_url":"/images/nyc-52879-thumb.jpg"}},{"type":"Feature","id":"nyc-12987","geometry":{"type":"Point","coordinates":[-73.98719210772812,40.59792604763345]},"properties":{"id":"nyc-12987","intersection_label":"86 Street & 25 Avenue","borough":"Brooklyn","neighborhood":"Gravesend (West)","neighborhood_id":"BK1103","model_score":0.6669,"heuristic_score":55.0,"severity_score":67,"school_zone":false,"pavement_marking_311_count_since_2020":2,"pedestrian_crash_count":5,"image_paint_score":0.5428,"paint_missing_ratio":0.7009,"stripe_break_ratio":0.4862,"contrast_score":0.7139,"priority_reason":"Why flagged for remaking in Gravesend (West): ortho paint-missing ratio, stripe-break ratio.","top_features":[{"feature":"paint_missing_ratio","label":"ortho paint-missing ratio","contribution":0.7849,"direction":"raises priority"},{"feature":"stripe_break_ratio","label":"stripe-break ratio","contribution":0.4731,"direction":"raises priority"},{"feature":"occlusion_penalty","label":"ortho occlusion","contribution":-0.0721,"direction":"lowers priority"}],"matched_311_complaints":[{"unique_key":"57552823","created_date":"2023-05-09T23:44:09.000","descriptor":"Line/Marking - Faded","incident_address":"25 AVENUE","url":"https://data.cityofnewyork.us/resource/erm2-nwe9.json?$select=unique_key,created_date,closed_date,agency,agency_name,complaint_type,descriptor,location_type,incident_address,status,resolution_description&$where=unique_key=%2757552823%27"},{"unique_key":"57552797","created_date":"2023-05-09T20:15:21.000","descriptor":"Line/Marking - Faded","incident_address":"25 AVENUE","url":"https://data.cityofnewyork.us/resource/erm2-nwe9.json?$select=unique_key,created_date,closed_date,agency,agency_name,complaint_type,descriptor,location_type,incident_address,status,resolution_description&$where=unique_key=%2757552797%27"}],"google_maps_url":"https://www.google.com/maps?q=40.59792604763345,-73.98719210772812","image_url":"/images/nyc-12987.jpg","thumbnail_url":"/images/nyc-12987-thumb.jpg"}},{"type":"Feature","id":"nyc-47835","geometry":{"type":"Point","coordinates":[-73.90073324493659,40.831299469156896]},"properties":{"id":"nyc-47835","intersection_label":"East 169 Street & Clinton Avenue","borough":"Bronx","neighborhood":"Morrisania","neighborhood_id":"BX0301","model_score":0.6652,"heuristic_score":38.0,"severity_score":67,"school_zone":true,"pavement_marking_311_count_since_2020":0,"pedestrian_crash_count":5,"image_paint_score":0.4296,"paint_missing_ratio":0.4166,"stripe_break_ratio":0.33,"contrast_score":0.3667,"priority_reason":"Why flagged for remaking in Morrisania: ortho paint-missing ratio, stripe-break ratio, ortho occlusion.","top_features":[{"feature":"paint_missing_ratio","label":"ortho paint-missing ratio","contribution":0.3195,"direction":"raises priority"},{"feature":"stripe_break_ratio","label":"stripe-break ratio","contribution":0.2651,"direction":"raises priority"},{"feature":"occlusion_penalty","label":"ortho occlusion","contribution":0.1081,"direction":"raises priority"}],"matched_311_complaints":[],"google_maps_url":"https://www.google.com/maps?q=40.831299469156896,-73.90073324493659","image_url":"/images/nyc-47835.jpg","thumbnail_url":"/images/nyc-47835-thumb.jpg"}},{"type":"Feature","id":"nyc-20655","geometry":{"type":"Point","coordinates":[-73.99459264975357,40.740441980766214]},"properties":{"id":"nyc-20655","intersection_label":"Avenue Of The Americas & West 19 Street","borough":"Manhattan","neighborhood":"Midtown South-Flatiron-Union Square","neighborhood_id":"MN0501","model_score":0.664,"heuristic_score":44.0,"severity_score":66,"school_zone":true,"pavement_marking_311_count_since_2020":0,"pedestrian_crash_count":6,"image_paint_score":0.4473,"paint_missing_ratio":0.6658,"stripe_break_ratio":0.1151,"contrast_score":0.4629,"priority_reason":"Why flagged for remaking in Midtown South-Flatiron-Union Square: ortho paint-missing ratio, marking contrast.","top_features":[{"feature":"paint_missing_ratio","label":"ortho paint-missing ratio","contribution":0.7274,"direction":"raises priority"},{"feature":"occlusion_penalty","label":"ortho occlusion","contribution":-0.2081,"direction":"lowers priority"},{"feature":"contrast_score","label":"marking contrast","contribution":0.0616,"direction":"raises priority"}],"matched_311_complaints":[],"google_maps_url":"https://www.google.com/maps?q=40.740441980766214,-73.99459264975357","image_url":"/images/nyc-20655.jpg","thumbnail_url":"/images/nyc-20655-thumb.jpg"}},{"type":"Feature","id":"nyc-23640","geometry":{"type":"Point","coordinates":[-73.95172338258921,40.77365653237129]},"properties":{"id":"nyc-23640","intersection_label":"1 Avenue & East 81 Street","borough":"Manhattan","neighborhood":"Upper East Side-Yorkville","neighborhood_id":"MN0803","model_score":0.6629,"heuristic_score":51.0,"severity_score":66,"school_zone":true,"pavement_marking_311_count_since_2020":0,"pedestrian_crash_count":1,"image_paint_score":0.4975,"paint_missing_ratio":0.8388,"stripe_break_ratio":0.03,"contrast_score":0.4522,"priority_reason":"Why flagged for remaking in Upper East Side-Yorkville: ortho paint-missing ratio.","top_features":[{"feature":"paint_missing_ratio","label":"ortho paint-missing ratio","contribution":1.0106,"direction":"raises priority"},{"feature":"occlusion_penalty","label":"ortho occlusion","contribution":-0.2078,"direction":"lowers priority"},{"feature":"stripe_break_ratio","label":"stripe-break ratio","contribution":-0.1343,"direction":"lowers priority"}],"matched_311_complaints":[],"google_maps_url":"https://www.google.com/maps?q=40.77365653237129,-73.95172338258921","image_url":"/images/nyc-23640.jpg","thumbnail_url":"/images/nyc-23640-thumb.jpg"}},{"type":"Feature","id":"nyc-23721","geometry":{"type":"Point","coordinates":[-73.94982390407274,40.78451556940236]},"properties":{"id":"nyc-23721","intersection_label":"3 Avenue & East 95 Street","borough":"Manhattan","neighborhood":"Upper East Side-Yorkville","neighborhood_id":"MN0803","model_score":0.6603,"heuristic_score":47.0,"severity_score":66,"school_zone":true,"pavement_marking_311_count_since_2020":0,"pedestrian_crash_count":4,"image_paint_score":0.4562,"paint_missing_ratio":0.7806,"stripe_break_ratio":0.0,"contrast_score":0.4751,"priority_reason":"Why flagged for remaking in Upper East Side-Yorkville: ortho paint-missing ratio.","top_features":[{"feature":"paint_missing_ratio","label":"ortho paint-missing ratio","contribution":0.9153,"direction":"raises priority"},{"feature":"occlusion_penalty","label":"ortho occlusion","contribution":-0.2087,"direction":"lowers priority"},{"feature":"stripe_break_ratio","label":"stripe-break ratio","contribution":-0.1743,"direction":"lowers priority"}],"matched_311_complaints":[],"google_maps_url":"https://www.google.com/maps?q=40.78451556940236,-73.94982390407274","image_url":"/images/nyc-23721.jpg","thumbnail_url":"/images/nyc-23721-thumb.jpg"}},{"type":"Feature","id":"nyc-3420","geometry":{"type":"Point","coordinates":[-74.16948145773448,40.57940007438942]},"properties":{"id":"nyc-3420","intersection_label":"Richmond Avenue & Platinum Avenue","borough":"Staten Island","neighborhood":"New Springville-Willowbrook-Bulls Head-Travis","neighborhood_id":"SI0204","model_score":0.6581,"heuristic_score":75.0,"severity_score":66,"school_zone":false,"pavement_marking_311_count_since_2020":8,"pedestrian_crash_count":1,"image_paint_score":0.5913,"paint_missing_ratio":0.9103,"stripe_break_ratio":0.0,"contrast_score":0.0917,"priority_reason":"Why flagged for remaking in New Springville-Willowbrook-Bulls Head-Travis: ortho paint-missing ratio, marking contrast.","top_features":[{"feature":"paint_missing_ratio","label":"ortho paint-missing ratio","contribution":1.1276,"direction":"raises priority"},{"feature":"contrast_score","label":"marking contrast","contribution":0.1889,"direction":"raises priority"},{"feature":"stripe_break_ratio","label":"stripe-break ratio","contribution":-0.1743,"direction":"lowers priority"}],"matched_311_complaints":[{"unique_key":"70086413","created_date":"2026-08-17T00:05:03.000","descriptor":"Line/Marking - Faded","incident_address":"PLATINUM AVENUE","url":"https://data.cityofnewyork.us/resource/erm2-nwe9.json?$select=unique_key,created_date,closed_date,agency,agency_name,complaint_type,descriptor,location_type,incident_address,status,resolution_description&$where=unique_key=%2770086413%27"},{"unique_key":"69390751","created_date":"2026-06-17T14:34:15.000","descriptor":"Line/Marking - Faded","incident_address":"RICHMOND AVENUE","url":"https://data.cityofnewyork.us/resource/erm2-nwe9.json?$select=unique_key,created_date,closed_date,agency,agency_name,complaint_type,descriptor,location_type,incident_address,status,resolution_description&$where=unique_key=%2769390751%27"},{"unique_key":"69260783","created_date":"2026-06-07T01:21:57.000","descriptor":"Line/Marking - Faded","incident_address":"PLATINUM AVENUE","url":"https://data.cityofnewyork.us/resource/erm2-nwe9.json?$select=unique_key,created_date,closed_date,agency,agency_name,complaint_type,descriptor,location_type,incident_address,status,resolution_description&$where=unique_key=%2769260783%27"}],"google_maps_url":"https://www.google.com/maps?q=40.57940007438942,-74.16948145773448","image_url":"/images/nyc-3420.jpg","thumbnail_url":"/images/nyc-3420-thumb.jpg"}},{"type":"Feature","id":"nyc-21624","geometry":{"type":"Point","coordinates":[-73.98669559323234,40.7716681838775]},"properties":{"id":"nyc-21624","intersection_label":"Amsterdam Avenue & West 61 Street","borough":"Manhattan","neighborhood":"Upper West Side-Lincoln Square","neighborhood_id":"MN0701","model_score":0.6571,"heuristic_score":49.0,"severity_score":66,"school_zone":true,"pavement_marking_311_count_since_2020":0,"pedestrian_crash_count":1,"image_paint_score":0.4914,"paint_missing_ratio":0.7392,"stripe_break_ratio":0.1319,"contrast_score":0.4369,"priority_reason":"Why flagged for remaking in Upper West Side-Lincoln Square: ortho paint-missing ratio, marking contrast.","top_features":[{"feature":"paint_missing_ratio","label":"ortho paint-missing ratio","contribution":0.8476,"direction":"raises priority"},{"feature":"occlusion_penalty","label":"ortho occlusion","contribution":-0.2085,"direction":"lowers priority"},{"feature":"contrast_score","label":"marking contrast","contribution":0.0705,"direction":"raises priority"}],"matched_311_complaints":[],"google_maps_url":"https://www.google.com/maps?q=40.7716681838775,-73.98669559323234","image_url":"/images/nyc-21624.jpg","thumbnail_url":"/images/nyc-21624-thumb.jpg"}},{"type":"Feature","id":"nyc-7441","geometry":{"type":"Point","coordinates":[-74.11059838220517,40.572626273731714]},"properties":{"id":"nyc-7441","intersection_label":"Clawson Street & Bache Avenue","borough":"Staten Island","neighborhood":"New Dorp-Midland Beach","neighborhood_id":"SI0202","model_score":0.6565,"heuristic_score":61.0,"severity_score":66,"school_zone":true,"pavement_marking_311_count_since_2020":8,"pedestrian_crash_count":0,"image_paint_score":0.4823,"paint_missing_ratio":0.6697,"stripe_break_ratio":0.255,"contrast_score":0.5417,"priority_reason":"Why flagged for remaking in New Dorp-Midland Beach: ortho paint-missing ratio, stripe-break ratio, ortho occlusion.","top_features":[{"feature":"paint_missing_ratio","label":"ortho paint-missing ratio","contribution":0.7338,"direction":"raises priority"},{"feature":"stripe_break_ratio","label":"stripe-break ratio","contribution":0.1653,"direction":"raises priority"},{"feature":"occlusion_penalty","label":"ortho occlusion","contribution":0.0923,"direction":"raises priority"}],"matched_311_complaints":[{"unique_key":"68461893","created_date":"2026-03-26T14:01:33.000","descriptor":"Line/Marking - Faded","incident_address":"168 BACHE AVENUE","url":"https://data.cityofnewyork.us/resource/erm2-nwe9.json?$select=unique_key,created_date,closed_date,agency,agency_name,complaint_type,descriptor,location_type,incident_address,status,resolution_description&$where=unique_key=%2768461893%27"},{"unique_key":"68269469","created_date":"2026-03-09T12:46:14.000","descriptor":"Line/Marking - Faded","incident_address":"168 BACHE AVENUE","url":"https://data.cityofnewyork.us/resource/erm2-nwe9.json?$select=unique_key,created_date,closed_date,agency,agency_name,complaint_type,descriptor,location_type,incident_address,status,resolution_description&$where=unique_key=%2768269469%27"},{"unique_key":"65506200","created_date":"2025-07-08T19:27:30.000","descriptor":"Line/Marking - Faded","incident_address":"168 BACHE AVENUE","url":"https://data.cityofnewyork.us/resource/erm2-nwe9.json?$select=unique_key,created_date,closed_date,agency,agency_name,complaint_type,descriptor,location_type,incident_address,status,resolution_description&$where=unique_key=%2765506200%27"}],"google_maps_url":"https://www.google.com/maps?q=40.572626273731714,-74.11059838220517","image_url":"/images/nyc-7441.jpg","thumbnail_url":"/images/nyc-7441-thumb.jpg"}},{"type":"Feature","id":"nyc-39958","geometry":{"type":"Point","coordinates":[-73.74732628091641,40.69149198009901]},"properties":{"id":"nyc-39958","intersection_label":"120 Avenue & 203 Street","borough":"Queens","neighborhood":"St. Albans","neighborhood_id":"QN1205","model_score":0.6556,"heuristic_score":53.0,"severity_score":66,"school_zone":false,"pavement_marking_311_count_since_2020":0,"pedestrian_crash_count":0,"image_paint_score":0.5978,"paint_missing_ratio":0.6545,"stripe_break_ratio":0.4727,"contrast_score":0.3111,"priority_reason":"Why flagged for remaking in St. Albans: ortho paint-missing ratio, stripe-break ratio, marking contrast.","top_features":[{"feature":"paint_missing_ratio","label":"ortho paint-missing ratio","contribution":0.7089,"direction":"raises priority"},{"feature":"stripe_break_ratio","label":"stripe-break ratio","contribution":0.4551,"direction":"raises priority"},{"feature":"contrast_score","label":"marking contrast","contribution":0.1137,"direction":"raises priority"}],"matched_311_complaints":[],"google_maps_url":"https://www.google.com/maps?q=40.69149198009901,-73.74732628091641","image_url":"/images/nyc-39958.jpg","thumbnail_url":"/images/nyc-39958-thumb.jpg"}},{"type":"Feature","id":"nyc-54424","geometry":{"type":"Point","coordinates":[-73.85033915096804,40.9034822423175]},"properties":{"id":"nyc-54424","intersection_label":"White Plains Road & East 241 Street","borough":"Bronx","neighborhood":"Wakefield-Woodlawn","neighborhood_id":"BX1203","model_score":0.6548,"heuristic_score":54.0,"severity_score":65,"school_zone":false,"pavement_marking_311_count_since_2020":1,"pedestrian_crash_count":8,"image_paint_score":0.5297,"paint_missing_ratio":0.822,"stripe_break_ratio":0.3598,"contrast_score":0.8306,"priority_reason":"Why flagged for remaking in Wakefield-Woodlawn: ortho paint-missing ratio, stripe-break ratio.","top_features":[{"feature":"paint_missing_ratio","label":"ortho paint-missing ratio","contribution":0.9831,"direction":"raises priority"},{"feature":"stripe_break_ratio","label":"stripe-break ratio","contribution":0.3048,"direction":"raises priority"},{"feature":"occlusion_penalty","label":"ortho occlusion","contribution":-0.1153,"direction":"lowers priority"}],"matched_311_complaints":[{"unique_key":"69838953","created_date":"2026-07-25T17:18:50.000","descriptor":"Line/Marking - After Repaving","incident_address":"EAST 241 STREET","url":"https://data.cityofnewyork.us/resource/erm2-nwe9.json?$select=unique_key,created_date,closed_date,agency,agency_name,complaint_type,descriptor,location_type,incident_address,status,resolution_description&$where=unique_key=%2769838953%27"}],"google_maps_url":"https://www.google.com/maps?q=40.9034822423175,-73.85033915096804","image_url":"/images/nyc-54424.jpg","thumbnail_url":"/images/nyc-54424-thumb.jpg"}},{"type":"Feature","id":"nyc-50978","geometry":{"type":"Point","coordinates":[-73.85695186821727,40.75813312731586]},"properties":{"id":"nyc-50978","intersection_label":"Northern Boulevard & 112 Place","borough":"Queens","neighborhood":"North Corona","neighborhood_id":"QN0303","model_score":0.6538,"heuristic_score":41.0,"severity_score":65,"school_zone":true,"pavement_marking_311_count_since_2020":0,"pedestrian_crash_count":1,"image_paint_score":0.4658,"paint_missing_ratio":0.5057,"stripe_break_ratio":0.4583,"contrast_score":0.6111,"priority_reason":"Why flagged for remaking in North Corona: ortho paint-missing ratio, stripe-break ratio, ortho occlusion.","top_features":[{"feature":"paint_missing_ratio","label":"ortho paint-missing ratio","contribution":0.4654,"direction":"raises priority"},{"feature":"stripe_break_ratio","label":"stripe-break ratio","contribution":0.436,"direction":"raises priority"},{"feature":"occlusion_penalty","label":"ortho occlusion","contribution":0.061,"direction":"raises priority"}],"matched_311_complaints":[],"google_maps_url":"https://www.google.com/maps?q=40.75813312731586,-73.85695186821727","image_url":"/images/nyc-50978.jpg","thumbnail_url":"/images/nyc-50978-thumb.jpg"}},{"type":"Feature","id":"nyc-43995","geometry":{"type":"Point","coordinates":[-73.91813727550382,40.8396068534448]},"properties":{"id":"nyc-43995","intersection_label":"Jerome Avenue & Elliot Place","borough":"Bronx","neighborhood":"Mount Eden-Claremont (West)","neighborhood_id":"BX0403","model_score":0.6522,"heuristic_score":45.0,"severity_score":65,"school_zone":true,"pavement_marking_311_count_since_2020":2,"pedestrian_crash_count":3,"image_paint_score":0.4403,"paint_missing_ratio":0.5411,"stripe_break_ratio":0.5193,"contrast_score":0.925,"priority_reason":"Why flagged for remaking in Mount Eden-Claremont (West): ortho paint-missing ratio, stripe-break ratio.","top_features":[{"feature":"paint_missing_ratio","label":"ortho paint-missing ratio","contribution":0.5233,"direction":"raises priority"},{"feature":"stripe_break_ratio","label":"stripe-break ratio","contribution":0.5172,"direction":"raises priority"},{"feature":"occlusion_penalty","label":"ortho occlusion","contribution":-0.0996,"direction":"lowers priority"}],"matched_311_complaints":[{"unique_key":"53836253","created_date":"2022-04-05T17:12:42.000","descriptor":"Line/Marking - Faded","incident_address":"1362 JEROME AVENUE","url":"https://data.cityofnewyork.us/resource/erm2-nwe9.json?$select=unique_key,created_date,closed_date,agency,agency_name,complaint_type,descriptor,location_type,incident_address,status,resolution_description&$where=unique_key=%2753836253%27"},{"unique_key":"53713937","created_date":"2022-03-22T17:29:03.000","descriptor":"Line/Marking - Faded","incident_address":"1359 PLAZA DRIVE","url":"https://data.cityofnewyork.us/resource/erm2-nwe9.json?$select=unique_key,created_date,closed_date,agency,agency_name,complaint_type,descriptor,location_type,incident_address,status,resolution_description&$where=unique_key=%2753713937%27"}],"google_maps_url":"https://www.google.com/maps?q=40.8396068534448,-73.91813727550382","image_url":"/images/nyc-43995.jpg","thumbnail_url":"/images/nyc-43995-thumb.jpg"}},{"type":"Feature","id":"nyc-31580","geometry":{"type":"Point","coordinates":[-73.85540810183109,40.67065425990659]},"properties":{"id":"nyc-31580","intersection_label":"Linden Boulevard & Connector Road To Linden Blvd","borough":"Queens","neighborhood":"Howard Beach-Lindenwood","neighborhood_id":"QN1003","model_score":0.6509,"heuristic_score":46.0,"severity_score":65,"school_zone":true,"pavement_marking_311_count_since_2020":0,"pedestrian_crash_count":0,"image_paint_score":0.479,"paint_missing_ratio":0.6389,"stripe_break_ratio":0.1978,"contrast_score":0.3889,"priority_reason":"Why flagged for remaking in Howard Beach-Lindenwood: ortho paint-missing ratio, ortho occlusion, stripe-break ratio.","top_features":[{"feature":"paint_missing_ratio","label":"ortho paint-missing ratio","contribution":0.6834,"direction":"raises priority"},{"feature":"occlusion_penalty","label":"ortho occlusion","contribution":0.1079,"direction":"raises priority"},{"feature":"stripe_break_ratio","label":"stripe-break ratio","contribution":0.0891,"direction":"raises priority"}],"matched_311_complaints":[],"google_maps_url":"https://www.google.com/maps?q=40.67065425990659,-73.85540810183109","image_url":"/images/nyc-31580.jpg","thumbnail_url":"/images/nyc-31580-thumb.jpg"}},{"type":"Feature","id":"nyc-3524","geometry":{"type":"Point","coordinates":[-74.16329246210725,40.60168211812509]},"properties":{"id":"nyc-3524","intersection_label":"Richmond Avenue & Signs Road","borough":"Staten Island","neighborhood":"New Springville-Willowbrook-Bulls Head-Travis","neighborhood_id":"SI0204","model_score":0.6479,"heuristic_score":72.0,"severity_score":65,"school_zone":false,"pavement_marking_311_count_since_2020":5,"pedestrian_crash_count":2,"image_paint_score":0.5666,"paint_missing_ratio":0.8684,"stripe_break_ratio":0.0,"contrast_score":0.1207,"priority_reason":"Why flagged for remaking in New Springville-Willowbrook-Bulls Head-Travis: ortho paint-missing ratio, marking contrast.","top_features":[{"feature":"paint_missing_ratio","label":"ortho paint-missing ratio","contribution":1.0591,"direction":"raises priority"},{"feature":"contrast_score","label":"marking contrast","contribution":0.1789,"direction":"raises priority"},{"feature":"stripe_break_ratio","label":"stripe-break ratio","contribution":-0.1743,"direction":"lowers priority"}],"matched_311_complaints":[{"unique_key":"69393618","created_date":"2026-06-17T14:32:31.000","descriptor":"Line/Marking - Faded","incident_address":"RICHMOND AVENUE","url":"https://data.cityofnewyork.us/resource/erm2-nwe9.json?$select=unique_key,created_date,closed_date,agency,agency_name,complaint_type,descriptor,location_type,incident_address,status,resolution_description&$where=unique_key=%2769393618%27"},{"unique_key":"69037501","created_date":"2026-05-18T15:08:33.000","descriptor":"Line/Marking - Faded","incident_address":"RICHMOND AVENUE","url":"https://data.cityofnewyork.us/resource/erm2-nwe9.json?$select=unique_key,created_date,closed_date,agency,agency_name,complaint_type,descriptor,location_type,incident_address,status,resolution_description&$where=unique_key=%2769037501%27"},{"unique_key":"51756047","created_date":"2021-09-05T15:27:09.000","descriptor":"Line/Marking - Faded","incident_address":"RICHMOND AVENUE","url":"https://data.cityofnewyork.us/resource/erm2-nwe9.json?$select=unique_key,created_date,closed_date,agency,agency_name,complaint_type,descriptor,location_type,incident_address,status,resolution_description&$where=unique_key=%2751756047%27"}],"google_maps_url":"https://www.google.com/maps?q=40.60168211812509,-74.16329246210725","image_url":"/images/nyc-3524.jpg","thumbnail_url":"/images/nyc-3524-thumb.jpg"}},{"type":"Feature","id":"nyc-36332","geometry":{"type":"Point","coordinates":[-73.78901747117128,40.673158194298985]},"properties":{"id":"nyc-36332","intersection_label":"Rockaway Boulevard & 149 Street","borough":"Queens","neighborhood":"Baisley Park","neighborhood_id":"QN1203","model_score":0.6477,"heuristic_score":41.0,"severity_score":65,"school_zone":true,"pavement_marking_311_count_since_2020":0,"pedestrian_crash_count":2,"image_paint_score":0.4478,"paint_missing_ratio":0.5209,"stripe_break_ratio":0.305,"contrast_score":0.4667,"priority_reason":"Why flagged for remaking in Baisley Park: ortho paint-missing ratio, stripe-break ratio, ortho occlusion.","top_features":[{"feature":"paint_missing_ratio","label":"ortho paint-missing ratio","contribution":0.4903,"direction":"raises priority"},{"feature":"stripe_break_ratio","label":"stripe-break ratio","contribution":0.2318,"direction":"raises priority"},{"feature":"occlusion_penalty","label":"ortho occlusion","contribution":0.0995,"direction":"raises priority"}],"matched_311_complaints":[],"google_maps_url":"https://www.google.com/maps?q=40.673158194298985,-73.78901747117128","image_url":"/images/nyc-36332.jpg","thumbnail_url":"/images/nyc-36332-thumb.jpg"}},{"type":"Feature","id":"nyc-48666","geometry":{"type":"Point","coordinates":[-73.9010796697877,40.8627563835341]},"properties":{"id":"nyc-48666","intersection_label":"Jerome Avenue & East Fordham Road","borough":"Bronx","neighborhood":"Fordham Heights","neighborhood_id":"BX0503","model_score":0.647,"heuristic_score":43.0,"severity_score":65,"school_zone":true,"pavement_marking_311_count_since_2020":0,"pedestrian_crash_count":28,"image_paint_score":0.4205,"paint_missing_ratio":0.7612,"stripe_break_ratio":0.1069,"contrast_score":0.7972,"priority_reason":"Why flagged for remaking in Fordham Heights: ortho paint-missing ratio.","top_features":[{"feature":"paint_missing_ratio","label":"ortho paint-missing ratio","contribution":0.8836,"direction":"raises priority"},{"feature":"occlusion_penalty","label":"ortho occlusion","contribution":-0.2025,"direction":"lowers priority"},{"feature":"contrast_score","label":"marking contrast","contribution":-0.053,"direction":"lowers priority"}],"matched_311_complaints":[],"google_maps_url":"https://www.google.com/maps?q=40.8627563835341,-73.9010796697877","image_url":"/images/nyc-48666.jpg","thumbnail_url":"/images/nyc-48666-thumb.jpg"}},{"type":"Feature","id":"nyc-52426","geometry":{"type":"Point","coordinates":[-73.86740207129913,40.84029027583308]},"properties":{"id":"nyc-52426","intersection_label":"East Tremont Avenue & Beach Avenue","borough":"Bronx","neighborhood":"Soundview-Bruckner-Bronx River","neighborhood_id":"BX0901","model_score":0.6464,"heuristic_score":52.0,"severity_score":65,"school_zone":false,"pavement_marking_311_count_since_2020":0,"pedestrian_crash_count":0,"image_paint_score":0.5847,"paint_missing_ratio":0.6529,"stripe_break_ratio":0.4756,"contrast_score":0.3778,"priority_reason":"Why flagged for remaking in Soundview-Bruckner-Bronx River: ortho paint-missing ratio, stripe-break ratio, ortho occlusion.","top_features":[{"feature":"paint_missing_ratio","label":"ortho paint-missing ratio","contribution":0.7063,"direction":"raises priority"},{"feature":"stripe_break_ratio","label":"stripe-break ratio","contribution":0.459,"direction":"raises priority"},{"feature":"occlusion_penalty","label":"ortho occlusion","contribution":0.1036,"direction":"raises priority"}],"matched_311_complaints":[],"google_maps_url":"https://www.google.com/maps?q=40.84029027583308,-73.86740207129913","image_url":"/images/nyc-52426.jpg","thumbnail_url":"/images/nyc-52426-thumb.jpg"}},{"type":"Feature","id":"nyc-36167","geometry":{"type":"Point","coordinates":[-73.79792189446478,40.674050066232304]},"properties":{"id":"nyc-36167","intersection_label":"Rockaway Boulevard & 142 Place","borough":"Queens","neighborhood":"Baisley Park","neighborhood_id":"QN1203","model_score":0.6448,"heuristic_score":40.0,"severity_score":64,"school_zone":true,"pavement_marking_311_count_since_2020":0,"pedestrian_crash_count":2,"image_paint_score":0.444,"paint_missing_ratio":0.4985,"stripe_break_ratio":0.353,"contrast_score":0.5194,"priority_reason":"Why flagged for remaking in Baisley Park: ortho paint-missing ratio, stripe-break ratio, ortho occlusion.","top_features":[{"feature":"paint_missing_ratio","label":"ortho paint-missing ratio","contribution":0.4536,"direction":"raises priority"},{"feature":"stripe_break_ratio","label":"stripe-break ratio","contribution":0.2957,"direction":"raises priority"},{"feature":"occlusion_penalty","label":"ortho occlusion","contribution":0.0867,"direction":"raises priority"}],"matched_311_complaints":[],"google_maps_url":"https://www.google.com/maps?q=40.674050066232304,-73.79792189446478","image_url":"/images/nyc-36167.jpg","thumbnail_url":"/images/nyc-36167-thumb.jpg"}},{"type":"Feature","id":"nyc-9059181","geometry":{"type":"Point","coordinates":[-73.83293717319256,40.875915074807565]},"properties":{"id":"nyc-9059181","intersection_label":"Donizetti Place & Co-op City Sect 1 Ped Path","borough":"Bronx","neighborhood":"Co-op City","neighborhood_id":"BX1004","model_score":0.6447,"heuristic_score":42.0,"severity_score":64,"school_zone":true,"pavement_marking_311_count_since_2020":0,"pedestrian_crash_count":0,"image_paint_score":0.4731,"paint_missing_ratio":0.5015,"stripe_break_ratio":0.3593,"contrast_score":0.3917,"priority_reason":"Why flagged for remaking in Co-op City: ortho paint-missing ratio, stripe-break ratio, marking contrast.","top_features":[{"feature":"paint_missing_ratio","label":"ortho paint-missing ratio","contribution":0.4585,"direction":"raises priority"},{"feature":"stripe_break_ratio","label":"stripe-break ratio","contribution":0.3041,"direction":"raises priority"},{"feature":"contrast_score","label":"marking contrast","contribution":0.086,"direction":"raises priority"}],"matched_311_complaints":[],"google_maps_url":"https://www.google.com/maps?q=40.875915074807565,-73.83293717319256","image_url":"/images/nyc-9059181.jpg","thumbnail_url":"/images/nyc-9059181-thumb.jpg"}},{"type":"Feature","id":"nyc-37046","geometry":{"type":"Point","coordinates":[-73.79776810191171,40.70914318794909]},"properties":{"id":"nyc-37046","intersection_label":"Hillside Avenue & 165 Street","borough":"Queens","neighborhood":"Jamaica","neighborhood_id":"QN1201","model_score":0.6415,"heuristic_score":47.0,"severity_score":64,"school_zone":true,"pavement_marking_311_count_since_2020":0,"pedestrian_crash_count":0,"image_paint_score":0.4855,"paint_missing_ratio":0.7074,"stripe_break_ratio":0.1925,"contrast_score":0.5011,"priority_reason":"Why flagged for remaking in Jamaica: ortho paint-missing ratio, stripe-break ratio.","top_features":[{"feature":"paint_missing_ratio","label":"ortho paint-missing ratio","contribution":0.7955,"direction":"raises priority"},{"feature":"occlusion_penalty","label":"ortho occlusion","contribution":-0.2053,"direction":"lowers priority"},{"feature":"stripe_break_ratio","label":"stripe-break ratio","contribution":0.082,"direction":"raises priority"}],"matched_311_complaints":[],"google_maps_url":"https://www.google.com/maps?q=40.70914318794909,-73.79776810191171","image_url":"/images/nyc-37046.jpg","thumbnail_url":"/images/nyc-37046-thumb.jpg"}},{"type":"Feature","id":"nyc-15043","geometry":{"type":"Point","coordinates":[-73.98017161061244,40.66115465809011]},"properties":{"id":"nyc-15043","intersection_label":"Prospect Park West & 15 Street","borough":"Brooklyn","neighborhood":"Prospect Park","neighborhood_id":"BK5591","model_score":0.6405,"heuristic_score":57.0,"severity_score":64,"school_zone":true,"pavement_marking_311_count_since_2020":8,"pedestrian_crash_count":0,"image_paint_score":0.4664,"paint_missing_ratio":0.5271,"stripe_break_ratio":0.3501,"contrast_score":0.4667,"priority_reason":"Why flagged for remaking in Prospect Park: ortho paint-missing ratio, stripe-break ratio, ortho occlusion.","top_features":[{"feature":"paint_missing_ratio","label":"ortho paint-missing ratio","contribution":0.5004,"direction":"raises priority"},{"feature":"stripe_break_ratio","label":"stripe-break ratio","contribution":0.2919,"direction":"raises priority"},{"feature":"occlusion_penalty","label":"ortho occlusion","contribution":0.0904,"direction":"raises priority"}],"matched_311_complaints":[{"unique_key":"61167126","created_date":"2024-05-15T11:09:03.000","descriptor":"Line/Marking - Faded","incident_address":"206 PROSPECT PARK WEST","url":"https://data.cityofnewyork.us/resource/erm2-nwe9.json?$select=unique_key,created_date,closed_date,agency,agency_name,complaint_type,descriptor,location_type,incident_address,status,resolution_description&$where=unique_key=%2761167126%27"},{"unique_key":"61158872","created_date":"2024-05-14T13:20:53.000","descriptor":"Line/Marking - Faded","incident_address":"196 PROSPECT PARK WEST","url":"https://data.cityofnewyork.us/resource/erm2-nwe9.json?$select=unique_key,created_date,closed_date,agency,agency_name,complaint_type,descriptor,location_type,incident_address,status,resolution_description&$where=unique_key=%2761158872%27"},{"unique_key":"61158873","created_date":"2024-05-14T12:38:23.000","descriptor":"Line/Marking - Faded","incident_address":"195 PROSPECT PARK WEST","url":"https://data.cityofnewyork.us/resource/erm2-nwe9.json?$select=unique_key,created_date,closed_date,agency,agency_name,complaint_type,descriptor,location_type,incident_address,status,resolution_description&$where=unique_key=%2761158873%27"}],"google_maps_url":"https://www.google.com/maps?q=40.66115465809011,-73.98017161061244","image_url":"/images/nyc-15043.jpg","thumbnail_url":"/images/nyc-15043-thumb.jpg"}},{"type":"Feature","id":"nyc-23312","geometry":{"type":"Point","coordinates":[-73.97592984761133,40.79552653875192]},"properties":{"id":"nyc-23312","intersection_label":"Riverside Drive & West 95 Street","borough":"Manhattan","neighborhood":"Upper West Side (Central)","neighborhood_id":"MN0702","model_score":0.64,"heuristic_score":47.0,"severity_score":64,"school_zone":true,"pavement_marking_311_count_since_2020":2,"pedestrian_crash_count":1,"image_paint_score":0.4589,"paint_missing_ratio":0.6189,"stripe_break_ratio":0.4963,"contrast_score":0.9667,"priority_reason":"Why flagged for remaking in Upper West Side (Central): ortho paint-missing ratio, stripe-break ratio.","top_features":[{"feature":"paint_missing_ratio","label":"ortho paint-missing ratio","contribution":0.6507,"direction":"raises priority"},{"feature":"stripe_break_ratio","label":"stripe-break ratio","contribution":0.4865,"direction":"raises priority"},{"feature":"occlusion_penalty","label":"ortho occlusion","contribution":-0.2087,"direction":"lowers priority"}],"matched_311_complaints":[{"unique_key":"64508900","created_date":"2025-03-30T12:04:40.000","descriptor":"Line/Marking - Faded","incident_address":"RIVERSIDE DRIVE","url":"https://data.cityofnewyork.us/resource/erm2-nwe9.json?$select=unique_key,created_date,closed_date,agency,agency_name,complaint_type,descriptor,location_type,incident_address,status,resolution_description&$where=unique_key=%2764508900%27"},{"unique_key":"52323080","created_date":"2021-10-27T21:58:41.000","descriptor":"Line/Marking - Faded","incident_address":"227 RIVERSIDE DRIVE","url":"https://data.cityofnewyork.us/resource/erm2-nwe9.json?$select=unique_key,created_date,closed_date,agency,agency_name,complaint_type,descriptor,location_type,incident_address,status,resolution_description&$where=unique_key=%2752323080%27"}],"google_maps_url":"https://www.google.com/maps?q=40.79552653875192,-73.97592984761133","image_url":"/images/nyc-23312.jpg","thumbnail_url":"/images/nyc-23312-thumb.jpg"}},{"type":"Feature","id":"nyc-21192","geometry":{"type":"Point","coordinates":[-73.99993697193649,40.74839931848283]},"properties":{"id":"nyc-21192","intersection_label":"9 Avenue & West 26 Street","borough":"Manhattan","neighborhood":"Chelsea-Hudson Yards","neighborhood_id":"MN0401","model_score":0.6377,"heuristic_score":45.0,"severity_score":64,"school_zone":true,"pavement_marking_311_count_since_2020":0,"pedestrian_crash_count":4,"image_paint_score":0.4333,"paint_missing_ratio":0.7146,"stripe_break_ratio":0.0,"contrast_score":0.4415,"priority_reason":"Why flagged for remaking in Chelsea-Hudson Yards: ortho paint-missing ratio.","top_features":[{"feature":"paint_missing_ratio","label":"ortho paint-missing ratio","contribution":0.8073,"direction":"raises priority"},{"feature":"occlusion_penalty","label":"ortho occlusion","contribution":-0.2075,"direction":"lowers priority"},{"feature":"stripe_break_ratio","label":"stripe-break ratio","contribution":-0.1743,"direction":"lowers priority"}],"matched_311_complaints":[],"google_maps_url":"https://www.google.com/maps?q=40.74839931848283,-73.99993697193649","image_url":"/images/nyc-21192.jpg","thumbnail_url":"/images/nyc-21192-thumb.jpg"}},{"type":"Feature","id":"nyc-38808","geometry":{"type":"Point","coordinates":[-73.75815940084185,40.665636887441686]},"properties":{"id":"nyc-38808","intersection_label":"Springfield Boulevard & South Conduit Avenue","borough":"Queens","neighborhood":"Springfield Gardens (South)-Brookville","neighborhood_id":"QN1306","model_score":0.6374,"heuristic_score":50.0,"severity_score":64,"school_zone":true,"pavement_marking_311_count_since_2020":8,"pedestrian_crash_count":3,"image_paint_score":0.4224,"paint_missing_ratio":0.351,"stripe_break_ratio":0.4698,"contrast_score":0.5,"priority_reason":"Why flagged for remaking in Springfield Gardens (South)-Brookville: stripe-break ratio, ortho paint-missing ratio, ortho occlusion.","top_features":[{"feature":"stripe_break_ratio","label":"stripe-break ratio","contribution":0.4513,"direction":"raises priority"},{"feature":"paint_missing_ratio","label":"ortho paint-missing ratio","contribution":0.2122,"direction":"raises priority"},{"feature":"occlusion_penalty","label":"ortho occlusion","contribution":0.0988,"direction":"raises priority"}],"matched_311_complaints":[{"unique_key":"54337176","created_date":"2022-05-31T12:42:19.000","descriptor":"Line/Marking - Faded","incident_address":"SOUTH CONDUIT AVENUE","url":"https://data.cityofnewyork.us/resource/erm2-nwe9.json?$select=unique_key,created_date,closed_date,agency,agency_name,complaint_type,descriptor,location_type,incident_address,status,resolution_description&$where=unique_key=%2754337176%27"},{"unique_key":"54197438","created_date":"2022-05-17T21:16:22.000","descriptor":"Line/Marking - Faded","incident_address":"SOUTH CONDUIT AVENUE","url":"https://data.cityofnewyork.us/resource/erm2-nwe9.json?$select=unique_key,created_date,closed_date,agency,agency_name,complaint_type,descriptor,location_type,incident_address,status,resolution_description&$where=unique_key=%2754197438%27"},{"unique_key":"52929204","created_date":"2021-12-30T13:33:22.000","descriptor":"Line/Marking - Faded","incident_address":"SOUTH CONDUIT AVENUE","url":"https://data.cityofnewyork.us/resource/erm2-nwe9.json?$select=unique_key,created_date,closed_date,agency,agency_name,complaint_type,descriptor,location_type,incident_address,status,resolution_description&$where=unique_key=%2752929204%27"}],"google_maps_url":"https://www.google.com/maps?q=40.665636887441686,-73.75815940084185","image_url":"/images/nyc-38808.jpg","thumbnail_url":"/images/nyc-38808-thumb.jpg"}},{"type":"Feature","id":"nyc-44644","geometry":{"type":"Point","coordinates":[-73.91568099016733,40.86888848905939]},"properties":{"id":"nyc-44644","intersection_label":"10 Avenue & West 214 Street","borough":"Manhattan","neighborhood":"Inwood","neighborhood_id":"MN1203","model_score":0.6372,"heuristic_score":43.0,"severity_score":64,"school_zone":true,"pavement_marking_311_count_since_2020":1,"pedestrian_crash_count":0,"image_paint_score":0.4621,"paint_missing_ratio":0.5662,"stripe_break_ratio":0.5924,"contrast_score":1.0,"priority_reason":"Why flagged for remaking in Inwood: stripe-break ratio, ortho paint-missing ratio.","top_features":[{"feature":"stripe_break_ratio","label":"stripe-break ratio","contribution":0.6145,"direction":"raises priority"},{"feature":"paint_missing_ratio","label":"ortho paint-missing ratio","contribution":0.5644,"direction":"raises priority"},{"feature":"contrast_score","label":"marking contrast","contribution":-0.1226,"direction":"lowers priority"}],"matched_311_complaints":[{"unique_key":"58478123","created_date":"2023-08-12T00:35:44.000","descriptor":"Line/Marking - Faded","incident_address":"501 WEST  214 STREET","url":"https://data.cityofnewyork.us/resource/erm2-nwe9.json?$select=unique_key,created_date,closed_date,agency,agency_name,complaint_type,descriptor,location_type,incident_address,status,resolution_description&$where=unique_key=%2758478123%27"}],"google_maps_url":"https://www.google.com/maps?q=40.86888848905939,-73.91568099016733","image_url":"/images/nyc-44644.jpg","thumbnail_url":"/images/nyc-44644-thumb.jpg"}},{"type":"Feature","id":"nyc-21619","geometry":{"type":"Point","coordinates":[-73.9895378594726,40.77286366960283]},"properties":{"id":"nyc-21619","intersection_label":"West End Avenue & West 61 Street","borough":"Manhattan","neighborhood":"Upper West Side-Lincoln Square","neighborhood_id":"MN0701","model_score":0.6357,"heuristic_score":47.0,"severity_score":64,"school_zone":true,"pavement_marking_311_count_since_2020":0,"pedestrian_crash_count":2,"image_paint_score":0.4564,"paint_missing_ratio":0.751,"stripe_break_ratio":0.0175,"contrast_score":0.4385,"priority_reason":"Why flagged for remaking in Upper West Side-Lincoln Square: ortho paint-missing ratio.","top_features":[{"feature":"paint_missing_ratio","label":"ortho paint-missing ratio","contribution":0.8669,"direction":"raises priority"},{"feature":"occlusion_penalty","label":"ortho occlusion","contribution":-0.2079,"direction":"lowers priority"},{"feature":"stripe_break_ratio","label":"stripe-break ratio","contribution":-0.151,"direction":"lowers priority"}],"matched_311_complaints":[],"google_maps_url":"https://www.google.com/maps?q=40.77286366960283,-73.9895378594726","image_url":"/images/nyc-21619.jpg","thumbnail_url":"/images/nyc-21619-thumb.jpg"}},{"type":"Feature","id":"nyc-55520","geometry":{"type":"Point","coordinates":[-73.82779504814653,40.76015121251728]},"properties":{"id":"nyc-55520","intersection_label":"Roosevelt Avenue & Lippmann Plaza","borough":"Queens","neighborhood":"Flushing-Willets Point","neighborhood_id":"QN0707","model_score":0.6352,"heuristic_score":71.0,"severity_score":64,"school_zone":false,"pavement_marking_311_count_since_2020":7,"pedestrian_crash_count":1,"image_paint_score":0.5752,"paint_missing_ratio":0.8424,"stripe_break_ratio":0.1853,"contrast_score":0.3438,"priority_reason":"Why flagged for remaking in Flushing-Willets Point: ortho paint-missing ratio, marking contrast.","top_features":[{"feature":"paint_missing_ratio","label":"ortho paint-missing ratio","contribution":1.0165,"direction":"raises priority"},{"feature":"occlusion_penalty","label":"ortho occlusion","contribution":-0.1683,"direction":"lowers priority"},{"feature":"contrast_score","label":"marking contrast","contribution":0.1024,"direction":"raises priority"}],"matched_311_complaints":[{"unique_key":"61603104","created_date":"2024-06-25T14:32:15.000","descriptor":"Line/Marking - After Repaving","incident_address":"136-61 ROOSEVELT AVENUE","url":"https://data.cityofnewyork.us/resource/erm2-nwe9.json?$select=unique_key,created_date,closed_date,agency,agency_name,complaint_type,descriptor,location_type,incident_address,status,resolution_description&$where=unique_key=%2761603104%27"},{"unique_key":"61407894","created_date":"2024-06-07T14:43:15.000","descriptor":"Line/Marking - After Repaving","incident_address":"136-61 ROOSEVELT AVENUE","url":"https://data.cityofnewyork.us/resource/erm2-nwe9.json?$select=unique_key,created_date,closed_date,agency,agency_name,complaint_type,descriptor,location_type,incident_address,status,resolution_description&$where=unique_key=%2761407894%27"},{"unique_key":"60982633","created_date":"2024-04-26T07:39:53.000","descriptor":"Line/Marking - After Repaving","incident_address":"136-92 ROOSEVELT AVENUE","url":"https://data.cityofnewyork.us/resource/erm2-nwe9.json?$select=unique_key,created_date,closed_date,agency,agency_name,complaint_type,descriptor,location_type,incident_address,status,resolution_description&$where=unique_key=%2760982633%27"}],"google_maps_url":"https://www.google.com/maps?q=40.76015121251728,-73.82779504814653","image_url":"/images/nyc-55520.jpg","thumbnail_url":"/images/nyc-55520-thumb.jpg"}},{"type":"Feature","id":"nyc-51977","geometry":{"type":"Point","coordinates":[-73.86388320784728,40.82127003046406]},"properties":{"id":"nyc-51977","intersection_label":"Lafayette Avenue & Beach Avenue","borough":"Bronx","neighborhood":"Soundview-Clason Point","neighborhood_id":"BX0902","model_score":0.635,"heuristic_score":38.0,"severity_score":64,"school_zone":true,"pavement_marking_311_count_since_2020":0,"pedestrian_crash_count":1,"image_paint_score":0.456,"paint_missing_ratio":0.4034,"stripe_break_ratio":0.4857,"contrast_score":0.4778,"priority_reason":"Why flagged for remaking in Soundview-Clason Point: stripe-break ratio, ortho paint-missing ratio.","top_features":[{"feature":"stripe_break_ratio","label":"stripe-break ratio","contribution":0.4724,"direction":"raises priority"},{"feature":"paint_missing_ratio","label":"ortho paint-missing ratio","contribution":0.2979,"direction":"raises priority"},{"feature":"occlusion_penalty","label":"ortho occlusion","contribution":-0.0599,"direction":"lowers priority"}],"matched_311_complaints":[],"google_maps_url":"https://www.google.com/maps?q=40.82127003046406,-73.86388320784728","image_url":"/images/nyc-51977.jpg","thumbnail_url":"/images/nyc-51977-thumb.jpg"}},{"type":"Feature","id":"nyc-52954","geometry":{"type":"Point","coordinates":[-73.8466777861986,40.83679427145238]},"properties":{"id":"nyc-52954","intersection_label":"Westchester Avenue & Zerega Avenue","borough":"Bronx","neighborhood":"Westchester Square","neighborhood_id":"BX1001","model_score":0.6337,"heuristic_score":48.0,"severity_score":63,"school_zone":true,"pavement_marking_311_count_since_2020":1,"pedestrian_crash_count":2,"image_paint_score":0.4357,"paint_missing_ratio":0.7323,"stripe_break_ratio":0.0286,"contrast_score":0.5194,"priority_reason":"Why flagged for remaking in Westchester Square: ortho paint-missing ratio, ortho occlusion.","top_features":[{"feature":"paint_missing_ratio","label":"ortho paint-missing ratio","contribution":0.8363,"direction":"raises priority"},{"feature":"stripe_break_ratio","label":"stripe-break ratio","contribution":-0.1362,"direction":"lowers priority"},{"feature":"occlusion_penalty","label":"ortho occlusion","contribution":0.0471,"direction":"raises priority"}],"matched_311_complaints":[{"unique_key":"69750733","created_date":"2026-07-17T22:13:08.000","descriptor":"Line/Marking - After Repaving","incident_address":"WESTCHESTER AVENUE","url":"https://data.cityofnewyork.us/resource/erm2-nwe9.json?$select=unique_key,created_date,closed_date,agency,agency_name,complaint_type,descriptor,location_type,incident_address,status,resolution_description&$where=unique_key=%2769750733%27"}],"google_maps_url":"https://www.google.com/maps?q=40.83679427145238,-73.8466777861986","image_url":"/images/nyc-52954.jpg","thumbnail_url":"/images/nyc-52954-thumb.jpg"}},{"type":"Feature","id":"nyc-33716","geometry":{"type":"Point","coordinates":[-73.8330147004185,40.67858886069023]},"properties":{"id":"nyc-33716","intersection_label":"Rockaway Boulevard & 106 Street","borough":"Queens","neighborhood":"South Ozone Park","neighborhood_id":"QN1001","model_score":0.6293,"heuristic_score":42.0,"severity_score":63,"school_zone":true,"pavement_marking_311_count_since_2020":0,"pedestrian_crash_count":0,"image_paint_score":0.4609,"paint_missing_ratio":0.5352,"stripe_break_ratio":0.2891,"contrast_score":0.4056,"priority_reason":"Why flagged for remaking in South Ozone Park: ortho paint-missing ratio, stripe-break ratio, marking contrast.","top_features":[{"feature":"paint_missing_ratio","label":"ortho paint-missing ratio","contribution":0.5137,"direction":"raises priority"},{"feature":"stripe_break_ratio","label":"stripe-break ratio","contribution":0.2107,"direction":"raises priority"},{"feature":"contrast_score","label":"marking contrast","contribution":0.0812,"direction":"raises priority"}],"matched_311_complaints":[],"google_maps_url":"https://www.google.com/maps?q=40.67858886069023,-73.8330147004185","image_url":"/images/nyc-33716.jpg","thumbnail_url":"/images/nyc-33716-thumb.jpg"}},{"type":"Feature","id":"nyc-9698","geometry":{"type":"Point","coordinates":[-74.0868258453821,40.58660815529634]},"properties":{"id":"nyc-9698","intersection_label":"Mason Avenue & Alter Avenue","borough":"Staten Island","neighborhood":"Grasmere-Arrochar-South Beach-Dongan Hills","neighborhood_id":"SI0201","model_score":0.6277,"heuristic_score":53.0,"severity_score":63,"school_zone":false,"pavement_marking_311_count_since_2020":1,"pedestrian_crash_count":1,"image_paint_score":0.5467,"paint_missing_ratio":0.6743,"stripe_break_ratio":0.3809,"contrast_score":0.45,"priority_reason":"Why flagged for remaking in Grasmere-Arrochar-South Beach-Dongan Hills: ortho paint-missing ratio, stripe-break ratio, ortho occlusion.","top_features":[{"feature":"paint_missing_ratio","label":"ortho paint-missing ratio","contribution":0.7413,"direction":"raises priority"},{"feature":"stripe_break_ratio","label":"stripe-break ratio","contribution":0.3329,"direction":"raises priority"},{"feature":"occlusion_penalty","label":"ortho occlusion","contribution":0.1468,"direction":"raises priority"}],"matched_311_complaints":[{"unique_key":"66880666","created_date":"2025-11-18T18:04:28.000","descriptor":"Line/Marking - Faded","incident_address":"256 MASON AVENUE","url":"https://data.cityofnewyork.us/resource/erm2-nwe9.json?$select=unique_key,created_date,closed_date,agency,agency_name,complaint_type,descriptor,location_type,incident_address,status,resolution_description&$where=unique_key=%2766880666%27"}],"google_maps_url":"https://www.google.com/maps?q=40.58660815529634,-74.0868258453821","image_url":"/images/nyc-9698.jpg","thumbnail_url":"/images/nyc-9698-thumb.jpg"}},{"type":"Feature","id":"nyc-64731","geometry":{"type":"Point","coordinates":[-73.82770726088648,40.78166791650289]},"properties":{"id":"nyc-64731","intersection_label":"Petracca Place & 20 Avenue","borough":"Queens","neighborhood":"College Point","neighborhood_id":"QN0701","model_score":0.6276,"heuristic_score":63.0,"severity_score":63,"school_zone":false,"pavement_marking_311_count_since_2020":4,"pedestrian_crash_count":1,"image_paint_score":0.5529,"paint_missing_ratio":0.6393,"stripe_break_ratio":0.3338,"contrast_score":0.2583,"priority_reason":"Why flagged for remaking in College Point: ortho paint-missing ratio, stripe-break ratio, marking contrast.","top_features":[{"feature":"paint_missing_ratio","label":"ortho paint-missing ratio","contribution":0.6841,"direction":"raises priority"},{"feature":"stripe_break_ratio","label":"stripe-break ratio","contribution":0.2702,"direction":"raises priority"},{"feature":"contrast_score","label":"marking contrast","contribution":0.1318,"direction":"raises priority"}],"matched_311_complaints":[{"unique_key":"63634942","created_date":"2025-01-05T16:07:01.000","descriptor":"Line/Marking - After Repaving","incident_address":"141-07 20 AVENUE","url":"https://data.cityofnewyork.us/resource/erm2-nwe9.json?$select=unique_key,created_date,closed_date,agency,agency_name,complaint_type,descriptor,location_type,incident_address,status,resolution_description&$where=unique_key=%2763634942%27"},{"unique_key":"61994365","created_date":"2024-08-01T20:25:32.000","descriptor":"Line/Marking - Faded","incident_address":"141-07 20 AVENUE","url":"https://data.cityofnewyork.us/resource/erm2-nwe9.json?$select=unique_key,created_date,closed_date,agency,agency_name,complaint_type,descriptor,location_type,incident_address,status,resolution_description&$where=unique_key=%2761994365%27"},{"unique_key":"61480263","created_date":"2024-06-14T11:56:02.000","descriptor":"Line/Marking - Faded","incident_address":"20 AVENUE","url":"https://data.cityofnewyork.us/resource/erm2-nwe9.json?$select=unique_key,created_date,closed_date,agency,agency_name,complaint_type,descriptor,location_type,incident_address,status,resolution_description&$where=unique_key=%2761480263%27"}],"google_maps_url":"https://www.google.com/maps?q=40.78166791650289,-73.82770726088648","image_url":"/images/nyc-64731.jpg","thumbnail_url":"/images/nyc-64731-thumb.jpg"}},{"type":"Feature","id":"nyc-5717","geometry":{"type":"Point","coordinates":[-74.13040043887949,40.58275896820843]},"properties":{"id":"nyc-5717","intersection_label":"Rockland Avenue & Meisner Avenue","borough":"Staten Island","neighborhood":"Todt Hill-Emerson Hill-Lighthouse Hill-Manor Heights","neighborhood_id":"SI0203","model_score":0.6257,"heuristic_score":64.0,"severity_score":63,"school_zone":false,"pavement_marking_311_count_since_2020":3,"pedestrian_crash_count":0,"image_paint_score":0.5681,"paint_missing_ratio":0.8141,"stripe_break_ratio":0.1987,"contrast_score":0.3392,"priority_reason":"Why flagged for remaking in Todt Hill-Emerson Hill-Lighthouse Hill-Manor Heights: ortho paint-missing ratio, marking contrast, stripe-break ratio.","top_features":[{"feature":"paint_missing_ratio","label":"ortho paint-missing ratio","contribution":0.9702,"direction":"raises priority"},{"feature":"contrast_score","label":"marking contrast","contribution":0.104,"direction":"raises priority"},{"feature":"stripe_break_ratio","label":"stripe-break ratio","contribution":0.0903,"direction":"raises priority"}],"matched_311_complaints":[{"unique_key":"69530879","created_date":"2026-06-29T15:15:09.000","descriptor":"Line/Marking - Faded","incident_address":"ROCKLAND AVENUE","url":"https://data.cityofnewyork.us/resource/erm2-nwe9.json?$select=unique_key,created_date,closed_date,agency,agency_name,complaint_type,descriptor,location_type,incident_address,status,resolution_description&$where=unique_key=%2769530879%27"},{"unique_key":"69358280","created_date":"2026-06-14T14:11:13.000","descriptor":"Line/Marking - Faded","incident_address":"331 ROCKLAND AVENUE","url":"https://data.cityofnewyork.us/resource/erm2-nwe9.json?$select=unique_key,created_date,closed_date,agency,agency_name,complaint_type,descriptor,location_type,incident_address,status,resolution_description&$where=unique_key=%2769358280%27"},{"unique_key":"68279549","created_date":"2026-03-10T17:13:37.000","descriptor":"Line/Marking - After Repaving","incident_address":"MANOR ROAD","url":"https://data.cityofnewyork.us/resource/erm2-nwe9.json?$select=unique_key,created_date,closed_date,agency,agency_name,complaint_type,descriptor,location_type,incident_address,status,resolution_description&$where=unique_key=%2768279549%27"}],"google_maps_url":"https://www.google.com/maps?q=40.58275896820843,-74.13040043887949","image_url":"/images/nyc-5717.jpg","thumbnail_url":"/images/nyc-5717-thumb.jpg"}},{"type":"Feature","id":"nyc-2089","geometry":{"type":"Point","coordinates":[-74.18858835065103,40.54894385033809]},"properties":{"id":"nyc-2089","intersection_label":"Woodrow Road & Ruxton Avenue","borough":"Staten Island","neighborhood":"Annadale-Huguenot-Prince's Bay-Woodrow","neighborhood_id":"SI0304","model_score":0.6254,"heuristic_score":59.0,"severity_score":63,"school_zone":false,"pavement_marking_311_count_since_2020":2,"pedestrian_crash_count":0,"image_paint_score":0.5638,"paint_missing_ratio":0.7346,"stripe_break_ratio":0.3107,"contrast_score":0.3778,"priority_reason":"Why flagged for remaking in Annadale-Huguenot-Prince's Bay-Woodrow: ortho paint-missing ratio, stripe-break ratio, marking contrast.","top_features":[{"feature":"paint_missing_ratio","label":"ortho paint-missing ratio","contribution":0.84,"direction":"raises priority"},{"feature":"stripe_break_ratio","label":"stripe-break ratio","contribution":0.2394,"direction":"raises priority"},{"feature":"contrast_score","label":"marking contrast","contribution":0.0908,"direction":"raises priority"}],"matched_311_complaints":[{"unique_key":"50371067","created_date":"2021-04-25T09:16:45.000","descriptor":"Line/Marking - Faded","incident_address":"670 WOODROW ROAD","url":"https://data.cityofnewyork.us/resource/erm2-nwe9.json?$select=unique_key,created_date,closed_date,agency,agency_name,complaint_type,descriptor,location_type,incident_address,status,resolution_description&$where=unique_key=%2750371067%27"},{"unique_key":"50375060","created_date":"2021-04-25T09:14:41.000","descriptor":"Line/Marking - Faded","incident_address":"658 WOODROW ROAD","url":"https://data.cityofnewyork.us/resource/erm2-nwe9.json?$select=unique_key,created_date,closed_date,agency,agency_name,complaint_type,descriptor,location_type,incident_address,status,resolution_description&$where=unique_key=%2750375060%27"}],"google_maps_url":"https://www.google.com/maps?q=40.54894385033809,-74.18858835065103","image_url":"/images/nyc-2089.jpg","thumbnail_url":"/images/nyc-2089-thumb.jpg"}},{"type":"Feature","id":"nyc-16855","geometry":{"type":"Point","coordinates":[-73.9560414680431,40.58273625442449]},"properties":{"id":"nyc-16855","intersection_label":"Neptune Avenue & Cass Place","borough":"Brooklyn","neighborhood":"Brighton Beach","neighborhood_id":"BK1303","model_score":0.6238,"heuristic_score":47.0,"severity_score":62,"school_zone":false,"pavement_marking_311_count_since_2020":0,"pedestrian_crash_count":5,"image_paint_score":0.4924,"paint_missing_ratio":0.6728,"stripe_break_ratio":0.2132,"contrast_score":0.425,"priority_reason":"Why flagged for remaking in Brighton Beach: ortho paint-missing ratio, stripe-break ratio, ortho occlusion.","top_features":[{"feature":"paint_missing_ratio","label":"ortho paint-missing ratio","contribution":0.7389,"direction":"raises priority"},{"feature":"stripe_break_ratio","label":"stripe-break ratio","contribution":0.1096,"direction":"raises priority"},{"feature":"occlusion_penalty","label":"ortho occlusion","contribution":0.1043,"direction":"raises priority"}],"matched_311_complaints":[],"google_maps_url":"https://www.google.com/maps?q=40.58273625442449,-73.9560414680431","image_url":"/images/nyc-16855.jpg","thumbnail_url":"/images/nyc-16855-thumb.jpg"}},{"type":"Feature","id":"nyc-40684","geometry":{"type":"Point","coordinates":[-73.93801474211465,40.73431476137085]},"properties":{"id":"nyc-40684","intersection_label":"Review Avenue & Van Dam Street","borough":"Queens","neighborhood":"Sunnyside","neighborhood_id":"QN0202","model_score":0.6224,"heuristic_score":50.0,"severity_score":62,"school_zone":false,"pavement_marking_311_count_since_2020":0,"pedestrian_crash_count":0,"image_paint_score":0.5571,"paint_missing_ratio":0.6519,"stripe_break_ratio":0.4011,"contrast_score":0.3833,"priority_reason":"Why flagged for remaking in Sunnyside: ortho paint-missing ratio, stripe-break ratio, ortho occlusion.","top_features":[{"feature":"paint_missing_ratio","label":"ortho paint-missing ratio","contribution":0.7047,"direction":"raises priority"},{"feature":"stripe_break_ratio","label":"stripe-break ratio","contribution":0.3598,"direction":"raises priority"},{"feature":"occlusion_penalty","label":"ortho occlusion","contribution":0.1152,"direction":"raises priority"}],"matched_311_complaints":[],"google_maps_url":"https://www.google.com/maps?q=40.73431476137085,-73.93801474211465","image_url":"/images/nyc-40684.jpg","thumbnail_url":"/images/nyc-40684-thumb.jpg"}},{"type":"Feature","id":"nyc-22737","geometry":{"type":"Point","coordinates":[-73.96615683487137,40.7538778508176]},"properties":{"id":"nyc-22737","intersection_label":"1 Avenue & East 50 Street","borough":"Manhattan","neighborhood":"East Midtown-Turtle Bay","neighborhood_id":"MN0604","model_score":0.6206,"heuristic_score":57.0,"severity_score":62,"school_zone":false,"pavement_marking_311_count_since_2020":2,"pedestrian_crash_count":5,"image_paint_score":0.508,"paint_missing_ratio":0.7781,"stripe_break_ratio":0.1266,"contrast_score":0.4324,"priority_reason":"Why flagged for remaking in East Midtown-Turtle Bay: ortho paint-missing ratio, marking contrast.","top_features":[{"feature":"paint_missing_ratio","label":"ortho paint-missing ratio","contribution":0.9112,"direction":"raises priority"},{"feature":"occlusion_penalty","label":"ortho occlusion","contribution":-0.2082,"direction":"lowers priority"},{"feature":"contrast_score","label":"marking contrast","contribution":0.0721,"direction":"raises priority"}],"matched_311_complaints":[{"unique_key":"47750295","created_date":"2020-10-01T17:40:06.000","descriptor":"Line/Marking - After Repaving","incident_address":"891 1 AVENUE","url":"https://data.cityofnewyork.us/resource/erm2-nwe9.json?$select=unique_key,created_date,closed_date,agency,agency_name,complaint_type,descriptor,location_type,incident_address,status,resolution_description&$where=unique_key=%2747750295%27"},{"unique_key":"47221200","created_date":"2020-08-12T10:04:02.000","descriptor":"Line/Marking - After Repaving","incident_address":"1 AVENUE","url":"https://data.cityofnewyork.us/resource/erm2-nwe9.json?$select=unique_key,created_date,closed_date,agency,agency_name,complaint_type,descriptor,location_type,incident_address,status,resolution_description&$where=unique_key=%2747221200%27"}],"google_maps_url":"https://www.google.com/maps?q=40.7538778508176,-73.96615683487137","image_url":"/images/nyc-22737.jpg","thumbnail_url":"/images/nyc-22737-thumb.jpg"}},{"type":"Feature","id":"nyc-35956","geometry":{"type":"Point","coordinates":[-73.790630438827,40.65412768810538]},"properties":{"id":"nyc-35956","intersection_label":"150 Street & South Cargo Road","borough":"Queens","neighborhood":"John F. Kennedy International Airport","neighborhood_id":"QN8381","model_score":0.6203,"heuristic_score":50.0,"severity_score":62,"school_zone":false,"pavement_marking_311_count_since_2020":0,"pedestrian_crash_count":0,"image_paint_score":0.557,"paint_missing_ratio":0.6134,"stripe_break_ratio":0.4155,"contrast_score":0.3222,"priority_reason":"Why flagged for remaking in John F. Kennedy International Airport: ortho paint-missing ratio, stripe-break ratio, marking contrast.","top_features":[{"feature":"paint_missing_ratio","label":"ortho paint-missing ratio","contribution":0.6417,"direction":"raises priority"},{"feature":"stripe_break_ratio","label":"stripe-break ratio","contribution":0.379,"direction":"raises priority"},{"feature":"contrast_score","label":"marking contrast","contribution":0.1098,"direction":"raises priority"}],"matched_311_complaints":[],"google_maps_url":"https://www.google.com/maps?q=40.65412768810538,-73.790630438827","image_url":"/images/nyc-35956.jpg","thumbnail_url":"/images/nyc-35956-thumb.jpg"}},{"type":"Feature","id":"nyc-20642","geometry":{"type":"Point","coordinates":[-73.99549001389995,40.73343614237356]},"properties":{"id":"nyc-20642","intersection_label":"5 Avenue & East 10 Street","borough":"Manhattan","neighborhood":"Greenwich Village","neighborhood_id":"MN0202","model_score":0.6187,"heuristic_score":65.0,"severity_score":62,"school_zone":false,"pavement_marking_311_count_since_2020":7,"pedestrian_crash_count":4,"image_paint_score":0.5168,"paint_missing_ratio":0.7271,"stripe_break_ratio":0.2487,"contrast_score":0.4874,"priority_reason":"Why flagged for remaking in Greenwich Village: ortho paint-missing ratio, stripe-break ratio.","top_features":[{"feature":"paint_missing_ratio","label":"ortho paint-missing ratio","contribution":0.8278,"direction":"raises priority"},{"feature":"occlusion_penalty","label":"ortho occlusion","contribution":-0.2039,"direction":"lowers priority"},{"feature":"stripe_break_ratio","label":"stripe-break ratio","contribution":0.1569,"direction":"raises priority"}],"matched_311_complaints":[{"unique_key":"55925153","created_date":"2022-11-07T13:22:21.000","descriptor":"Line/Marking - Faded","incident_address":"33 5 AVENUE","url":"https://data.cityofnewyork.us/resource/erm2-nwe9.json?$select=unique_key,created_date,closed_date,agency,agency_name,complaint_type,descriptor,location_type,incident_address,status,resolution_description&$where=unique_key=%2755925153%27"},{"unique_key":"55796344","created_date":"2022-10-24T14:53:33.000","descriptor":"Line/Marking - Faded","incident_address":"5 AVENUE","url":"https://data.cityofnewyork.us/resource/erm2-nwe9.json?$select=unique_key,created_date,closed_date,agency,agency_name,complaint_type,descriptor,location_type,incident_address,status,resolution_description&$where=unique_key=%2755796344%27"},{"unique_key":"55218057","created_date":"2022-08-26T16:06:02.000","descriptor":"Line/Marking - After Repaving","incident_address":"30 5 AVENUE","url":"https://data.cityofnewyork.us/resource/erm2-nwe9.json?$select=unique_key,created_date,closed_date,agency,agency_name,complaint_type,descriptor,location_type,incident_address,status,resolution_description&$where=unique_key=%2755218057%27"}],"google_maps_url":"https://www.google.com/maps?q=40.73343614237356,-73.99549001389995","image_url":"/images/nyc-20642.jpg","thumbnail_url":"/images/nyc-20642-thumb.jpg"}},{"type":"Feature","id":"nyc-23433","geometry":{"type":"Point","coordinates":[-73.96703947657934,40.772461218882285]},"properties":{"id":"nyc-23433","intersection_label":"5 Avenue & East 72 Street","borough":"Manhattan","neighborhood":"Upper East Side-Carnegie Hill","neighborhood_id":"MN0802","model_score":0.6164,"heuristic_score":59.0,"severity_score":62,"school_zone":false,"pavement_marking_311_count_since_2020":2,"pedestrian_crash_count":1,"image_paint_score":0.5556,"paint_missing_ratio":0.7791,"stripe_break_ratio":0.243,"contrast_score":0.4003,"priority_reason":"Why flagged for remaking in Upper East Side-Carnegie Hill: ortho paint-missing ratio, stripe-break ratio.","top_features":[{"feature":"paint_missing_ratio","label":"ortho paint-missing ratio","contribution":0.9129,"direction":"raises priority"},{"feature":"occlusion_penalty","label":"ortho occlusion","contribution":-0.2086,"direction":"lowers priority"},{"feature":"stripe_break_ratio","label":"stripe-break ratio","contribution":0.1493,"direction":"raises priority"}],"matched_311_complaints":[{"unique_key":"66197899","created_date":"2025-09-18T15:02:58.000","descriptor":"Line/Marking - After Repaving","incident_address":"5 AVENUE","url":"https://data.cityofnewyork.us/resource/erm2-nwe9.json?$select=unique_key,created_date,closed_date,agency,agency_name,complaint_type,descriptor,location_type,incident_address,status,resolution_description&$where=unique_key=%2766197899%27"},{"unique_key":"65956534","created_date":"2025-08-26T09:57:34.000","descriptor":"Line/Marking - After Repaving","incident_address":"5 AVENUE","url":"https://data.cityofnewyork.us/resource/erm2-nwe9.json?$select=unique_key,created_date,closed_date,agency,agency_name,complaint_type,descriptor,location_type,incident_address,status,resolution_description&$where=unique_key=%2765956534%27"}],"google_maps_url":"https://www.google.com/maps?q=40.772461218882285,-73.96703947657934","image_url":"/images/nyc-23433.jpg","thumbnail_url":"/images/nyc-23433-thumb.jpg"}},{"type":"Feature","id":"nyc-56826","geometry":{"type":"Point","coordinates":[-73.82788221444763,40.823175866760124]},"properties":{"id":"nyc-56826","intersection_label":"Randall Avenue & Balcom Avenue","borough":"Bronx","neighborhood":"Throgs Neck-Schuylerville","neighborhood_id":"BX1002","model_score":0.6158,"heuristic_score":52.0,"severity_score":62,"school_zone":false,"pavement_marking_311_count_since_2020":1,"pedestrian_crash_count":0,"image_paint_score":0.5498,"paint_missing_ratio":0.6015,"stripe_break_ratio":0.4261,"contrast_score":0.35,"priority_reason":"Why flagged for remaking in Throgs Neck-Schuylerville: ortho paint-missing ratio, stripe-break ratio, ortho occlusion.","top_features":[{"feature":"paint_missing_ratio","label":"ortho paint-missing ratio","contribution":0.6222,"direction":"raises priority"},{"feature":"stripe_break_ratio","label":"stripe-break ratio","contribution":0.3931,"direction":"raises priority"},{"feature":"occlusion_penalty","label":"ortho occlusion","contribution":0.1259,"direction":"raises priority"}],"matched_311_complaints":[{"unique_key":"47440608","created_date":"2020-09-02T10:06:40.000","descriptor":"Line/Marking - Faded","incident_address":"BALCOM AVENUE","url":"https://data.cityofnewyork.us/resource/erm2-nwe9.json?$select=unique_key,created_date,closed_date,agency,agency_name,complaint_type,descriptor,location_type,incident_address,status,resolution_description&$where=unique_key=%2747440608%27"}],"google_maps_url":"https://www.google.com/maps?q=40.823175866760124,-73.82788221444763","image_url":"/images/nyc-56826.jpg","thumbnail_url":"/images/nyc-56826-thumb.jpg"}},{"type":"Feature","id":"nyc-54181","geometry":{"type":"Point","coordinates":[-73.86280341987833,40.88357438248701]},"properties":{"id":"nyc-54181","intersection_label":"White Plains Road & East 219 Street","borough":"Bronx","neighborhood":"Williamsbridge-Olinville","neighborhood_id":"BX1201","model_score":0.6125,"heuristic_score":52.0,"severity_score":61,"school_zone":false,"pavement_marking_311_count_since_2020":1,"pedestrian_crash_count":7,"image_paint_score":0.4828,"paint_missing_ratio":0.7978,"stripe_break_ratio":0.1108,"contrast_score":0.575,"priority_reason":"Why flagged for remaking in Williamsbridge-Olinville: ortho paint-missing ratio, marking contrast.","top_features":[{"feature":"paint_missing_ratio","label":"ortho paint-missing ratio","contribution":0.9435,"direction":"raises priority"},{"feature":"stripe_break_ratio","label":"stripe-break ratio","contribution":-0.0267,"direction":"lowers priority"},{"feature":"contrast_score","label":"marking contrast","contribution":0.0232,"direction":"raises priority"}],"matched_311_complaints":[{"unique_key":"66662225","created_date":"2025-10-30T11:01:25.000","descriptor":"Line/Marking - Faded","incident_address":"701 EAST  219 STREET","url":"https://data.cityofnewyork.us/resource/erm2-nwe9.json?$select=unique_key,created_date,closed_date,agency,agency_name,complaint_type,descriptor,location_type,incident_address,status,resolution_description&$where=unique_key=%2766662225%27"}],"google_maps_url":"https://www.google.com/maps?q=40.88357438248701,-73.86280341987833","image_url":"/images/nyc-54181.jpg","thumbnail_url":"/images/nyc-54181-thumb.jpg"}},{"type":"Feature","id":"nyc-54617","geometry":{"type":"Point","coordinates":[-73.8369874383299,40.88193908322529]},"properties":{"id":"nyc-54617","intersection_label":"Boston Road & Palmer Avenue","borough":"Bronx","neighborhood":"Eastchester-Edenwald-Baychester","neighborhood_id":"BX1202","model_score":0.6118,"heuristic_score":43.0,"severity_score":61,"school_zone":true,"pavement_marking_311_count_since_2020":0,"pedestrian_crash_count":0,"image_paint_score":0.4423,"paint_missing_ratio":0.6119,"stripe_break_ratio":0.1483,"contrast_score":0.425,"priority_reason":"Why flagged for remaking in Eastchester-Edenwald-Baychester: ortho paint-missing ratio, marking contrast, stripe-break ratio.","top_features":[{"feature":"paint_missing_ratio","label":"ortho paint-missing ratio","contribution":0.6392,"direction":"raises priority"},{"feature":"contrast_score","label":"marking contrast","contribution":0.0746,"direction":"raises priority"},{"feature":"stripe_break_ratio","label":"stripe-break ratio","contribution":0.0232,"direction":"raises priority"}],"matched_311_complaints":[],"google_maps_url":"https://www.google.com/maps?q=40.88193908322529,-73.8369874383299","image_url":"/images/nyc-54617.jpg","thumbnail_url":"/images/nyc-54617-thumb.jpg"}},{"type":"Feature","id":"nyc-44476","geometry":{"type":"Point","coordinates":[-73.92249415630832,40.862412874764]},"properties":{"id":"nyc-44476","intersection_label":"Nagle Avenue & Academy Street","borough":"Manhattan","neighborhood":"Inwood","neighborhood_id":"MN1203","model_score":0.6103,"heuristic_score":47.0,"severity_score":61,"school_zone":false,"pavement_marking_311_count_since_2020":0,"pedestrian_crash_count":3,"image_paint_score":0.5052,"paint_missing_ratio":0.6779,"stripe_break_ratio":0.4179,"contrast_score":0.7306,"priority_reason":"Why flagged for remaking in Inwood: ortho paint-missing ratio, stripe-break ratio.","top_features":[{"feature":"paint_missing_ratio","label":"ortho paint-missing ratio","contribution":0.7472,"direction":"raises priority"},{"feature":"stripe_break_ratio","label":"stripe-break ratio","contribution":0.3822,"direction":"raises priority"},{"feature":"occlusion_penalty","label":"ortho occlusion","contribution":-0.0482,"direction":"lowers priority"}],"matched_311_complaints":[],"google_maps_url":"https://www.google.com/maps?q=40.862412874764,-73.92249415630832","image_url":"/images/nyc-44476.jpg","thumbnail_url":"/images/nyc-44476-thumb.jpg"}},{"type":"Feature","id":"nyc-50244","geometry":{"type":"Point","coordinates":[-73.85235834243647,40.74137528475359]},"properties":{"id":"nyc-50244","intersection_label":"Corona Avenue & Westside Avenue","borough":"Queens","neighborhood":"Corona","neighborhood_id":"QN0402","model_score":0.6096,"heuristic_score":54.0,"severity_score":61,"school_zone":true,"pavement_marking_311_count_since_2020":5,"pedestrian_crash_count":0,"image_paint_score":0.4451,"paint_missing_ratio":0.4375,"stripe_break_ratio":0.3679,"contrast_score":0.4028,"priority_reason":"Why flagged for remaking in Corona: ortho paint-missing ratio, stripe-break ratio, marking contrast.","top_features":[{"feature":"paint_missing_ratio","label":"ortho paint-missing ratio","contribution":0.3537,"direction":"raises priority"},{"feature":"stripe_break_ratio","label":"stripe-break ratio","contribution":0.3156,"direction":"raises priority"},{"feature":"contrast_score","label":"marking contrast","contribution":0.0822,"direction":"raises priority"}],"matched_311_complaints":[{"unique_key":"69858361","created_date":"2026-07-26T09:33:58.000","descriptor":"Line/Marking - Faded","incident_address":"CORONA AVENUE","url":"https://data.cityofnewyork.us/resource/erm2-nwe9.json?$select=unique_key,created_date,closed_date,agency,agency_name,complaint_type,descriptor,location_type,incident_address,status,resolution_description&$where=unique_key=%2769858361%27"},{"unique_key":"65913281","created_date":"2025-08-21T08:00:52.000","descriptor":"Line/Marking - Faded","incident_address":"CORONA AVENUE","url":"https://data.cityofnewyork.us/resource/erm2-nwe9.json?$select=unique_key,created_date,closed_date,agency,agency_name,complaint_type,descriptor,location_type,incident_address,status,resolution_description&$where=unique_key=%2765913281%27"},{"unique_key":"65678080","created_date":"2025-07-27T07:55:19.000","descriptor":"Line/Marking - Faded","incident_address":"CORONA AVENUE","url":"https://data.cityofnewyork.us/resource/erm2-nwe9.json?$select=unique_key,created_date,closed_date,agency,agency_name,complaint_type,descriptor,location_type,incident_address,status,resolution_description&$where=unique_key=%2765678080%27"}],"google_maps_url":"https://www.google.com/maps?q=40.74137528475359,-73.85235834243647","image_url":"/images/nyc-50244.jpg","thumbnail_url":"/images/nyc-50244-thumb.jpg"}},{"type":"Feature","id":"nyc-47752","geometry":{"type":"Point","coordinates":[-73.90648535505872,40.83866105639375]},"properties":{"id":"nyc-47752","intersection_label":"Clay Avenue & East 171 Street","borough":"Bronx","neighborhood":"Mount Eden-Claremont (West)","neighborhood_id":"BX0403","model_score":0.6086,"heuristic_score":42.0,"severity_score":61,"school_zone":true,"pavement_marking_311_count_since_2020":0,"pedestrian_crash_count":0,"image_paint_score":0.4464,"paint_missing_ratio":0.5825,"stripe_break_ratio":0.1853,"contrast_score":0.4028,"priority_reason":"Why flagged for remaking in Mount Eden-Claremont (West): ortho paint-missing ratio, marking contrast.","top_features":[{"feature":"paint_missing_ratio","label":"ortho paint-missing ratio","contribution":0.5911,"direction":"raises priority"},{"feature":"occlusion_penalty","label":"ortho occlusion","contribution":-0.1012,"direction":"lowers priority"},{"feature":"contrast_score","label":"marking contrast","contribution":0.0822,"direction":"raises priority"}],"matched_311_complaints":[],"google_maps_url":"https://www.google.com/maps?q=40.83866105639375,-73.90648535505872","image_url":"/images/nyc-47752.jpg","thumbnail_url":"/images/nyc-47752-thumb.jpg"}},{"type":"Feature","id":"nyc-47467","geometry":{"type":"Point","coordinates":[-73.88724231124368,40.80641830265939]},"properties":{"id":"nyc-47467","intersection_label":"Viele Avenue & Barretto Street","borough":"Bronx","neighborhood":"Hunts Point","neighborhood_id":"BX0201","model_score":0.6085,"heuristic_score":50.0,"severity_score":61,"school_zone":false,"pavement_marking_311_count_since_2020":0,"pedestrian_crash_count":0,"image_paint_score":0.5431,"paint_missing_ratio":0.6604,"stripe_break_ratio":0.3343,"contrast_score":0.3556,"priority_reason":"Why flagged for remaking in Hunts Point: ortho paint-missing ratio, stripe-break ratio, ortho occlusion.","top_features":[{"feature":"paint_missing_ratio","label":"ortho paint-missing ratio","contribution":0.7186,"direction":"raises priority"},{"feature":"stripe_break_ratio","label":"stripe-break ratio","contribution":0.2708,"direction":"raises priority"},{"feature":"occlusion_penalty","label":"ortho occlusion","contribution":0.1002,"direction":"raises priority"}],"matched_311_complaints":[],"google_maps_url":"https://www.google.com/maps?q=40.80641830265939,-73.88724231124368","image_url":"/images/nyc-47467.jpg","thumbnail_url":"/images/nyc-47467-thumb.jpg"}},{"type":"Feature","id":"nyc-45004","geometry":{"type":"Point","coordinates":[-73.90700210575046,40.8858452146268]},"properties":{"id":"nyc-45004","intersection_label":"West 236 Street & Riverdale Avenue","borough":"Bronx","neighborhood":"Riverdale-Spuyten Duyvil","neighborhood_id":"BX0803","model_score":0.6082,"heuristic_score":62.0,"severity_score":61,"school_zone":false,"pavement_marking_311_count_since_2020":3,"pedestrian_crash_count":2,"image_paint_score":0.5352,"paint_missing_ratio":0.7802,"stripe_break_ratio":0.1108,"contrast_score":0.2735,"priority_reason":"Why flagged for remaking in Riverdale-Spuyten Duyvil: ortho paint-missing ratio, marking contrast.","top_features":[{"feature":"paint_missing_ratio","label":"ortho paint-missing ratio","contribution":0.9147,"direction":"raises priority"},{"feature":"occlusion_penalty","label":"ortho occlusion","contribution":-0.1758,"direction":"lowers priority"},{"feature":"contrast_score","label":"marking contrast","contribution":0.1265,"direction":"raises priority"}],"matched_311_complaints":[{"unique_key":"63107326","created_date":"2024-11-16T16:57:19.000","descriptor":"Line/Marking - After Repaving","incident_address":"3600 FIELDSTON ROAD","url":"https://data.cityofnewyork.us/resource/erm2-nwe9.json?$select=unique_key,created_date,closed_date,agency,agency_name,complaint_type,descriptor,location_type,incident_address,status,resolution_description&$where=unique_key=%2763107326%27"},{"unique_key":"60824222","created_date":"2024-04-09T10:16:49.000","descriptor":"Line/Marking - After Repaving","incident_address":"3600 FIELDSTON ROAD","url":"https://data.cityofnewyork.us/resource/erm2-nwe9.json?$select=unique_key,created_date,closed_date,agency,agency_name,complaint_type,descriptor,location_type,incident_address,status,resolution_description&$where=unique_key=%2760824222%27"},{"unique_key":"55224879","created_date":"2022-08-27T19:05:44.000","descriptor":"Line/Marking - After Repaving","incident_address":"3600 FIELDSTON ROAD","url":"https://data.cityofnewyork.us/resource/erm2-nwe9.json?$select=unique_key,created_date,closed_date,agency,agency_name,complaint_type,descriptor,location_type,incident_address,status,resolution_description&$where=unique_key=%2755224879%27"}],"google_maps_url":"https://www.google.com/maps?q=40.8858452146268,-73.90700210575046","image_url":"/images/nyc-45004.jpg","thumbnail_url":"/images/nyc-45004-thumb.jpg"}},{"type":"Feature","id":"nyc-57600","geometry":{"type":"Point","coordinates":[-73.82379383185818,40.83430014748438]},"properties":{"id":"nyc-57600","intersection_label":"Throgs Neck Expressway & Otis Avenue","borough":"Bronx","neighborhood":"Throgs Neck-Schuylerville","neighborhood_id":"BX1002","model_score":0.6078,"heuristic_score":40.0,"severity_score":61,"school_zone":true,"pavement_marking_311_count_since_2020":0,"pedestrian_crash_count":0,"image_paint_score":0.4365,"paint_missing_ratio":0.4893,"stripe_break_ratio":0.191,"contrast_score":0.2528,"priority_reason":"Why flagged for remaking in Throgs Neck-Schuylerville: ortho paint-missing ratio, marking contrast, ortho occlusion.","top_features":[{"feature":"paint_missing_ratio","label":"ortho paint-missing ratio","contribution":0.4385,"direction":"raises priority"},{"feature":"contrast_score","label":"marking contrast","contribution":0.1336,"direction":"raises priority"},{"feature":"occlusion_penalty","label":"ortho occlusion","contribution":0.0961,"direction":"raises priority"}],"matched_311_complaints":[],"google_maps_url":"https://www.google.com/maps?q=40.83430014748438,-73.82379383185818","image_url":"/images/nyc-57600.jpg","thumbnail_url":"/images/nyc-57600-thumb.jpg"}},{"type":"Feature","id":"nyc-61666","geometry":{"type":"Point","coordinates":[-73.762022901378,40.76139248207274]},"properties":{"id":"nyc-61666","intersection_label":"Northern Boulevard & 220 Street","borough":"Queens","neighborhood":"Bayside","neighborhood_id":"QN1102","model_score":0.6074,"heuristic_score":50.0,"severity_score":61,"school_zone":false,"pavement_marking_311_count_since_2020":1,"pedestrian_crash_count":0,"image_paint_score":0.5357,"paint_missing_ratio":0.5739,"stripe_break_ratio":0.5419,"contrast_score":0.5611,"priority_reason":"Why flagged for remaking in Bayside: ortho paint-missing ratio, stripe-break ratio, ortho occlusion.","top_features":[{"feature":"paint_missing_ratio","label":"ortho paint-missing ratio","contribution":0.577,"direction":"raises priority"},{"feature":"stripe_break_ratio","label":"stripe-break ratio","contribution":0.5473,"direction":"raises priority"},{"feature":"occlusion_penalty","label":"ortho occlusion","contribution":0.1264,"direction":"raises priority"}],"matched_311_complaints":[{"unique_key":"55214549","created_date":"2022-08-26T10:12:23.000","descriptor":"Line/Marking - After Repaving","incident_address":"220-01 NORTHERN BOULEVARD","url":"https://data.cityofnewyork.us/resource/erm2-nwe9.json?$select=unique_key,created_date,closed_date,agency,agency_name,complaint_type,descriptor,location_type,incident_address,status,resolution_description&$where=unique_key=%2755214549%27"}],"google_maps_url":"https://www.google.com/maps?q=40.76139248207274,-73.762022901378","image_url":"/images/nyc-61666.jpg","thumbnail_url":"/images/nyc-61666-thumb.jpg"}},{"type":"Feature","id":"nyc-49715","geometry":{"type":"Point","coordinates":[-73.89999339891686,40.9120176235226]},"properties":{"id":"nyc-49715","intersection_label":"West 263 Street & Tyndall Avenue","borough":"Bronx","neighborhood":"Riverdale-Spuyten Duyvil","neighborhood_id":"BX0803","model_score":0.6062,"heuristic_score":49.0,"severity_score":61,"school_zone":false,"pavement_marking_311_count_since_2020":0,"pedestrian_crash_count":0,"image_paint_score":0.5432,"paint_missing_ratio":0.599,"stripe_break_ratio":0.355,"contrast_score":0.2528,"priority_reason":"Why flagged for remaking in Riverdale-Spuyten Duyvil: ortho paint-missing ratio, stripe-break ratio, marking contrast.","top_features":[{"feature":"paint_missing_ratio","label":"ortho paint-missing ratio","contribution":0.6181,"direction":"raises priority"},{"feature":"stripe_break_ratio","label":"stripe-break ratio","contribution":0.2984,"direction":"raises priority"},{"feature":"contrast_score","label":"marking contrast","contribution":0.1336,"direction":"raises priority"}],"matched_311_complaints":[],"google_maps_url":"https://www.google.com/maps?q=40.9120176235226,-73.89999339891686","image_url":"/images/nyc-49715.jpg","thumbnail_url":"/images/nyc-49715-thumb.jpg"}},{"type":"Feature","id":"nyc-59685","geometry":{"type":"Point","coordinates":[-73.77647488745531,40.75846719693514]},"properties":{"id":"nyc-59685","intersection_label":"Northern Boulevard & 207 Street","borough":"Queens","neighborhood":"Bayside","neighborhood_id":"QN1102","model_score":0.6045,"heuristic_score":50.0,"severity_score":60,"school_zone":false,"pavement_marking_311_count_since_2020":1,"pedestrian_crash_count":0,"image_paint_score":0.5325,"paint_missing_ratio":0.5988,"stripe_break_ratio":0.4929,"contrast_score":0.5472,"priority_reason":"Why flagged for remaking in Bayside: ortho paint-missing ratio, stripe-break ratio, ortho occlusion.","top_features":[{"feature":"paint_missing_ratio","label":"ortho paint-missing ratio","contribution":0.6178,"direction":"raises priority"},{"feature":"stripe_break_ratio","label":"stripe-break ratio","contribution":0.482,"direction":"raises priority"},{"feature":"occlusion_penalty","label":"ortho occlusion","contribution":0.1335,"direction":"raises priority"}],"matched_311_complaints":[{"unique_key":"55357423","created_date":"2022-09-10T21:14:44.000","descriptor":"Line/Marking - Faded","incident_address":"207 STREET","url":"https://data.cityofnewyork.us/resource/erm2-nwe9.json?$select=unique_key,created_date,closed_date,agency,agency_name,complaint_type,descriptor,location_type,incident_address,status,resolution_description&$where=unique_key=%2755357423%27"}],"google_maps_url":"https://www.google.com/maps?q=40.75846719693514,-73.77647488745531","image_url":"/images/nyc-59685.jpg","thumbnail_url":"/images/nyc-59685-thumb.jpg"}},{"type":"Feature","id":"nyc-93666","geometry":{"type":"Point","coordinates":[-73.98663134377257,40.71792807742266]},"properties":{"id":"nyc-93666","intersection_label":"Delancey Street & Suffolk Street","borough":"Manhattan","neighborhood":"Lower East Side","neighborhood_id":"MN0302","model_score":0.604,"heuristic_score":36.0,"severity_score":60,"school_zone":true,"pavement_marking_311_count_since_2020":0,"pedestrian_crash_count":0,"image_paint_score":0.4348,"paint_missing_ratio":0.3993,"stripe_break_ratio":0.4876,"contrast_score":0.5778,"priority_reason":"Why flagged for remaking in Lower East Side: stripe-break ratio, ortho paint-missing ratio.","top_features":[{"feature":"stripe_break_ratio","label":"stripe-break ratio","contribution":0.475,"direction":"raises priority"},{"feature":"paint_missing_ratio","label":"ortho paint-missing ratio","contribution":0.2912,"direction":"raises priority"},{"feature":"occlusion_penalty","label":"ortho occlusion","contribution":-0.0836,"direction":"lowers priority"}],"matched_311_complaints":[],"google_maps_url":"https://www.google.com/maps?q=40.71792807742266,-73.98663134377257","image_url":"/images/nyc-93666.jpg","thumbnail_url":"/images/nyc-93666-thumb.jpg"}},{"type":"Feature","id":"nyc-15930","geometry":{"type":"Point","coordinates":[-73.9865690267401,40.71047096615945]},"properties":{"id":"nyc-15930","intersection_label":"South Street & Clinton Street","borough":"Manhattan","neighborhood":"Chinatown-Two Bridges","neighborhood_id":"MN0301","model_score":0.6019,"heuristic_score":42.0,"severity_score":60,"school_zone":true,"pavement_marking_311_count_since_2020":1,"pedestrian_crash_count":0,"image_paint_score":0.4315,"paint_missing_ratio":0.5779,"stripe_break_ratio":0.4405,"contrast_score":0.9139,"priority_reason":"Why flagged for remaking in Chinatown-Two Bridges: ortho paint-missing ratio, stripe-break ratio.","top_features":[{"feature":"paint_missing_ratio","label":"ortho paint-missing ratio","contribution":0.5836,"direction":"raises priority"},{"feature":"stripe_break_ratio","label":"stripe-break ratio","contribution":0.4123,"direction":"raises priority"},{"feature":"occlusion_penalty","label":"ortho occlusion","contribution":-0.1935,"direction":"lowers priority"}],"matched_311_complaints":[{"unique_key":"55647459","created_date":"2022-10-08T17:59:38.000","descriptor":"Line/Marking - Faded","incident_address":"CLINTON STREET","url":"https://data.cityofnewyork.us/resource/erm2-nwe9.json?$select=unique_key,created_date,closed_date,agency,agency_name,complaint_type,descriptor,location_type,incident_address,status,resolution_description&$where=unique_key=%2755647459%27"}],"google_maps_url":"https://www.google.com/maps?q=40.71047096615945,-73.9865690267401","image_url":"/images/nyc-15930.jpg","thumbnail_url":"/images/nyc-15930-thumb.jpg"}},{"type":"Feature","id":"nyc-57363","geometry":{"type":"Point","coordinates":[-73.83227820733852,40.84700720649153]},"properties":{"id":"nyc-57363","intersection_label":"Westchester Avenue & Buhre Avenue","borough":"Bronx","neighborhood":"Pelham Bay-Country Club-City Island","neighborhood_id":"BX1003","model_score":0.6015,"heuristic_score":54.0,"severity_score":60,"school_zone":false,"pavement_marking_311_count_since_2020":3,"pedestrian_crash_count":5,"image_paint_score":0.4665,"paint_missing_ratio":0.6898,"stripe_break_ratio":0.1872,"contrast_score":0.5472,"priority_reason":"Why flagged for remaking in Pelham Bay-Country Club-City Island: ortho paint-missing ratio, ortho occlusion, stripe-break ratio.","top_features":[{"feature":"paint_missing_ratio","label":"ortho paint-missing ratio","contribution":0.7667,"direction":"raises priority"},{"feature":"occlusion_penalty","label":"ortho occlusion","contribution":0.0853,"direction":"raises priority"},{"feature":"stripe_break_ratio","label":"stripe-break ratio","contribution":0.075,"direction":"raises priority"}],"matched_311_complaints":[{"unique_key":"63230055","created_date":"2024-11-27T11:08:16.000","descriptor":"Line/Marking - After Repaving","incident_address":"BUHRE AVENUE","url":"https://data.cityofnewyork.us/resource/erm2-nwe9.json?$select=unique_key,created_date,closed_date,agency,agency_name,complaint_type,descriptor,location_type,incident_address,status,resolution_description&$where=unique_key=%2763230055%27"},{"unique_key":"55009926","created_date":"2022-08-04T16:47:35.000","descriptor":"Line/Marking - Faded","incident_address":"BUHRE AVENUE","url":"https://data.cityofnewyork.us/resource/erm2-nwe9.json?$select=unique_key,created_date,closed_date,agency,agency_name,complaint_type,descriptor,location_type,incident_address,status,resolution_description&$where=unique_key=%2755009926%27"},{"unique_key":"54715223","created_date":"2022-07-07T09:51:41.000","descriptor":"Line/Marking - Faded","incident_address":"CROSBY AVENUE","url":"https://data.cityofnewyork.us/resource/erm2-nwe9.json?$select=unique_key,created_date,closed_date,agency,agency_name,complaint_type,descriptor,location_type,incident_address,status,resolution_description&$where=unique_key=%2754715223%27"}],"google_maps_url":"https://www.google.com/maps?q=40.84700720649153,-73.83227820733852","image_url":"/images/nyc-57363.jpg","thumbnail_url":"/images/nyc-57363-thumb.jpg"}},{"type":"Feature","id":"nyc-17025","geometry":{"type":"Point","coordinates":[-73.94960883809661,40.58353869952953]},"properties":{"id":"nyc-17025","intersection_label":"Emmons Avenue & East 19 Street","borough":"Brooklyn","neighborhood":"Sheepshead Bay-Manhattan Beach-Gerritsen Beach","neighborhood_id":"BK1503","model_score":0.5993,"heuristic_score":46.0,"severity_score":60,"school_zone":false,"pavement_marking_311_count_since_2020":0,"pedestrian_crash_count":1,"image_paint_score":0.5166,"paint_missing_ratio":0.5816,"stripe_break_ratio":0.441,"contrast_score":0.4972,"priority_reason":"Why flagged for remaking in Sheepshead Bay-Manhattan Beach-Gerritsen Beach: ortho paint-missing ratio, stripe-break ratio, ortho occlusion.","top_features":[{"feature":"paint_missing_ratio","label":"ortho paint-missing ratio","contribution":0.5896,"direction":"raises priority"},{"feature":"stripe_break_ratio","label":"stripe-break ratio","contribution":0.4129,"direction":"raises priority"},{"feature":"occlusion_penalty","label":"ortho occlusion","contribution":0.0929,"direction":"raises priority"}],"matched_311_complaints":[],"google_maps_url":"https://www.google.com/maps?q=40.58353869952953,-73.94960883809661","image_url":"/images/nyc-17025.jpg","thumbnail_url":"/images/nyc-17025-thumb.jpg"}},{"type":"Feature","id":"nyc-53421","geometry":{"type":"Point","coordinates":[-73.86737516964057,40.877634418061334]},"properties":{"id":"nyc-53421","intersection_label":"East Gun Hill Road & White Plains Road","borough":"Bronx","neighborhood":"Williamsbridge-Olinville","neighborhood_id":"BX1201","model_score":0.5992,"heuristic_score":44.0,"severity_score":60,"school_zone":false,"pavement_marking_311_count_since_2020":0,"pedestrian_crash_count":2,"image_paint_score":0.5064,"paint_missing_ratio":0.4959,"stripe_break_ratio":0.4602,"contrast_score":0.3889,"priority_reason":"Why flagged for remaking in Williamsbridge-Olinville: ortho paint-missing ratio, stripe-break ratio, marking contrast.","top_features":[{"feature":"paint_missing_ratio","label":"ortho paint-missing ratio","contribution":0.4493,"direction":"raises priority"},{"feature":"stripe_break_ratio","label":"stripe-break ratio","contribution":0.4385,"direction":"raises priority"},{"feature":"contrast_score","label":"marking contrast","contribution":0.087,"direction":"raises priority"}],"matched_311_complaints":[],"google_maps_url":"https://www.google.com/maps?q=40.877634418061334,-73.86737516964057","image_url":"/images/nyc-53421.jpg","thumbnail_url":"/images/nyc-53421-thumb.jpg"}},{"type":"Feature","id":"nyc-48762","geometry":{"type":"Point","coordinates":[-73.89656060639264,40.868565200200514]},"properties":{"id":"nyc-48762","intersection_label":"Jerome Avenue & West 195 Street","borough":"Bronx","neighborhood":"Bedford Park","neighborhood_id":"BX0702","model_score":0.5984,"heuristic_score":43.0,"severity_score":60,"school_zone":true,"pavement_marking_311_count_since_2020":0,"pedestrian_crash_count":1,"image_paint_score":0.426,"paint_missing_ratio":0.6716,"stripe_break_ratio":0.1122,"contrast_score":0.5775,"priority_reason":"Why flagged for remaking in Bedford Park: ortho paint-missing ratio.","top_features":[{"feature":"paint_missing_ratio","label":"ortho paint-missing ratio","contribution":0.7369,"direction":"raises priority"},{"feature":"occlusion_penalty","label":"ortho occlusion","contribution":-0.2087,"direction":"lowers priority"},{"feature":"stripe_break_ratio","label":"stripe-break ratio","contribution":-0.0249,"direction":"lowers priority"}],"matched_311_complaints":[],"google_maps_url":"https://www.google.com/maps?q=40.868565200200514,-73.89656060639264","image_url":"/images/nyc-48762.jpg","thumbnail_url":"/images/nyc-48762-thumb.jpg"}},{"type":"Feature","id":"nyc-61755","geometry":{"type":"Point","coordinates":[-73.75307953322341,40.743761718403455]},"properties":{"id":"nyc-61755","intersection_label":"222 Street & 69 Avenue","borough":"Queens","neighborhood":"Oakland Gardens-Hollis Hills","neighborhood_id":"QN1104","model_score":0.5946,"heuristic_score":51.0,"severity_score":59,"school_zone":false,"pavement_marking_311_count_since_2020":1,"pedestrian_crash_count":0,"image_paint_score":0.5284,"paint_missing_ratio":0.5862,"stripe_break_ratio":0.3718,"contrast_score":0.3278,"priority_reason":"Why flagged for remaking in Oakland Gardens-Hollis Hills: ortho paint-missing ratio, stripe-break ratio, marking contrast.","top_features":[{"feature":"paint_missing_ratio","label":"ortho paint-missing ratio","contribution":0.5971,"direction":"raises priority"},{"feature":"stripe_break_ratio","label":"stripe-break ratio","contribution":0.3208,"direction":"raises priority"},{"feature":"contrast_score","label":"marking contrast","contribution":0.1079,"direction":"raises priority"}],"matched_311_complaints":[{"unique_key":"57780944","created_date":"2023-06-01T19:22:23.000","descriptor":"Line/Marking - After Repaving","incident_address":"222-23 69 AVENUE","url":"https://data.cityofnewyork.us/resource/erm2-nwe9.json?$select=unique_key,created_date,closed_date,agency,agency_name,complaint_type,descriptor,location_type,incident_address,status,resolution_description&$where=unique_key=%2757780944%27"}],"google_maps_url":"https://www.google.com/maps?q=40.743761718403455,-73.75307953322341","image_url":"/images/nyc-61755.jpg","thumbnail_url":"/images/nyc-61755-thumb.jpg"}},{"type":"Feature","id":"nyc-21003","geometry":{"type":"Point","coordinates":[-73.9804235858205,40.73855308686865]},"properties":{"id":"nyc-21003","intersection_label":"2 Avenue & East 24 Street","borough":"Manhattan","neighborhood":"Gramercy","neighborhood_id":"MN0602","model_score":0.5937,"heuristic_score":43.0,"severity_score":59,"school_zone":true,"pavement_marking_311_count_since_2020":0,"pedestrian_crash_count":1,"image_paint_score":0.424,"paint_missing_ratio":0.6702,"stripe_break_ratio":0.0497,"contrast_score":0.4751,"priority_reason":"Why flagged for remaking in Gramercy: ortho paint-missing ratio.","top_features":[{"feature":"paint_missing_ratio","label":"ortho paint-missing ratio","contribution":0.7346,"direction":"raises priority"},{"feature":"occlusion_penalty","label":"ortho occlusion","contribution":-0.2085,"direction":"lowers priority"},{"feature":"stripe_break_ratio","label":"stripe-break ratio","contribution":-0.1081,"direction":"lowers priority"}],"matched_311_complaints":[],"google_maps_url":"https://www.google.com/maps?q=40.73855308686865,-73.9804235858205","image_url":"/images/nyc-21003.jpg","thumbnail_url":"/images/nyc-21003-thumb.jpg"}},{"type":"Feature","id":"nyc-29318","geometry":{"type":"Point","coordinates":[-73.8972416962567,40.677206166760556]},"properties":{"id":"nyc-29318","intersection_label":"Pennsylvania Avenue & Fulton Street","borough":"Brooklyn","neighborhood":"East New York (North)","neighborhood_id":"BK0502","model_score":0.5892,"heuristic_score":49.0,"severity_score":59,"school_zone":false,"pavement_marking_311_count_since_2020":3,"pedestrian_crash_count":7,"image_paint_score":0.45,"paint_missing_ratio":0.5335,"stripe_break_ratio":0.4775,"contrast_score":0.7861,"priority_reason":"Why flagged for remaking in East New York (North): ortho paint-missing ratio, stripe-break ratio.","top_features":[{"feature":"paint_missing_ratio","label":"ortho paint-missing ratio","contribution":0.5109,"direction":"raises priority"},{"feature":"stripe_break_ratio","label":"stripe-break ratio","contribution":0.4615,"direction":"raises priority"},{"feature":"contrast_score","label":"marking contrast","contribution":-0.0492,"direction":"lowers priority"}],"matched_311_complaints":[{"unique_key":"65690098","created_date":"2025-07-28T15:05:32.000","descriptor":"Line/Marking - Faded","incident_address":"35 PENNSYLVANIA AVENUE","url":"https://data.cityofnewyork.us/resource/erm2-nwe9.json?$select=unique_key,created_date,closed_date,agency,agency_name,complaint_type,descriptor,location_type,incident_address,status,resolution_description&$where=unique_key=%2765690098%27"},{"unique_key":"53394904","created_date":"2022-02-17T06:36:32.000","descriptor":"Line/Marking - Faded","incident_address":"FULTON STREET","url":"https://data.cityofnewyork.us/resource/erm2-nwe9.json?$select=unique_key,created_date,closed_date,agency,agency_name,complaint_type,descriptor,location_type,incident_address,status,resolution_description&$where=unique_key=%2753394904%27"},{"unique_key":"52044819","created_date":"2021-09-30T08:04:40.000","descriptor":"Line/Marking - Faded","incident_address":"FULTON STREET","url":"https://data.cityofnewyork.us/resource/erm2-nwe9.json?$select=unique_key,created_date,closed_date,agency,agency_name,complaint_type,descriptor,location_type,incident_address,status,resolution_description&$where=unique_key=%2752044819%27"}],"google_maps_url":"https://www.google.com/maps?q=40.677206166760556,-73.8972416962567","image_url":"/images/nyc-29318.jpg","thumbnail_url":"/images/nyc-29318-thumb.jpg"}},{"type":"Feature","id":"nyc-38206","geometry":{"type":"Point","coordinates":[-73.739117755152,40.60315801989947]},"properties":{"id":"nyc-38206","intersection_label":"Cedar Hill Road & Oak Drive","borough":"Queens","neighborhood":"Far Rockaway-Bayswater","neighborhood_id":"QN1401","model_score":0.588,"heuristic_score":52.0,"severity_score":59,"school_zone":false,"pavement_marking_311_count_since_2020":0,"pedestrian_crash_count":0,"image_paint_score":0.5234,"paint_missing_ratio":0.7814,"stripe_break_ratio":0.1002,"contrast_score":0.3167,"priority_reason":"Why flagged for remaking in Far Rockaway-Bayswater: ortho paint-missing ratio, marking contrast, ortho occlusion.","top_features":[{"feature":"paint_missing_ratio","label":"ortho paint-missing ratio","contribution":0.9167,"direction":"raises priority"},{"feature":"contrast_score","label":"marking contrast","contribution":0.1117,"direction":"raises priority"},{"feature":"occlusion_penalty","label":"ortho occlusion","contribution":0.0748,"direction":"raises priority"}],"matched_311_complaints":[],"google_maps_url":"https://www.google.com/maps?q=40.60315801989947,-73.739117755152","image_url":"/images/nyc-38206.jpg","thumbnail_url":"/images/nyc-38206-thumb.jpg"}},{"type":"Feature","id":"nyc-80302","geometry":{"type":"Point","coordinates":[-73.89363347861347,40.58377743371385]},"properties":{"id":"nyc-80302","intersection_label":"Flatbush Avenue & Aviation Road","borough":"Brooklyn","neighborhood":"Barren Island-Floyd Bennett Field","neighborhood_id":"BK5691","model_score":0.5871,"heuristic_score":45.0,"severity_score":59,"school_zone":false,"pavement_marking_311_count_since_2020":0,"pedestrian_crash_count":0,"image_paint_score":0.5156,"paint_missing_ratio":0.5531,"stripe_break_ratio":0.4891,"contrast_score":0.5222,"priority_reason":"Why flagged for remaking in Barren Island-Floyd Bennett Field: ortho paint-missing ratio, stripe-break ratio, ortho occlusion.","top_features":[{"feature":"paint_missing_ratio","label":"ortho paint-missing ratio","contribution":0.543,"direction":"raises priority"},{"feature":"stripe_break_ratio","label":"stripe-break ratio","contribution":0.477,"direction":"raises priority"},{"feature":"occlusion_penalty","label":"ortho occlusion","contribution":0.0956,"direction":"raises priority"}],"matched_311_complaints":[],"google_maps_url":"https://www.google.com/maps?q=40.58377743371385,-73.89363347861347","image_url":"/images/nyc-80302.jpg","thumbnail_url":"/images/nyc-80302-thumb.jpg"}},{"type":"Feature","id":"nyc-18574","geometry":{"type":"Point","coordinates":[-73.97745722150042,40.68405228675663]},"properties":{"id":"nyc-18574","intersection_label":"Flatbush Avenue & Atlantic Avenue","borough":"Brooklyn","neighborhood":"Park Slope","neighborhood_id":"BK0602","model_score":0.5864,"heuristic_score":47.0,"severity_score":59,"school_zone":false,"pavement_marking_311_count_since_2020":2,"pedestrian_crash_count":16,"image_paint_score":0.4501,"paint_missing_ratio":0.5483,"stripe_break_ratio":0.2891,"contrast_score":0.4889,"priority_reason":"Why flagged for remaking in Park Slope: ortho paint-missing ratio, stripe-break ratio, ortho occlusion.","top_features":[{"feature":"paint_missing_ratio","label":"ortho paint-missing ratio","contribution":0.5351,"direction":"raises priority"},{"feature":"stripe_break_ratio","label":"stripe-break ratio","contribution":0.2107,"direction":"raises priority"},{"feature":"occlusion_penalty","label":"ortho occlusion","contribution":0.1011,"direction":"raises priority"}],"matched_311_complaints":[{"unique_key":"54798597","created_date":"2022-07-15T14:15:31.000","descriptor":"Line/Marking - Faded","incident_address":"ATLANTIC AVENUE","url":"https://data.cityofnewyork.us/resource/erm2-nwe9.json?$select=unique_key,created_date,closed_date,agency,agency_name,complaint_type,descriptor,location_type,incident_address,status,resolution_description&$where=unique_key=%2754798597%27"},{"unique_key":"48076597","created_date":"2020-11-05T09:05:43.000","descriptor":"Line/Marking - Faded","incident_address":"ATLANTIC AVENUE","url":"https://data.cityofnewyork.us/resource/erm2-nwe9.json?$select=unique_key,created_date,closed_date,agency,agency_name,complaint_type,descriptor,location_type,incident_address,status,resolution_description&$where=unique_key=%2748076597%27"}],"google_maps_url":"https://www.google.com/maps?q=40.68405228675663,-73.97745722150042","image_url":"/images/nyc-18574.jpg","thumbnail_url":"/images/nyc-18574-thumb.jpg"}},{"type":"Feature","id":"nyc-59569","geometry":{"type":"Point","coordinates":[-73.77827077539594,40.7579814757428]},"properties":{"id":"nyc-59569","intersection_label":"Northern Boulevard & 205 Street","borough":"Queens","neighborhood":"Auburndale","neighborhood_id":"QN1101","model_score":0.5857,"heuristic_score":62.0,"severity_score":59,"school_zone":false,"pavement_marking_311_count_since_2020":5,"pedestrian_crash_count":1,"image_paint_score":0.5057,"paint_missing_ratio":0.6148,"stripe_break_ratio":0.2353,"contrast_score":0.2667,"priority_reason":"Why flagged for remaking in Auburndale: ortho paint-missing ratio, stripe-break ratio, marking contrast.","top_features":[{"feature":"paint_missing_ratio","label":"ortho paint-missing ratio","contribution":0.644,"direction":"raises priority"},{"feature":"stripe_break_ratio","label":"stripe-break ratio","contribution":0.139,"direction":"raises priority"},{"feature":"contrast_score","label":"marking contrast","contribution":0.1289,"direction":"raises priority"}],"matched_311_complaints":[{"unique_key":"69051452","created_date":"2026-05-19T07:00:45.000","descriptor":"Line/Marking - After Repaving","incident_address":"205-01 NORTHERN BOULEVARD","url":"https://data.cityofnewyork.us/resource/erm2-nwe9.json?$select=unique_key,created_date,closed_date,agency,agency_name,complaint_type,descriptor,location_type,incident_address,status,resolution_description&$where=unique_key=%2769051452%27"},{"unique_key":"61059973","created_date":"2024-05-04T09:32:12.000","descriptor":"Line/Marking - Faded","incident_address":"205 STREET","url":"https://data.cityofnewyork.us/resource/erm2-nwe9.json?$select=unique_key,created_date,closed_date,agency,agency_name,complaint_type,descriptor,location_type,incident_address,status,resolution_description&$where=unique_key=%2761059973%27"},{"unique_key":"59313239","created_date":"2023-11-02T10:54:05.000","descriptor":"Line/Marking - Faded","incident_address":"205 STREET","url":"https://data.cityofnewyork.us/resource/erm2-nwe9.json?$select=unique_key,created_date,closed_date,agency,agency_name,complaint_type,descriptor,location_type,incident_address,status,resolution_description&$where=unique_key=%2759313239%27"}],"google_maps_url":"https://www.google.com/maps?q=40.7579814757428,-73.77827077539594","image_url":"/images/nyc-59569.jpg","thumbnail_url":"/images/nyc-59569-thumb.jpg"}},{"type":"Feature","id":"nyc-41132","geometry":{"type":"Point","coordinates":[-73.91688713712018,40.74278675580542]},"properties":{"id":"nyc-41132","intersection_label":"Queens Boulevard & 48 Street","borough":"Queens","neighborhood":"Sunnyside","neighborhood_id":"QN0202","model_score":0.5855,"heuristic_score":59.0,"severity_score":59,"school_zone":false,"pavement_marking_311_count_since_2020":5,"pedestrian_crash_count":2,"image_paint_score":0.4968,"paint_missing_ratio":0.5414,"stripe_break_ratio":0.3804,"contrast_score":0.4,"priority_reason":"Why flagged for remaking in Sunnyside: ortho paint-missing ratio, stripe-break ratio, marking contrast.","top_features":[{"feature":"paint_missing_ratio","label":"ortho paint-missing ratio","contribution":0.5238,"direction":"raises priority"},{"feature":"stripe_break_ratio","label":"stripe-break ratio","contribution":0.3322,"direction":"raises priority"},{"feature":"contrast_score","label":"marking contrast","contribution":0.0832,"direction":"raises priority"}],"matched_311_complaints":[{"unique_key":"67016267","created_date":"2025-12-01T17:23:52.000","descriptor":"Line/Marking - After Repaving","incident_address":"45-25 48 STREET","url":"https://data.cityofnewyork.us/resource/erm2-nwe9.json?$select=unique_key,created_date,closed_date,agency,agency_name,complaint_type,descriptor,location_type,incident_address,status,resolution_description&$where=unique_key=%2767016267%27"},{"unique_key":"56267376","created_date":"2022-12-15T21:17:27.000","descriptor":"Line/Marking - Faded","incident_address":"45-45 48 STREET","url":"https://data.cityofnewyork.us/resource/erm2-nwe9.json?$select=unique_key,created_date,closed_date,agency,agency_name,complaint_type,descriptor,location_type,incident_address,status,resolution_description&$where=unique_key=%2756267376%27"},{"unique_key":"54182348","created_date":"2022-05-15T16:09:38.000","descriptor":"Line/Marking - After Repaving","incident_address":"45-55 48 STREET","url":"https://data.cityofnewyork.us/resource/erm2-nwe9.json?$select=unique_key,created_date,closed_date,agency,agency_name,complaint_type,descriptor,location_type,incident_address,status,resolution_description&$where=unique_key=%2754182348%27"}],"google_maps_url":"https://www.google.com/maps?q=40.74278675580542,-73.91688713712018","image_url":"/images/nyc-41132.jpg","thumbnail_url":"/images/nyc-41132-thumb.jpg"}},{"type":"Feature","id":"nyc-39008","geometry":{"type":"Point","coordinates":[-73.75058907522012,40.66503763429129]},"properties":{"id":"nyc-39008","intersection_label":"143 Road & 227 Street","borough":"Queens","neighborhood":"Springfield Gardens (South)-Brookville","neighborhood_id":"QN1306","model_score":0.585,"heuristic_score":51.0,"severity_score":58,"school_zone":false,"pavement_marking_311_count_since_2020":1,"pedestrian_crash_count":0,"image_paint_score":0.5182,"paint_missing_ratio":0.6464,"stripe_break_ratio":0.2939,"contrast_score":0.3778,"priority_reason":"Why flagged for remaking in Springfield Gardens (South)-Brookville: ortho paint-missing ratio, stripe-break ratio, marking contrast.","top_features":[{"feature":"paint_missing_ratio","label":"ortho paint-missing ratio","contribution":0.6957,"direction":"raises priority"},{"feature":"stripe_break_ratio","label":"stripe-break ratio","contribution":0.2171,"direction":"raises priority"},{"feature":"contrast_score","label":"marking contrast","contribution":0.0908,"direction":"raises priority"}],"matched_311_complaints":[{"unique_key":"55365181","created_date":"2022-09-10T15:26:39.000","descriptor":"Line/Marking - Faded","incident_address":"227-19 143 ROAD","url":"https://data.cityofnewyork.us/resource/erm2-nwe9.json?$select=unique_key,created_date,closed_date,agency,agency_name,complaint_type,descriptor,location_type,incident_address,status,resolution_description&$where=unique_key=%2755365181%27"}],"google_maps_url":"https://www.google.com/maps?q=40.66503763429129,-73.75058907522012","image_url":"/images/nyc-39008.jpg","thumbnail_url":"/images/nyc-39008-thumb.jpg"}},{"type":"Feature","id":"nyc-14407","geometry":{"type":"Point","coordinates":[-74.00741999865065,40.67522926821729]},"properties":{"id":"nyc-14407","intersection_label":"Columbia Street & Bush Street","borough":"Brooklyn","neighborhood":"Carroll Gardens-Cobble Hill-Gowanus-Red Hook","neighborhood_id":"BK0601","model_score":0.5823,"heuristic_score":49.0,"severity_score":58,"school_zone":false,"pavement_marking_311_count_since_2020":0,"pedestrian_crash_count":0,"image_paint_score":0.5162,"paint_missing_ratio":0.7125,"stripe_break_ratio":0.2367,"contrast_score":0.4361,"priority_reason":"Why flagged for remaking in Carroll Gardens-Cobble Hill-Gowanus-Red Hook: ortho paint-missing ratio, stripe-break ratio, marking contrast.","top_features":[{"feature":"paint_missing_ratio","label":"ortho paint-missing ratio","contribution":0.8039,"direction":"raises priority"},{"feature":"stripe_break_ratio","label":"stripe-break ratio","contribution":0.1409,"direction":"raises priority"},{"feature":"contrast_score","label":"marking contrast","contribution":0.0708,"direction":"raises priority"}],"matched_311_complaints":[],"google_maps_url":"https://www.google.com/maps?q=40.67522926821729,-74.00741999865065","image_url":"/images/nyc-14407.jpg","thumbnail_url":"/images/nyc-14407-thumb.jpg"}},{"type":"Feature","id":"nyc-62767","geometry":{"type":"Point","coordinates":[-73.71370155742878,40.7361601225992]},"properties":{"id":"nyc-62767","intersection_label":"Hillside Avenue & Little Neck Parkway","borough":"Queens","neighborhood":"Bellerose","neighborhood_id":"QN1302","model_score":0.5813,"heuristic_score":61.0,"severity_score":58,"school_zone":false,"pavement_marking_311_count_since_2020":7,"pedestrian_crash_count":2,"image_paint_score":0.4912,"paint_missing_ratio":0.5806,"stripe_break_ratio":0.2396,"contrast_score":0.2694,"priority_reason":"Why flagged for remaking in Bellerose: ortho paint-missing ratio, stripe-break ratio, marking contrast.","top_features":[{"feature":"paint_missing_ratio","label":"ortho paint-missing ratio","contribution":0.588,"direction":"raises priority"},{"feature":"stripe_break_ratio","label":"stripe-break ratio","contribution":0.1448,"direction":"raises priority"},{"feature":"contrast_score","label":"marking contrast","contribution":0.128,"direction":"raises priority"}],"matched_311_complaints":[{"unique_key":"64756981","created_date":"2025-04-25T11:59:45.000","descriptor":"Line/Marking - After Repaving","incident_address":"HILLSIDE AVENUE","url":"https://data.cityofnewyork.us/resource/erm2-nwe9.json?$select=unique_key,created_date,closed_date,agency,agency_name,complaint_type,descriptor,location_type,incident_address,status,resolution_description&$where=unique_key=%2764756981%27"},{"unique_key":"61939383","created_date":"2024-07-27T10:28:15.000","descriptor":"Line/Marking - Faded","incident_address":"HILLSIDE AVENUE","url":"https://data.cityofnewyork.us/resource/erm2-nwe9.json?$select=unique_key,created_date,closed_date,agency,agency_name,complaint_type,descriptor,location_type,incident_address,status,resolution_description&$where=unique_key=%2761939383%27"},{"unique_key":"61719463","created_date":"2024-07-06T14:44:31.000","descriptor":"Line/Marking - After Repaving","incident_address":"HILLSIDE AVENUE","url":"https://data.cityofnewyork.us/resource/erm2-nwe9.json?$select=unique_key,created_date,closed_date,agency,agency_name,complaint_type,descriptor,location_type,incident_address,status,resolution_description&$where=unique_key=%2761719463%27"}],"google_maps_url":"https://www.google.com/maps?q=40.7361601225992,-73.71370155742878","image_url":"/images/nyc-62767.jpg","thumbnail_url":"/images/nyc-62767-thumb.jpg"}},{"type":"Feature","id":"nyc-40715","geometry":{"type":"Point","coordinates":[-73.93470451328977,40.71720882185947]},"properties":{"id":"nyc-40715","intersection_label":"Maspeth Avenue & Vandervoort Avenue","borough":"Brooklyn","neighborhood":"East Williamsburg","neighborhood_id":"BK0104","model_score":0.5805,"heuristic_score":48.0,"severity_score":58,"school_zone":false,"pavement_marking_311_count_since_2020":0,"pedestrian_crash_count":3,"image_paint_score":0.4725,"paint_missing_ratio":0.7277,"stripe_break_ratio":0.0589,"contrast_score":0.3778,"priority_reason":"Why flagged for remaking in East Williamsburg: ortho paint-missing ratio, ortho occlusion.","top_features":[{"feature":"paint_missing_ratio","label":"ortho paint-missing ratio","contribution":0.8288,"direction":"raises priority"},{"feature":"occlusion_penalty","label":"ortho occlusion","contribution":0.1117,"direction":"raises priority"},{"feature":"stripe_break_ratio","label":"stripe-break ratio","contribution":-0.0958,"direction":"lowers priority"}],"matched_311_complaints":[],"google_maps_url":"https://www.google.com/maps?q=40.71720882185947,-73.93470451328977","image_url":"/images/nyc-40715.jpg","thumbnail_url":"/images/nyc-40715-thumb.jpg"}},{"type":"Feature","id":"nyc-51494","geometry":{"type":"Point","coordinates":[-73.83802905487516,40.76633726751639]},"properties":{"id":"nyc-51494","intersection_label":"College Point Boulevard & 32 Avenue","borough":"Queens","neighborhood":"Flushing-Willets Point","neighborhood_id":"QN0707","model_score":0.5803,"heuristic_score":59.0,"severity_score":58,"school_zone":false,"pavement_marking_311_count_since_2020":8,"pedestrian_crash_count":0,"image_paint_score":0.5091,"paint_missing_ratio":0.4974,"stripe_break_ratio":0.5054,"contrast_score":0.4583,"priority_reason":"Why flagged for remaking in Flushing-Willets Point: stripe-break ratio, ortho paint-missing ratio, ortho occlusion.","top_features":[{"feature":"stripe_break_ratio","label":"stripe-break ratio","contribution":0.4987,"direction":"raises priority"},{"feature":"paint_missing_ratio","label":"ortho paint-missing ratio","contribution":0.4518,"direction":"raises priority"},{"feature":"occlusion_penalty","label":"ortho occlusion","contribution":0.1006,"direction":"raises priority"}],"matched_311_complaints":[{"unique_key":"68764523","created_date":"2026-04-23T14:33:09.000","descriptor":"Line/Marking - Faded","incident_address":"32-01 COLLEGE POINT BOULEVARD","url":"https://data.cityofnewyork.us/resource/erm2-nwe9.json?$select=unique_key,created_date,closed_date,agency,agency_name,complaint_type,descriptor,location_type,incident_address,status,resolution_description&$where=unique_key=%2768764523%27"},{"unique_key":"68538375","created_date":"2026-04-02T12:50:14.000","descriptor":"Line/Marking - Faded","incident_address":"32-09 COLLEGE POINT BOULEVARD","url":"https://data.cityofnewyork.us/resource/erm2-nwe9.json?$select=unique_key,created_date,closed_date,agency,agency_name,complaint_type,descriptor,location_type,incident_address,status,resolution_description&$where=unique_key=%2768538375%27"},{"unique_key":"57438786","created_date":"2023-04-27T17:02:41.000","descriptor":"Line/Marking - Faded","incident_address":"32-01 COLLEGE POINT BOULEVARD","url":"https://data.cityofnewyork.us/resource/erm2-nwe9.json?$select=unique_key,created_date,closed_date,agency,agency_name,complaint_type,descriptor,location_type,incident_address,status,resolution_description&$where=unique_key=%2757438786%27"}],"google_maps_url":"https://www.google.com/maps?q=40.76633726751639,-73.83802905487516","image_url":"/images/nyc-51494.jpg","thumbnail_url":"/images/nyc-51494-thumb.jpg"}},{"type":"Feature","id":"nyc-26704","geometry":{"type":"Point","coordinates":[-73.94219628443399,40.66940330422314]},"properties":{"id":"nyc-26704","intersection_label":"Eastern Parkway & Kingston Avenue","borough":"Brooklyn","neighborhood":"Crown Heights (South)","neighborhood_id":"BK0901","model_score":0.579,"heuristic_score":54.0,"severity_score":58,"school_zone":false,"pavement_marking_311_count_since_2020":4,"pedestrian_crash_count":14,"image_paint_score":0.4409,"paint_missing_ratio":0.5901,"stripe_break_ratio":0.2497,"contrast_score":0.5604,"priority_reason":"Why flagged for remaking in Crown Heights (South): ortho paint-missing ratio, stripe-break ratio, ortho occlusion.","top_features":[{"feature":"paint_missing_ratio","label":"ortho paint-missing ratio","contribution":0.6035,"direction":"raises priority"},{"feature":"stripe_break_ratio","label":"stripe-break ratio","contribution":0.1582,"direction":"raises priority"},{"feature":"occlusion_penalty","label":"ortho occlusion","contribution":0.097,"direction":"raises priority"}],"matched_311_complaints":[{"unique_key":"61326855","created_date":"2024-05-31T16:08:18.000","descriptor":"Line/Marking - After Repaving","incident_address":"EASTERN PARKWAY","url":"https://data.cityofnewyork.us/resource/erm2-nwe9.json?$select=unique_key,created_date,closed_date,agency,agency_name,complaint_type,descriptor,location_type,incident_address,status,resolution_description&$where=unique_key=%2761326855%27"},{"unique_key":"51837614","created_date":"2021-09-12T13:10:44.000","descriptor":"Line/Marking - Faded","incident_address":"EASTERN PARKWAY","url":"https://data.cityofnewyork.us/resource/erm2-nwe9.json?$select=unique_key,created_date,closed_date,agency,agency_name,complaint_type,descriptor,location_type,incident_address,status,resolution_description&$where=unique_key=%2751837614%27"},{"unique_key":"51752014","created_date":"2021-09-04T08:41:35.000","descriptor":"Line/Marking - After Repaving","incident_address":"EASTERN PARKWAY","url":"https://data.cityofnewyork.us/resource/erm2-nwe9.json?$select=unique_key,created_date,closed_date,agency,agency_name,complaint_type,descriptor,location_type,incident_address,status,resolution_description&$where=unique_key=%2751752014%27"}],"google_maps_url":"https://www.google.com/maps?q=40.66940330422314,-73.94219628443399","image_url":"/images/nyc-26704.jpg","thumbnail_url":"/images/nyc-26704-thumb.jpg"}},{"type":"Feature","id":"nyc-49609","geometry":{"type":"Point","coordinates":[-73.88124422484935,40.88270963284747]},"properties":{"id":"nyc-49609","intersection_label":"Jerome Avenue & West Gun Hill Road","borough":"Bronx","neighborhood":"Norwood","neighborhood_id":"BX0703","model_score":0.5755,"heuristic_score":39.0,"severity_score":58,"school_zone":false,"pavement_marking_311_count_since_2020":0,"pedestrian_crash_count":9,"image_paint_score":0.4451,"paint_missing_ratio":0.5133,"stripe_break_ratio":0.4227,"contrast_score":0.6694,"priority_reason":"Why flagged for remaking in Norwood: ortho paint-missing ratio, stripe-break ratio.","top_features":[{"feature":"paint_missing_ratio","label":"ortho paint-missing ratio","contribution":0.4778,"direction":"raises priority"},{"feature":"stripe_break_ratio","label":"stripe-break ratio","contribution":0.3886,"direction":"raises priority"},{"feature":"occlusion_penalty","label":"ortho occlusion","contribution":-0.0841,"direction":"lowers priority"}],"matched_311_complaints":[],"google_maps_url":"https://www.google.com/maps?q=40.88270963284747,-73.88124422484935","image_url":"/images/nyc-49609.jpg","thumbnail_url":"/images/nyc-49609-thumb.jpg"}},{"type":"Feature","id":"nyc-62040","geometry":{"type":"Point","coordinates":[-73.74428214750863,40.76535844279953]},"properties":{"id":"nyc-62040","intersection_label":"Northern Boulevard & Douglaston Parkway","borough":"Queens","neighborhood":"Douglaston-Little Neck","neighborhood_id":"QN1103","model_score":0.5667,"heuristic_score":57.0,"severity_score":57,"school_zone":false,"pavement_marking_311_count_since_2020":7,"pedestrian_crash_count":3,"image_paint_score":0.4724,"paint_missing_ratio":0.5048,"stripe_break_ratio":0.353,"contrast_score":0.3917,"priority_reason":"Why flagged for remaking in Douglaston-Little Neck: ortho paint-missing ratio, stripe-break ratio.","top_features":[{"feature":"paint_missing_ratio","label":"ortho paint-missing ratio","contribution":0.4639,"direction":"raises priority"},{"feature":"stripe_break_ratio","label":"stripe-break ratio","contribution":0.2957,"direction":"raises priority"},{"feature":"occlusion_penalty","label":"ortho occlusion","contribution":-0.1466,"direction":"lowers priority"}],"matched_311_complaints":[{"unique_key":"69242042","created_date":"2026-06-04T10:13:47.000","descriptor":"Line/Marking - After Repaving","incident_address":"DOUGLASTON PARKWAY","url":"https://data.cityofnewyork.us/resource/erm2-nwe9.json?$select=unique_key,created_date,closed_date,agency,agency_name,complaint_type,descriptor,location_type,incident_address,status,resolution_description&$where=unique_key=%2769242042%27"},{"unique_key":"68787146","created_date":"2026-04-25T12:27:08.000","descriptor":"Line/Marking - Faded","incident_address":"242-24 NORTHERN BOULEVARD","url":"https://data.cityofnewyork.us/resource/erm2-nwe9.json?$select=unique_key,created_date,closed_date,agency,agency_name,complaint_type,descriptor,location_type,incident_address,status,resolution_description&$where=unique_key=%2768787146%27"},{"unique_key":"68361259","created_date":"2026-03-17T08:03:24.000","descriptor":"Line/Marking - After Repaving","incident_address":"DOUGLASTON PARKWAY","url":"https://data.cityofnewyork.us/resource/erm2-nwe9.json?$select=unique_key,created_date,closed_date,agency,agency_name,complaint_type,descriptor,location_type,incident_address,status,resolution_description&$where=unique_key=%2768361259%27"}],"google_maps_url":"https://www.google.com/maps?q=40.76535844279953,-73.74428214750863","image_url":"/images/nyc-62040.jpg","thumbnail_url":"/images/nyc-62040-thumb.jpg"}},{"type":"Feature","id":"nyc-92023","geometry":{"type":"Point","coordinates":[-73.71353825313423,40.73619912292055]},"properties":{"id":"nyc-92023","intersection_label":"Hillside Avenue & Little Neck Parkway","borough":"Queens","neighborhood":"Glen Oaks-Floral Park-New Hyde Park","neighborhood_id":"QN1301","model_score":0.564,"heuristic_score":56.0,"severity_score":56,"school_zone":false,"pavement_marking_311_count_since_2020":4,"pedestrian_crash_count":0,"image_paint_score":0.4961,"paint_missing_ratio":0.523,"stripe_break_ratio":0.3324,"contrast_score":0.2778,"priority_reason":"Why flagged for remaking in Glen Oaks-Floral Park-New Hyde Park: ortho paint-missing ratio, stripe-break ratio, marking contrast.","top_features":[{"feature":"paint_missing_ratio","label":"ortho paint-missing ratio","contribution":0.4937,"direction":"raises priority"},{"feature":"stripe_break_ratio","label":"stripe-break ratio","contribution":0.2683,"direction":"raises priority"},{"feature":"contrast_score","label":"marking contrast","contribution":0.1251,"direction":"raises priority"}],"matched_311_complaints":[{"unique_key":"60432732","created_date":"2024-02-27T16:59:36.000","descriptor":"Line/Marking - After Repaving","incident_address":"254-02 HILLSIDE AVENUE","url":"https://data.cityofnewyork.us/resource/erm2-nwe9.json?$select=unique_key,created_date,closed_date,agency,agency_name,complaint_type,descriptor,location_type,incident_address,status,resolution_description&$where=unique_key=%2760432732%27"},{"unique_key":"60003243","created_date":"2024-01-12T11:45:41.000","descriptor":"Line/Marking - Faded","incident_address":"254-02 HILLSIDE AVENUE","url":"https://data.cityofnewyork.us/resource/erm2-nwe9.json?$select=unique_key,created_date,closed_date,agency,agency_name,complaint_type,descriptor,location_type,incident_address,status,resolution_description&$where=unique_key=%2760003243%27"},{"unique_key":"59371336","created_date":"2023-11-08T12:31:49.000","descriptor":"Line/Marking - Faded","incident_address":"254-02 HILLSIDE AVENUE","url":"https://data.cityofnewyork.us/resource/erm2-nwe9.json?$select=unique_key,created_date,closed_date,agency,agency_name,complaint_type,descriptor,location_type,incident_address,status,resolution_description&$where=unique_key=%2759371336%27"}],"google_maps_url":"https://www.google.com/maps?q=40.73619912292055,-73.71353825313423","image_url":"/images/nyc-92023.jpg","thumbnail_url":"/images/nyc-92023-thumb.jpg"}},{"type":"Feature","id":"nyc-26474","geometry":{"type":"Point","coordinates":[-73.91708348804393,40.64237187703393]},"properties":{"id":"nyc-26474","intersection_label":"South Market Street & East 83 Street","borough":"Brooklyn","neighborhood":"Canarsie","neighborhood_id":"BK1803","model_score":0.5607,"heuristic_score":43.0,"severity_score":56,"school_zone":false,"pavement_marking_311_count_since_2020":0,"pedestrian_crash_count":1,"image_paint_score":0.4768,"paint_missing_ratio":0.5328,"stripe_break_ratio":0.3439,"contrast_score":0.4167,"priority_reason":"Why flagged for remaking in Canarsie: ortho paint-missing ratio, stripe-break ratio, ortho occlusion.","top_features":[{"feature":"paint_missing_ratio","label":"ortho paint-missing ratio","contribution":0.5097,"direction":"raises priority"},{"feature":"stripe_break_ratio","label":"stripe-break ratio","contribution":0.2836,"direction":"raises priority"},{"feature":"occlusion_penalty","label":"ortho occlusion","contribution":0.0847,"direction":"raises priority"}],"matched_311_complaints":[],"google_maps_url":"https://www.google.com/maps?q=40.64237187703393,-73.91708348804393","image_url":"/images/nyc-26474.jpg","thumbnail_url":"/images/nyc-26474-thumb.jpg"}},{"type":"Feature","id":"nyc-41235","geometry":{"type":"Point","coordinates":[-73.907409972772,40.72720873896494]},"properties":{"id":"nyc-41235","intersection_label":"Maurice Avenue & Borden Avenue","borough":"Queens","neighborhood":"Maspeth","neighborhood_id":"QN0501","model_score":0.5605,"heuristic_score":47.0,"severity_score":56,"school_zone":false,"pavement_marking_311_count_since_2020":2,"pedestrian_crash_count":4,"image_paint_score":0.4352,"paint_missing_ratio":0.5541,"stripe_break_ratio":0.2247,"contrast_score":0.4639,"priority_reason":"Why flagged for remaking in Maspeth: ortho paint-missing ratio, stripe-break ratio, ortho occlusion.","top_features":[{"feature":"paint_missing_ratio","label":"ortho paint-missing ratio","contribution":0.5446,"direction":"raises priority"},{"feature":"stripe_break_ratio","label":"stripe-break ratio","contribution":0.1249,"direction":"raises priority"},{"feature":"occlusion_penalty","label":"ortho occlusion","contribution":0.1134,"direction":"raises priority"}],"matched_311_complaints":[{"unique_key":"66870455","created_date":"2025-11-17T22:19:19.000","descriptor":"Line/Marking - After Repaving","incident_address":"BORDEN AVENUE","url":"https://data.cityofnewyork.us/resource/erm2-nwe9.json?$select=unique_key,created_date,closed_date,agency,agency_name,complaint_type,descriptor,location_type,incident_address,status,resolution_description&$where=unique_key=%2766870455%27"},{"unique_key":"63136703","created_date":"2024-11-19T15:36:39.000","descriptor":"Line/Marking - Faded","incident_address":"BORDEN AVENUE","url":"https://data.cityofnewyork.us/resource/erm2-nwe9.json?$select=unique_key,created_date,closed_date,agency,agency_name,complaint_type,descriptor,location_type,incident_address,status,resolution_description&$where=unique_key=%2763136703%27"}],"google_maps_url":"https://www.google.com/maps?q=40.72720873896494,-73.907409972772","image_url":"/images/nyc-41235.jpg","thumbnail_url":"/images/nyc-41235-thumb.jpg"}},{"type":"Feature","id":"nyc-12739","geometry":{"type":"Point","coordinates":[-74.00070567669735,40.581061842860954]},"properties":{"id":"nyc-12739","intersection_label":"Bay View Avenue & West 33 Street","borough":"Brooklyn","neighborhood":"Coney Island-Sea Gate","neighborhood_id":"BK1302","model_score":0.5526,"heuristic_score":44.0,"severity_score":55,"school_zone":false,"pavement_marking_311_count_since_2020":0,"pedestrian_crash_count":0,"image_paint_score":0.4831,"paint_missing_ratio":0.5293,"stripe_break_ratio":0.2992,"contrast_score":0.299,"priority_reason":"Why flagged for remaking in Coney Island-Sea Gate: ortho paint-missing ratio, stripe-break ratio, marking contrast.","top_features":[{"feature":"paint_missing_ratio","label":"ortho paint-missing ratio","contribution":0.504,"direction":"raises priority"},{"feature":"stripe_break_ratio","label":"stripe-break ratio","contribution":0.2241,"direction":"raises priority"},{"feature":"contrast_score","label":"marking contrast","contribution":0.1178,"direction":"raises priority"}],"matched_311_complaints":[],"google_maps_url":"https://www.google.com/maps?q=40.581061842860954,-74.00070567669735","image_url":"/images/nyc-12739.jpg","thumbnail_url":"/images/nyc-12739-thumb.jpg"}},{"type":"Feature","id":"nyc-56193","geometry":{"type":"Point","coordinates":[-73.82569679369784,40.78169053048604]},"properties":{"id":"nyc-56193","intersection_label":"20 Avenue & Whitestone Expressway","borough":"Queens","neighborhood":"College Point","neighborhood_id":"QN0701","model_score":0.5525,"heuristic_score":55.0,"severity_score":55,"school_zone":false,"pavement_marking_311_count_since_2020":8,"pedestrian_crash_count":3,"image_paint_score":0.4399,"paint_missing_ratio":0.5194,"stripe_break_ratio":0.3098,"contrast_score":0.5111,"priority_reason":"Why flagged for remaking in College Point: ortho paint-missing ratio, stripe-break ratio, ortho occlusion.","top_features":[{"feature":"paint_missing_ratio","label":"ortho paint-missing ratio","contribution":0.4878,"direction":"raises priority"},{"feature":"stripe_break_ratio","label":"stripe-break ratio","contribution":0.2382,"direction":"raises priority"},{"feature":"occlusion_penalty","label":"ortho occlusion","contribution":0.0832,"direction":"raises priority"}],"matched_311_complaints":[{"unique_key":"68636984","created_date":"2026-04-11T15:56:50.000","descriptor":"Line/Marking - Faded","incident_address":"19-02 WHITESTONE EXPRESSWAY","url":"https://data.cityofnewyork.us/resource/erm2-nwe9.json?$select=unique_key,created_date,closed_date,agency,agency_name,complaint_type,descriptor,location_type,incident_address,status,resolution_description&$where=unique_key=%2768636984%27"},{"unique_key":"68220288","created_date":"2026-03-05T16:20:35.000","descriptor":"Line/Marking - Faded","incident_address":"142-02 20 AVENUE","url":"https://data.cityofnewyork.us/resource/erm2-nwe9.json?$select=unique_key,created_date,closed_date,agency,agency_name,complaint_type,descriptor,location_type,incident_address,status,resolution_description&$where=unique_key=%2768220288%27"},{"unique_key":"67292428","created_date":"2025-12-25T14:13:35.000","descriptor":"Line/Marking - Faded","incident_address":"141-93 20 AVENUE","url":"https://data.cityofnewyork.us/resource/erm2-nwe9.json?$select=unique_key,created_date,closed_date,agency,agency_name,complaint_type,descriptor,location_type,incident_address,status,resolution_description&$where=unique_key=%2767292428%27"}],"google_maps_url":"https://www.google.com/maps?q=40.78169053048604,-73.82569679369784","image_url":"/images/nyc-56193.jpg","thumbnail_url":"/images/nyc-56193-thumb.jpg"}},{"type":"Feature","id":"nyc-48899","geometry":{"type":"Point","coordinates":[-73.8913802342096,40.861700588004034]},"properties":{"id":"nyc-48899","intersection_label":"Webster Avenue & East Fordham Road","borough":"Bronx","neighborhood":"Belmont","neighborhood_id":"BX0603","model_score":0.5492,"heuristic_score":42.0,"severity_score":55,"school_zone":false,"pavement_marking_311_count_since_2020":1,"pedestrian_crash_count":38,"image_paint_score":0.4271,"paint_missing_ratio":0.5035,"stripe_break_ratio":0.2728,"contrast_score":0.475,"priority_reason":"Why flagged for remaking in Belmont: ortho paint-missing ratio, stripe-break ratio.","top_features":[{"feature":"paint_missing_ratio","label":"ortho paint-missing ratio","contribution":0.4618,"direction":"raises priority"},{"feature":"stripe_break_ratio","label":"stripe-break ratio","contribution":0.189,"direction":"raises priority"},{"feature":"occlusion_penalty","label":"ortho occlusion","contribution":-0.151,"direction":"lowers priority"}],"matched_311_complaints":[{"unique_key":"56233220","created_date":"2022-12-12T13:34:03.000","descriptor":"Line/Marking - Faded","incident_address":"EAST FORDHAM ROAD","url":"https://data.cityofnewyork.us/resource/erm2-nwe9.json?$select=unique_key,created_date,closed_date,agency,agency_name,complaint_type,descriptor,location_type,incident_address,status,resolution_description&$where=unique_key=%2756233220%27"}],"google_maps_url":"https://www.google.com/maps?q=40.861700588004034,-73.8913802342096","image_url":"/images/nyc-48899.jpg","thumbnail_url":"/images/nyc-48899-thumb.jpg"}},{"type":"Feature","id":"nyc-20526","geometry":{"type":"Point","coordinates":[-73.9978858575607,40.7293104425142]},"properties":{"id":"nyc-20526","intersection_label":"La Guardia Place & West 3 Street","borough":"Manhattan","neighborhood":"Greenwich Village","neighborhood_id":"MN0202","model_score":0.547,"heuristic_score":55.0,"severity_score":55,"school_zone":false,"pavement_marking_311_count_since_2020":3,"pedestrian_crash_count":2,"image_paint_score":0.4679,"paint_missing_ratio":0.6725,"stripe_break_ratio":0.1444,"contrast_score":0.4263,"priority_reason":"Why flagged for remaking in Greenwich Village: ortho paint-missing ratio, marking contrast.","top_features":[{"feature":"paint_missing_ratio","label":"ortho paint-missing ratio","contribution":0.7384,"direction":"raises priority"},{"feature":"occlusion_penalty","label":"ortho occlusion","contribution":-0.2039,"direction":"lowers priority"},{"feature":"contrast_score","label":"marking contrast","contribution":0.0742,"direction":"raises priority"}],"matched_311_complaints":[{"unique_key":"64831383","created_date":"2025-05-02T10:31:00.000","descriptor":"Line/Marking - After Repaving","incident_address":"1 WASHINGTON SQUARE VILLAGE","url":"https://data.cityofnewyork.us/resource/erm2-nwe9.json?$select=unique_key,created_date,closed_date,agency,agency_name,complaint_type,descriptor,location_type,incident_address,status,resolution_description&$where=unique_key=%2764831383%27"},{"unique_key":"45770804","created_date":"2020-03-06T23:36:42.000","descriptor":"Line/Marking - Faded","incident_address":"1 WASHINGTON SQUARE VILLAGE","url":"https://data.cityofnewyork.us/resource/erm2-nwe9.json?$select=unique_key,created_date,closed_date,agency,agency_name,complaint_type,descriptor,location_type,incident_address,status,resolution_description&$where=unique_key=%2745770804%27"},{"unique_key":"45472488","created_date":"2020-01-25T13:37:52.000","descriptor":"Line/Marking - Faded","incident_address":"1 WASHINGTON SQUARE VILLAGE","url":"https://data.cityofnewyork.us/resource/erm2-nwe9.json?$select=unique_key,created_date,closed_date,agency,agency_name,complaint_type,descriptor,location_type,incident_address,status,resolution_description&$where=unique_key=%2745472488%27"}],"google_maps_url":"https://www.google.com/maps?q=40.7293104425142,-73.9978858575607","image_url":"/images/nyc-20526.jpg","thumbnail_url":"/images/nyc-20526-thumb.jpg"}},{"type":"Feature","id":"nyc-42738","geometry":{"type":"Point","coordinates":[-73.92880617198514,40.80989909383111]},"properties":{"id":"nyc-42738","intersection_label":"3 Avenue & East 136 Street","borough":"Bronx","neighborhood":"Mott Haven-Port Morris","neighborhood_id":"BX0101","model_score":0.5422,"heuristic_score":42.0,"severity_score":54,"school_zone":false,"pavement_marking_311_count_since_2020":0,"pedestrian_crash_count":0,"image_paint_score":0.466,"paint_missing_ratio":0.543,"stripe_break_ratio":0.3064,"contrast_score":0.4278,"priority_reason":"Why flagged for remaking in Mott Haven-Port Morris: ortho paint-missing ratio, stripe-break ratio, ortho occlusion.","top_features":[{"feature":"paint_missing_ratio","label":"ortho paint-missing ratio","contribution":0.5264,"direction":"raises priority"},{"feature":"stripe_break_ratio","label":"stripe-break ratio","contribution":0.2337,"direction":"raises priority"},{"feature":"occlusion_penalty","label":"ortho occlusion","contribution":0.1456,"direction":"raises priority"}],"matched_311_complaints":[],"google_maps_url":"https://www.google.com/maps?q=40.80989909383111,-73.92880617198514","image_url":"/images/nyc-42738.jpg","thumbnail_url":"/images/nyc-42738-thumb.jpg"}},{"type":"Feature","id":"nyc-8080","geometry":{"type":"Point","coordinates":[-74.09974044111014,40.5802078178748]},"properties":{"id":"nyc-8080","intersection_label":"Hylan Boulevard & Adams Avenue","borough":"Staten Island","neighborhood":"New Dorp-Midland Beach","neighborhood_id":"SI0202","model_score":0.54,"heuristic_score":56.0,"severity_score":54,"school_zone":false,"pavement_marking_311_count_since_2020":3,"pedestrian_crash_count":0,"image_paint_score":0.4698,"paint_missing_ratio":0.7002,"stripe_break_ratio":0.0911,"contrast_score":0.3861,"priority_reason":"Why flagged for remaking in New Dorp-Midland Beach: ortho paint-missing ratio, marking contrast, ortho occlusion.","top_features":[{"feature":"paint_missing_ratio","label":"ortho paint-missing ratio","contribution":0.7837,"direction":"raises priority"},{"feature":"contrast_score","label":"marking contrast","contribution":0.0879,"direction":"raises priority"},{"feature":"occlusion_penalty","label":"ortho occlusion","contribution":0.0714,"direction":"raises priority"}],"matched_311_complaints":[{"unique_key":"61815266","created_date":"2024-07-15T14:12:57.000","descriptor":"Line/Marking - After Repaving","incident_address":"2042 HYLAN BOULEVARD","url":"https://data.cityofnewyork.us/resource/erm2-nwe9.json?$select=unique_key,created_date,closed_date,agency,agency_name,complaint_type,descriptor,location_type,incident_address,status,resolution_description&$where=unique_key=%2761815266%27"},{"unique_key":"51369690","created_date":"2021-07-29T18:50:12.000","descriptor":"Line/Marking - Faded","incident_address":"ADAMS AVENUE","url":"https://data.cityofnewyork.us/resource/erm2-nwe9.json?$select=unique_key,created_date,closed_date,agency,agency_name,complaint_type,descriptor,location_type,incident_address,status,resolution_description&$where=unique_key=%2751369690%27"},{"unique_key":"50562077","created_date":"2021-05-14T14:14:51.000","descriptor":"Line/Marking - Faded","incident_address":"ADAMS AVENUE","url":"https://data.cityofnewyork.us/resource/erm2-nwe9.json?$select=unique_key,created_date,closed_date,agency,agency_name,complaint_type,descriptor,location_type,incident_address,status,resolution_description&$where=unique_key=%2750562077%27"}],"google_maps_url":"https://www.google.com/maps?q=40.5802078178748,-74.09974044111014","image_url":"/images/nyc-8080.jpg","thumbnail_url":"/images/nyc-8080-thumb.jpg"}},{"type":"Feature","id":"nyc-14609","geometry":{"type":"Point","coordinates":[-73.99784075305087,40.66404477133999]},"properties":{"id":"nyc-14609","intersection_label":"21 Street & 3 Avenue","borough":"Brooklyn","neighborhood":"Sunset Park (West)","neighborhood_id":"BK0702","model_score":0.5373,"heuristic_score":47.0,"severity_score":54,"school_zone":false,"pavement_marking_311_count_since_2020":0,"pedestrian_crash_count":0,"image_paint_score":0.4811,"paint_missing_ratio":0.6842,"stripe_break_ratio":0.1617,"contrast_score":0.4167,"priority_reason":"Why flagged for remaking in Sunset Park (West): ortho paint-missing ratio, marking contrast.","top_features":[{"feature":"paint_missing_ratio","label":"ortho paint-missing ratio","contribution":0.7576,"direction":"raises priority"},{"feature":"occlusion_penalty","label":"ortho occlusion","contribution":-0.1723,"direction":"lowers priority"},{"feature":"contrast_score","label":"marking contrast","contribution":0.0774,"direction":"raises priority"}],"matched_311_complaints":[],"google_maps_url":"https://www.google.com/maps?q=40.66404477133999,-73.99784075305087","image_url":"/images/nyc-14609.jpg","thumbnail_url":"/images/nyc-14609-thumb.jpg"}},{"type":"Feature","id":"nyc-11295","geometry":{"type":"Point","coordinates":[-74.07617948760189,40.63656179774939]},"properties":{"id":"nyc-11295","intersection_label":"Bay Street & Minthorne Street","borough":"Staten Island","neighborhood":"Tompkinsville-Stapleton-Clifton-Fox Hills","neighborhood_id":"SI0102","model_score":0.5356,"heuristic_score":44.0,"severity_score":54,"school_zone":false,"pavement_marking_311_count_since_2020":3,"pedestrian_crash_count":3,"image_paint_score":0.4229,"paint_missing_ratio":0.3132,"stripe_break_ratio":0.4516,"contrast_score":0.3806,"priority_reason":"Why flagged for remaking in Tompkinsville-Stapleton-Clifton-Fox Hills: stripe-break ratio, ortho paint-missing ratio, ortho occlusion.","top_features":[{"feature":"stripe_break_ratio","label":"stripe-break ratio","contribution":0.427,"direction":"raises priority"},{"feature":"paint_missing_ratio","label":"ortho paint-missing ratio","contribution":0.1503,"direction":"raises priority"},{"feature":"occlusion_penalty","label":"ortho occlusion","contribution":0.107,"direction":"raises priority"}],"matched_311_complaints":[{"unique_key":"68767454","created_date":"2026-04-23T09:43:42.000","descriptor":"Line/Marking - After Repaving","incident_address":"216 BAY STREET","url":"https://data.cityofnewyork.us/resource/erm2-nwe9.json?$select=unique_key,created_date,closed_date,agency,agency_name,complaint_type,descriptor,location_type,incident_address,status,resolution_description&$where=unique_key=%2768767454%27"},{"unique_key":"64251629","created_date":"2025-03-04T09:19:57.000","descriptor":"Line/Marking - After Repaving","incident_address":"216 BAY STREET","url":"https://data.cityofnewyork.us/resource/erm2-nwe9.json?$select=unique_key,created_date,closed_date,agency,agency_name,complaint_type,descriptor,location_type,incident_address,status,resolution_description&$where=unique_key=%2764251629%27"},{"unique_key":"59189240","created_date":"2023-10-22T16:02:08.000","descriptor":"Line/Marking - Faded","incident_address":"220 BAY STREET","url":"https://data.cityofnewyork.us/resource/erm2-nwe9.json?$select=unique_key,created_date,closed_date,agency,agency_name,complaint_type,descriptor,location_type,incident_address,status,resolution_description&$where=unique_key=%2759189240%27"}],"google_maps_url":"https://www.google.com/maps?q=40.63656179774939,-74.07617948760189","image_url":"/images/nyc-11295.jpg","thumbnail_url":"/images/nyc-11295-thumb.jpg"}},{"type":"Feature","id":"nyc-59687","geometry":{"type":"Point","coordinates":[-73.77556968773324,40.7586814057619]},"properties":{"id":"nyc-59687","intersection_label":"Northern Boulevard & 208 Street","borough":"Queens","neighborhood":"Bayside","neighborhood_id":"QN1102","model_score":0.5327,"heuristic_score":42.0,"severity_score":53,"school_zone":false,"pavement_marking_311_count_since_2020":1,"pedestrian_crash_count":1,"image_paint_score":0.445,"paint_missing_ratio":0.4651,"stripe_break_ratio":0.4482,"contrast_score":0.6056,"priority_reason":"Why flagged for remaking in Bayside: stripe-break ratio, ortho paint-missing ratio, ortho occlusion.","top_features":[{"feature":"stripe_break_ratio","label":"stripe-break ratio","contribution":0.4225,"direction":"raises priority"},{"feature":"paint_missing_ratio","label":"ortho paint-missing ratio","contribution":0.3989,"direction":"raises priority"},{"feature":"occlusion_penalty","label":"ortho occlusion","contribution":0.0291,"direction":"raises priority"}],"matched_311_complaints":[{"unique_key":"55391377","created_date":"2022-09-13T10:47:53.000","descriptor":"Line/Marking - After Repaving","incident_address":"207-26 NORTHERN BOULEVARD","url":"https://data.cityofnewyork.us/resource/erm2-nwe9.json?$select=unique_key,created_date,closed_date,agency,agency_name,complaint_type,descriptor,location_type,incident_address,status,resolution_description&$where=unique_key=%2755391377%27"}],"google_maps_url":"https://www.google.com/maps?q=40.7586814057619,-73.77556968773324","image_url":"/images/nyc-59687.jpg","thumbnail_url":"/images/nyc-59687-thumb.jpg"}},{"type":"Feature","id":"nyc-9059285","geometry":{"type":"Point","coordinates":[-73.82055409375975,40.86200556103362]},"properties":{"id":"nyc-9059285","intersection_label":"Erskine Place & Co-op City Sect 5 Ped Path","borough":"Bronx","neighborhood":"Co-op City","neighborhood_id":"BX1004","model_score":0.5316,"heuristic_score":47.0,"severity_score":53,"school_zone":false,"pavement_marking_311_count_since_2020":0,"pedestrian_crash_count":0,"image_paint_score":0.4602,"paint_missing_ratio":0.7363,"stripe_break_ratio":0.0,"contrast_score":0.3556,"priority_reason":"Why flagged for remaking in Co-op City: ortho paint-missing ratio, marking contrast.","top_features":[{"feature":"paint_missing_ratio","label":"ortho paint-missing ratio","contribution":0.8428,"direction":"raises priority"},{"feature":"stripe_break_ratio","label":"stripe-break ratio","contribution":-0.1743,"direction":"lowers priority"},{"feature":"contrast_score","label":"marking contrast","contribution":0.0984,"direction":"raises priority"}],"matched_311_complaints":[],"google_maps_url":"https://www.google.com/maps?q=40.86200556103362,-73.82055409375975","image_url":"/images/nyc-9059285.jpg","thumbnail_url":"/images/nyc-9059285-thumb.jpg"}},{"type":"Feature","id":"nyc-55132","geometry":{"type":"Point","coordinates":[-73.81289042367713,40.730225851587456]},"properties":{"id":"nyc-55132","intersection_label":"156 Street & 71 Avenue","borough":"Queens","neighborhood":"Pomonok-Electchester-Hillcrest","neighborhood_id":"QN0802","model_score":0.5285,"heuristic_score":37.0,"severity_score":53,"school_zone":false,"pavement_marking_311_count_since_2020":0,"pedestrian_crash_count":1,"image_paint_score":0.4385,"paint_missing_ratio":0.4191,"stripe_break_ratio":0.4362,"contrast_score":0.5139,"priority_reason":"Why flagged for remaking in Pomonok-Electchester-Hillcrest: stripe-break ratio, ortho paint-missing ratio, ortho occlusion.","top_features":[{"feature":"stripe_break_ratio","label":"stripe-break ratio","contribution":0.4065,"direction":"raises priority"},{"feature":"paint_missing_ratio","label":"ortho paint-missing ratio","contribution":0.3236,"direction":"raises priority"},{"feature":"occlusion_penalty","label":"ortho occlusion","contribution":0.0972,"direction":"raises priority"}],"matched_311_complaints":[],"google_maps_url":"https://www.google.com/maps?q=40.730225851587456,-73.81289042367713","image_url":"/images/nyc-55132.jpg","thumbnail_url":"/images/nyc-55132-thumb.jpg"}},{"type":"Feature","id":"nyc-27790","geometry":{"type":"Point","coordinates":[-73.92454381862687,40.71398916589074]},"properties":{"id":"nyc-27790","intersection_label":"Metropolitan Avenue & Scott Avenue","borough":"Brooklyn","neighborhood":"East Williamsburg","neighborhood_id":"BK0104","model_score":0.5271,"heuristic_score":39.0,"severity_score":53,"school_zone":false,"pavement_marking_311_count_since_2020":0,"pedestrian_crash_count":0,"image_paint_score":0.45,"paint_missing_ratio":0.4393,"stripe_break_ratio":0.4352,"contrast_score":0.5,"priority_reason":"Why flagged for remaking in East Williamsburg: stripe-break ratio, ortho paint-missing ratio, ortho occlusion.","top_features":[{"feature":"stripe_break_ratio","label":"stripe-break ratio","contribution":0.4052,"direction":"raises priority"},{"feature":"paint_missing_ratio","label":"ortho paint-missing ratio","contribution":0.3567,"direction":"raises priority"},{"feature":"occlusion_penalty","label":"ortho occlusion","contribution":0.1026,"direction":"raises priority"}],"matched_311_complaints":[],"google_maps_url":"https://www.google.com/maps?q=40.71398916589074,-73.92454381862687","image_url":"/images/nyc-27790.jpg","thumbnail_url":"/images/nyc-27790-thumb.jpg"}},{"type":"Feature","id":"nyc-29251","geometry":{"type":"Point","coordinates":[-73.89984847593567,40.67922231515759]},"properties":{"id":"nyc-29251","intersection_label":"Bushwick Avenue & Highland Boulevard","borough":"Brooklyn","neighborhood":"Cypress Hills","neighborhood_id":"BK0501","model_score":0.5266,"heuristic_score":53.0,"severity_score":53,"school_zone":false,"pavement_marking_311_count_since_2020":4,"pedestrian_crash_count":0,"image_paint_score":0.451,"paint_missing_ratio":0.5452,"stripe_break_ratio":0.3828,"contrast_score":0.6417,"priority_reason":"Why flagged for remaking in Cypress Hills: ortho paint-missing ratio, stripe-break ratio, ortho occlusion.","top_features":[{"feature":"paint_missing_ratio","label":"ortho paint-missing ratio","contribution":0.53,"direction":"raises priority"},{"feature":"stripe_break_ratio","label":"stripe-break ratio","contribution":0.3354,"direction":"raises priority"},{"feature":"occlusion_penalty","label":"ortho occlusion","contribution":0.0262,"direction":"raises priority"}],"matched_311_complaints":[{"unique_key":"68906815","created_date":"2026-05-06T21:33:22.000","descriptor":"Line/Marking - After Repaving","incident_address":"32 HIGHLAND BOULEVARD","url":"https://data.cityofnewyork.us/resource/erm2-nwe9.json?$select=unique_key,created_date,closed_date,agency,agency_name,complaint_type,descriptor,location_type,incident_address,status,resolution_description&$where=unique_key=%2768906815%27"},{"unique_key":"66826428","created_date":"2025-11-13T13:50:22.000","descriptor":"Line/Marking - Faded","incident_address":"32 HIGHLAND BOULEVARD","url":"https://data.cityofnewyork.us/resource/erm2-nwe9.json?$select=unique_key,created_date,closed_date,agency,agency_name,complaint_type,descriptor,location_type,incident_address,status,resolution_description&$where=unique_key=%2766826428%27"},{"unique_key":"66335153","created_date":"2025-10-01T17:55:24.000","descriptor":"Line/Marking - Faded","incident_address":"32 HIGHLAND BOULEVARD","url":"https://data.cityofnewyork.us/resource/erm2-nwe9.json?$select=unique_key,created_date,closed_date,agency,agency_name,complaint_type,descriptor,location_type,incident_address,status,resolution_description&$where=unique_key=%2766335153%27"}],"google_maps_url":"https://www.google.com/maps?q=40.67922231515759,-73.89984847593567","image_url":"/images/nyc-29251.jpg","thumbnail_url":"/images/nyc-29251-thumb.jpg"}},{"type":"Feature","id":"nyc-16394","geometry":{"type":"Point","coordinates":[-73.97495784050882,40.57892171320333]},"properties":{"id":"nyc-16394","intersection_label":"Sheepshead Bay Road & West 6 Street","borough":"Brooklyn","neighborhood":"Coney Island-Sea Gate","neighborhood_id":"BK1302","model_score":0.5257,"heuristic_score":60.0,"severity_score":53,"school_zone":false,"pavement_marking_311_count_since_2020":4,"pedestrian_crash_count":1,"image_paint_score":0.4573,"paint_missing_ratio":0.7884,"stripe_break_ratio":0.0,"contrast_score":0.4874,"priority_reason":"Why flagged for remaking in Coney Island-Sea Gate: ortho paint-missing ratio.","top_features":[{"feature":"paint_missing_ratio","label":"ortho paint-missing ratio","contribution":0.9281,"direction":"raises priority"},{"feature":"occlusion_penalty","label":"ortho occlusion","contribution":-0.2076,"direction":"lowers priority"},{"feature":"stripe_break_ratio","label":"stripe-break ratio","contribution":-0.1743,"direction":"lowers priority"}],"matched_311_complaints":[{"unique_key":"60765582","created_date":"2024-04-03T17:19:04.000","descriptor":"Line/Marking - After Repaving","incident_address":"626 SHEEPSHEAD BAY ROAD","url":"https://data.cityofnewyork.us/resource/erm2-nwe9.json?$select=unique_key,created_date,closed_date,agency,agency_name,complaint_type,descriptor,location_type,incident_address,status,resolution_description&$where=unique_key=%2760765582%27"},{"unique_key":"60303274","created_date":"2024-02-12T15:42:28.000","descriptor":"Line/Marking - After Repaving","incident_address":"626 SHEEPSHEAD BAY ROAD","url":"https://data.cityofnewyork.us/resource/erm2-nwe9.json?$select=unique_key,created_date,closed_date,agency,agency_name,complaint_type,descriptor,location_type,incident_address,status,resolution_description&$where=unique_key=%2760303274%27"},{"unique_key":"60283782","created_date":"2024-02-09T12:49:07.000","descriptor":"Line/Marking - After Repaving","incident_address":"626 SHEEPSHEAD BAY ROAD","url":"https://data.cityofnewyork.us/resource/erm2-nwe9.json?$select=unique_key,created_date,closed_date,agency,agency_name,complaint_type,descriptor,location_type,incident_address,status,resolution_description&$where=unique_key=%2760283782%27"}],"google_maps_url":"https://www.google.com/maps?q=40.57892171320333,-73.97495784050882","image_url":"/images/nyc-16394.jpg","thumbnail_url":"/images/nyc-16394-thumb.jpg"}},{"type":"Feature","id":"nyc-3558","geometry":{"type":"Point","coordinates":[-74.16077758502018,40.585045371043215]},"properties":{"id":"nyc-3558","intersection_label":"Richmond Hill Road & Rockne Street","borough":"Staten Island","neighborhood":"New Springville-Willowbrook-Bulls Head-Travis","neighborhood_id":"SI0204","model_score":0.5199,"heuristic_score":50.0,"severity_score":52,"school_zone":false,"pavement_marking_311_count_since_2020":8,"pedestrian_crash_count":1,"image_paint_score":0.4331,"paint_missing_ratio":0.2927,"stripe_break_ratio":0.4991,"contrast_score":0.3667,"priority_reason":"Why flagged for remaking in New Springville-Willowbrook-Bulls Head-Travis: stripe-break ratio, ortho paint-missing ratio, marking contrast.","top_features":[{"feature":"stripe_break_ratio","label":"stripe-break ratio","contribution":0.4903,"direction":"raises priority"},{"feature":"paint_missing_ratio","label":"ortho paint-missing ratio","contribution":0.1167,"direction":"raises priority"},{"feature":"contrast_score","label":"marking contrast","contribution":0.0946,"direction":"raises priority"}],"matched_311_complaints":[{"unique_key":"59441380","created_date":"2023-11-15T16:25:03.000","descriptor":"Line/Marking - Faded","incident_address":"251 RICHMOND HILL ROAD","url":"https://data.cityofnewyork.us/resource/erm2-nwe9.json?$select=unique_key,created_date,closed_date,agency,agency_name,complaint_type,descriptor,location_type,incident_address,status,resolution_description&$where=unique_key=%2759441380%27"},{"unique_key":"59269037","created_date":"2023-10-30T06:28:54.000","descriptor":"Line/Marking - Faded","incident_address":"226 RICHMOND HILL ROAD","url":"https://data.cityofnewyork.us/resource/erm2-nwe9.json?$select=unique_key,created_date,closed_date,agency,agency_name,complaint_type,descriptor,location_type,incident_address,status,resolution_description&$where=unique_key=%2759269037%27"},{"unique_key":"59184086","created_date":"2023-10-21T06:39:15.000","descriptor":"Line/Marking - Faded","incident_address":"226 RICHMOND HILL ROAD","url":"https://data.cityofnewyork.us/resource/erm2-nwe9.json?$select=unique_key,created_date,closed_date,agency,agency_name,complaint_type,descriptor,location_type,incident_address,status,resolution_description&$where=unique_key=%2759184086%27"}],"google_maps_url":"https://www.google.com/maps?q=40.585045371043215,-74.16077758502018","image_url":"/images/nyc-3558.jpg","thumbnail_url":"/images/nyc-3558-thumb.jpg"}},{"type":"Feature","id":"nyc-26492","geometry":{"type":"Point","coordinates":[-73.9152489599638,40.64504101026247]},"properties":{"id":"nyc-26492","intersection_label":"North Market Street & East 87 Street","borough":"Brooklyn","neighborhood":"Canarsie","neighborhood_id":"BK1803","model_score":0.5186,"heuristic_score":45.0,"severity_score":52,"school_zone":false,"pavement_marking_311_count_since_2020":0,"pedestrian_crash_count":0,"image_paint_score":0.4488,"paint_missing_ratio":0.6429,"stripe_break_ratio":0.0478,"contrast_score":0.2861,"priority_reason":"Why flagged for remaking in Canarsie: ortho paint-missing ratio, marking contrast.","top_features":[{"feature":"paint_missing_ratio","label":"ortho paint-missing ratio","contribution":0.6899,"direction":"raises priority"},{"feature":"contrast_score","label":"marking contrast","contribution":0.1222,"direction":"raises priority"},{"feature":"stripe_break_ratio","label":"stripe-break ratio","contribution":-0.1106,"direction":"lowers priority"}],"matched_311_complaints":[],"google_maps_url":"https://www.google.com/maps?q=40.64504101026247,-73.9152489599638","image_url":"/images/nyc-26492.jpg","thumbnail_url":"/images/nyc-26492-thumb.jpg"}},{"type":"Feature","id":"nyc-51161","geometry":{"type":"Point","coordinates":[-73.84942886575222,40.750137715784994]},"properties":{"id":"nyc-51161","intersection_label":"Meridian Road & Shea Road","borough":"Queens","neighborhood":"Flushing Meadows-Corona Park","neighborhood_id":"QN8191","model_score":0.5179,"heuristic_score":54.0,"severity_score":52,"school_zone":false,"pavement_marking_311_count_since_2020":3,"pedestrian_crash_count":0,"image_paint_score":0.4454,"paint_missing_ratio":0.7033,"stripe_break_ratio":0.0,"contrast_score":0.3556,"priority_reason":"Why flagged for remaking in Flushing Meadows-Corona Park: ortho paint-missing ratio, marking contrast.","top_features":[{"feature":"paint_missing_ratio","label":"ortho paint-missing ratio","contribution":0.7888,"direction":"raises priority"},{"feature":"stripe_break_ratio","label":"stripe-break ratio","contribution":-0.1743,"direction":"lowers priority"},{"feature":"contrast_score","label":"marking contrast","contribution":0.0984,"direction":"raises priority"}],"matched_311_complaints":[{"unique_key":"63556131","created_date":"2024-12-29T18:44:26.000","descriptor":"Line/Marking - After Repaving","incident_address":"MERIDIAN ROAD","url":"https://data.cityofnewyork.us/resource/erm2-nwe9.json?$select=unique_key,created_date,closed_date,agency,agency_name,complaint_type,descriptor,location_type,incident_address,status,resolution_description&$where=unique_key=%2763556131%27"},{"unique_key":"63314923","created_date":"2024-12-06T10:09:41.000","descriptor":"Line/Marking - After Repaving","incident_address":"MERIDIAN ROAD","url":"https://data.cityofnewyork.us/resource/erm2-nwe9.json?$select=unique_key,created_date,closed_date,agency,agency_name,complaint_type,descriptor,location_type,incident_address,status,resolution_description&$where=unique_key=%2763314923%27"},{"unique_key":"56859990","created_date":"2023-02-21T18:31:46.000","descriptor":"Line/Marking - Faded","incident_address":"MERIDIAN ROAD","url":"https://data.cityofnewyork.us/resource/erm2-nwe9.json?$select=unique_key,created_date,closed_date,agency,agency_name,complaint_type,descriptor,location_type,incident_address,status,resolution_description&$where=unique_key=%2756859990%27"}],"google_maps_url":"https://www.google.com/maps?q=40.750137715784994,-73.84942886575222","image_url":"/images/nyc-51161.jpg","thumbnail_url":"/images/nyc-51161-thumb.jpg"}},{"type":"Feature","id":"nyc-61708","geometry":{"type":"Point","coordinates":[-73.75678646412229,40.74357439344832]},"properties":{"id":"nyc-61708","intersection_label":"68 Avenue & John F Kennedy Circle","borough":"Queens","neighborhood":"Oakland Gardens-Hollis Hills","neighborhood_id":"QN1104","model_score":0.5169,"heuristic_score":45.0,"severity_score":52,"school_zone":false,"pavement_marking_311_count_since_2020":0,"pedestrian_crash_count":0,"image_paint_score":0.4437,"paint_missing_ratio":0.7139,"stripe_break_ratio":0.0055,"contrast_score":0.3972,"priority_reason":"Why flagged for remaking in Oakland Gardens-Hollis Hills: ortho paint-missing ratio, ortho occlusion.","top_features":[{"feature":"paint_missing_ratio","label":"ortho paint-missing ratio","contribution":0.8062,"direction":"raises priority"},{"feature":"stripe_break_ratio","label":"stripe-break ratio","contribution":-0.1669,"direction":"lowers priority"},{"feature":"occlusion_penalty","label":"ortho occlusion","contribution":0.0914,"direction":"raises priority"}],"matched_311_complaints":[],"google_maps_url":"https://www.google.com/maps?q=40.74357439344832,-73.75678646412229","image_url":"/images/nyc-61708.jpg","thumbnail_url":"/images/nyc-61708-thumb.jpg"}},{"type":"Feature","id":"nyc-36466","geometry":{"type":"Point","coordinates":[-73.78193652335843,40.66886818679882]},"properties":{"id":"nyc-36466","intersection_label":"Rockaway Boulevard & 136 Avenue","borough":"Queens","neighborhood":"Springfield Gardens (North)-Rochdale Village","neighborhood_id":"QN1204","model_score":0.5164,"heuristic_score":40.0,"severity_score":52,"school_zone":false,"pavement_marking_311_count_since_2020":1,"pedestrian_crash_count":0,"image_paint_score":0.4371,"paint_missing_ratio":0.3938,"stripe_break_ratio":0.4934,"contrast_score":0.5639,"priority_reason":"Why flagged for remaking in Springfield Gardens (North)-Rochdale Village: stripe-break ratio, ortho paint-missing ratio, ortho occlusion.","top_features":[{"feature":"stripe_break_ratio","label":"stripe-break ratio","contribution":0.4827,"direction":"raises priority"},{"feature":"paint_missing_ratio","label":"ortho paint-missing ratio","contribution":0.2822,"direction":"raises priority"},{"feature":"occlusion_penalty","label":"ortho occlusion","contribution":0.0972,"direction":"raises priority"}],"matched_311_complaints":[{"unique_key":"56042388","created_date":"2022-11-20T21:27:17.000","descriptor":"Line/Marking - After Repaving","incident_address":"153-76 ROCKAWAY BOULEVARD","url":"https://data.cityofnewyork.us/resource/erm2-nwe9.json?$select=unique_key,created_date,closed_date,agency,agency_name,complaint_type,descriptor,location_type,incident_address,status,resolution_description&$where=unique_key=%2756042388%27"}],"google_maps_url":"https://www.google.com/maps?q=40.66886818679882,-73.78193652335843","image_url":"/images/nyc-36466.jpg","thumbnail_url":"/images/nyc-36466-thumb.jpg"}},{"type":"Feature","id":"nyc-15044","geometry":{"type":"Point","coordinates":[-73.97957870069357,40.66085324158184]},"properties":{"id":"nyc-15044","intersection_label":"Prospect Park West & Prospect Park Southwest","borough":"Brooklyn","neighborhood":"Windsor Terrace-South Slope","neighborhood_id":"BK0701","model_score":0.5161,"heuristic_score":52.0,"severity_score":52,"school_zone":false,"pavement_marking_311_count_since_2020":8,"pedestrian_crash_count":0,"image_paint_score":0.4452,"paint_missing_ratio":0.3871,"stripe_break_ratio":0.479,"contrast_score":0.4833,"priority_reason":"Why flagged for remaking in Windsor Terrace-South Slope: stripe-break ratio, ortho paint-missing ratio, marking contrast.","top_features":[{"feature":"stripe_break_ratio","label":"stripe-break ratio","contribution":0.4635,"direction":"raises priority"},{"feature":"paint_missing_ratio","label":"ortho paint-missing ratio","contribution":0.2712,"direction":"raises priority"},{"feature":"contrast_score","label":"marking contrast","contribution":0.0546,"direction":"raises priority"}],"matched_311_complaints":[{"unique_key":"61170571","created_date":"2024-05-16T11:06:35.000","descriptor":"Line/Marking - Faded","incident_address":"BARTEL PRITCHARD SQUARE","url":"https://data.cityofnewyork.us/resource/erm2-nwe9.json?$select=unique_key,created_date,closed_date,agency,agency_name,complaint_type,descriptor,location_type,incident_address,status,resolution_description&$where=unique_key=%2761170571%27"},{"unique_key":"61156111","created_date":"2024-05-14T22:15:13.000","descriptor":"Line/Marking - Faded","incident_address":"BARTEL PRITCHARD SQUARE","url":"https://data.cityofnewyork.us/resource/erm2-nwe9.json?$select=unique_key,created_date,closed_date,agency,agency_name,complaint_type,descriptor,location_type,incident_address,status,resolution_description&$where=unique_key=%2761156111%27"},{"unique_key":"61150451","created_date":"2024-05-14T21:10:20.000","descriptor":"Line/Marking - Faded","incident_address":"BARTEL PRITCHARD SQUARE","url":"https://data.cityofnewyork.us/resource/erm2-nwe9.json?$select=unique_key,created_date,closed_date,agency,agency_name,complaint_type,descriptor,location_type,incident_address,status,resolution_description&$where=unique_key=%2761150451%27"}],"google_maps_url":"https://www.google.com/maps?q=40.66085324158184,-73.97957870069357","image_url":"/images/nyc-15044.jpg","thumbnail_url":"/images/nyc-15044-thumb.jpg"}},{"type":"Feature","id":"nyc-9149","geometry":{"type":"Point","coordinates":[-74.09296570998725,40.63118373253676]},"properties":{"id":"nyc-9149","intersection_label":"Haven Esplanade & Forest Avenue","borough":"Staten Island","neighborhood":"West New Brighton-Silver Lake-Grymes Hill","neighborhood_id":"SI0104","model_score":0.5129,"heuristic_score":42.0,"severity_score":51,"school_zone":false,"pavement_marking_311_count_since_2020":1,"pedestrian_crash_count":0,"image_paint_score":0.4374,"paint_missing_ratio":0.4654,"stripe_break_ratio":0.3131,"contrast_score":0.4083,"priority_reason":"Why flagged for remaking in West New Brighton-Silver Lake-Grymes Hill: ortho paint-missing ratio, stripe-break ratio, ortho occlusion.","top_features":[{"feature":"paint_missing_ratio","label":"ortho paint-missing ratio","contribution":0.3994,"direction":"raises priority"},{"feature":"stripe_break_ratio","label":"stripe-break ratio","contribution":0.2426,"direction":"raises priority"},{"feature":"occlusion_penalty","label":"ortho occlusion","contribution":0.1005,"direction":"raises priority"}],"matched_311_complaints":[{"unique_key":"58023613","created_date":"2023-06-27T18:49:39.000","descriptor":"Line/Marking - Faded","incident_address":"FOREST AVENUE","url":"https://data.cityofnewyork.us/resource/erm2-nwe9.json?$select=unique_key,created_date,closed_date,agency,agency_name,complaint_type,descriptor,location_type,incident_address,status,resolution_description&$where=unique_key=%2758023613%27"}],"google_maps_url":"https://www.google.com/maps?q=40.63118373253676,-74.09296570998725","image_url":"/images/nyc-9149.jpg","thumbnail_url":"/images/nyc-9149-thumb.jpg"}},{"type":"Feature","id":"nyc-9007068","geometry":{"type":"Point","coordinates":[-73.82517965145632,40.87245947805869]},"properties":{"id":"nyc-9007068","intersection_label":"Bellamy Loop & Co-op City Sect 4 Ped Path","borough":"Bronx","neighborhood":"Co-op City","neighborhood_id":"BX1004","model_score":0.5122,"heuristic_score":56.0,"severity_score":51,"school_zone":false,"pavement_marking_311_count_since_2020":5,"pedestrian_crash_count":0,"image_paint_score":0.4431,"paint_missing_ratio":0.6508,"stripe_break_ratio":0.3896,"contrast_score":0.9306,"priority_reason":"Why flagged for remaking in Co-op City: ortho paint-missing ratio, stripe-break ratio.","top_features":[{"feature":"paint_missing_ratio","label":"ortho paint-missing ratio","contribution":0.7029,"direction":"raises priority"},{"feature":"stripe_break_ratio","label":"stripe-break ratio","contribution":0.3445,"direction":"raises priority"},{"feature":"occlusion_penalty","label":"ortho occlusion","contribution":-0.2072,"direction":"lowers priority"}],"matched_311_complaints":[{"unique_key":"58327398","created_date":"2023-07-27T20:58:16.000","descriptor":"Line/Marking - After Repaving","incident_address":"100 BELLAMY LOOP","url":"https://data.cityofnewyork.us/resource/erm2-nwe9.json?$select=unique_key,created_date,closed_date,agency,agency_name,complaint_type,descriptor,location_type,incident_address,status,resolution_description&$where=unique_key=%2758327398%27"},{"unique_key":"57890396","created_date":"2023-06-13T19:56:29.000","descriptor":"Line/Marking - After Repaving","incident_address":"100 BELLAMY LOOP","url":"https://data.cityofnewyork.us/resource/erm2-nwe9.json?$select=unique_key,created_date,closed_date,agency,agency_name,complaint_type,descriptor,location_type,incident_address,status,resolution_description&$where=unique_key=%2757890396%27"},{"unique_key":"57371548","created_date":"2023-04-20T14:57:34.000","descriptor":"Line/Marking - After Repaving","incident_address":"100 BELLAMY LOOP","url":"https://data.cityofnewyork.us/resource/erm2-nwe9.json?$select=unique_key,created_date,closed_date,agency,agency_name,complaint_type,descriptor,location_type,incident_address,status,resolution_description&$where=unique_key=%2757371548%27"}],"google_maps_url":"https://www.google.com/maps?q=40.87245947805869,-73.82517965145632","image_url":"/images/nyc-9007068.jpg","thumbnail_url":"/images/nyc-9007068-thumb.jpg"}},{"type":"Feature","id":"nyc-56148","geometry":{"type":"Point","coordinates":[-73.82895640477217,40.78968166921654]},"properties":{"id":"nyc-56148","intersection_label":"Center Drive & Boulevard","borough":"Queens","neighborhood":"College Point","neighborhood_id":"QN0701","model_score":0.5085,"heuristic_score":44.0,"severity_score":51,"school_zone":false,"pavement_marking_311_count_since_2020":0,"pedestrian_crash_count":0,"image_paint_score":0.4362,"paint_missing_ratio":0.6631,"stripe_break_ratio":0.0,"contrast_score":0.3111,"priority_reason":"Why flagged for remaking in College Point: ortho paint-missing ratio, marking contrast.","top_features":[{"feature":"paint_missing_ratio","label":"ortho paint-missing ratio","contribution":0.723,"direction":"raises priority"},{"feature":"stripe_break_ratio","label":"stripe-break ratio","contribution":-0.1743,"direction":"lowers priority"},{"feature":"contrast_score","label":"marking contrast","contribution":0.1137,"direction":"raises priority"}],"matched_311_complaints":[],"google_maps_url":"https://www.google.com/maps?q=40.78968166921654,-73.82895640477217","image_url":"/images/nyc-56148.jpg","thumbnail_url":"/images/nyc-56148-thumb.jpg"}},{"type":"Feature","id":"nyc-62988","geometry":{"type":"Point","coordinates":[-73.72012208796139,40.75883067821398]},"properties":{"id":"nyc-62988","intersection_label":"Grand Central Parkway & 262 Street","borough":"Queens","neighborhood":"Douglaston-Little Neck","neighborhood_id":"QN1103","model_score":0.4986,"heuristic_score":45.0,"severity_score":50,"school_zone":false,"pavement_marking_311_count_since_2020":1,"pedestrian_crash_count":0,"image_paint_score":0.4289,"paint_missing_ratio":0.5679,"stripe_break_ratio":0.0492,"contrast_score":0.2194,"priority_reason":"Why flagged for remaking in Douglaston-Little Neck: ortho paint-missing ratio, marking contrast.","top_features":[{"feature":"paint_missing_ratio","label":"ortho paint-missing ratio","contribution":0.5672,"direction":"raises priority"},{"feature":"contrast_score","label":"marking contrast","contribution":0.1451,"direction":"raises priority"},{"feature":"stripe_break_ratio","label":"stripe-break ratio","contribution":-0.1088,"direction":"lowers priority"}],"matched_311_complaints":[{"unique_key":"68983855","created_date":"2026-05-13T12:11:10.000","descriptor":"Line/Marking - After Repaving","incident_address":"61 AVENUE","url":"https://data.cityofnewyork.us/resource/erm2-nwe9.json?$select=unique_key,created_date,closed_date,agency,agency_name,complaint_type,descriptor,location_type,incident_address,status,resolution_description&$where=unique_key=%2768983855%27"}],"google_maps_url":"https://www.google.com/maps?q=40.75883067821398,-73.72012208796139","image_url":"/images/nyc-62988.jpg","thumbnail_url":"/images/nyc-62988-thumb.jpg"}},{"type":"Feature","id":"nyc-37549","geometry":{"type":"Point","coordinates":[-73.77489255521088,40.69354021733004]},"properties":{"id":"nyc-37549","intersection_label":"Murdock Avenue & 175 Place","borough":"Queens","neighborhood":"St. Albans","neighborhood_id":"QN1205","model_score":0.4983,"heuristic_score":39.0,"severity_score":50,"school_zone":false,"pavement_marking_311_count_since_2020":0,"pedestrian_crash_count":0,"image_paint_score":0.4207,"paint_missing_ratio":0.5326,"stripe_break_ratio":0.2204,"contrast_score":0.4806,"priority_reason":"Why flagged for remaking in St. Albans: ortho paint-missing ratio, stripe-break ratio, ortho occlusion.","top_features":[{"feature":"paint_missing_ratio","label":"ortho paint-missing ratio","contribution":0.5094,"direction":"raises priority"},{"feature":"stripe_break_ratio","label":"stripe-break ratio","contribution":0.1192,"direction":"raises priority"},{"feature":"occlusion_penalty","label":"ortho occlusion","contribution":0.0961,"direction":"raises priority"}],"matched_311_complaints":[],"google_maps_url":"https://www.google.com/maps?q=40.69354021733004,-73.77489255521088","image_url":"/images/nyc-37549.jpg","thumbnail_url":"/images/nyc-37549-thumb.jpg"}},{"type":"Feature","id":"nyc-51737","geometry":{"type":"Point","coordinates":[-73.84642965034591,40.794368146023615]},"properties":{"id":"nyc-51737","intersection_label":"Cove Court & Capstan Court","borough":"Queens","neighborhood":"College Point","neighborhood_id":"QN0701","model_score":0.4965,"heuristic_score":39.0,"severity_score":50,"school_zone":false,"pavement_marking_311_count_since_2020":0,"pedestrian_crash_count":0,"image_paint_score":0.4203,"paint_missing_ratio":0.5161,"stripe_break_ratio":0.2247,"contrast_score":0.4528,"priority_reason":"Why flagged for remaking in College Point: ortho paint-missing ratio, stripe-break ratio, ortho occlusion.","top_features":[{"feature":"paint_missing_ratio","label":"ortho paint-missing ratio","contribution":0.4824,"direction":"raises priority"},{"feature":"stripe_break_ratio","label":"stripe-break ratio","contribution":0.1249,"direction":"raises priority"},{"feature":"occlusion_penalty","label":"ortho occlusion","contribution":0.0823,"direction":"raises priority"}],"matched_311_complaints":[],"google_maps_url":"https://www.google.com/maps?q=40.794368146023615,-73.84642965034591","image_url":"/images/nyc-51737.jpg","thumbnail_url":"/images/nyc-51737-thumb.jpg"}},{"type":"Feature","id":"nyc-42617","geometry":{"type":"Point","coordinates":[-73.93528598380665,40.82173054873542]},"properties":{"id":"nyc-42617","intersection_label":"Esplanade Gardens Plaza & West 147 Street","borough":"Manhattan","neighborhood":"Harlem (North)","neighborhood_id":"MN1002","model_score":0.4948,"heuristic_score":45.0,"severity_score":49,"school_zone":false,"pavement_marking_311_count_since_2020":0,"pedestrian_crash_count":0,"image_paint_score":0.4384,"paint_missing_ratio":0.7312,"stripe_break_ratio":0.0,"contrast_score":0.4531,"priority_reason":"Why flagged for remaking in Harlem (North): ortho paint-missing ratio.","top_features":[{"feature":"paint_missing_ratio","label":"ortho paint-missing ratio","contribution":0.8345,"direction":"raises priority"},{"feature":"occlusion_penalty","label":"ortho occlusion","contribution":-0.2087,"direction":"lowers priority"},{"feature":"stripe_break_ratio","label":"stripe-break ratio","contribution":-0.1743,"direction":"lowers priority"}],"matched_311_complaints":[],"google_maps_url":"https://www.google.com/maps?q=40.82173054873542,-73.93528598380665","image_url":"/images/nyc-42617.jpg","thumbnail_url":"/images/nyc-42617-thumb.jpg"}}]}